/* SPDX-License-Identifier: (LGPL-2.1 OR BSD-2-Clause) */

/* THIS FILE IS AUTOGENERATED BY BPFTOOL! */
#ifndef __XDP_PROG_BPF_SKEL_H__
#define __XDP_PROG_BPF_SKEL_H__

#include <errno.h>
#include <stdlib.h>
#include <bpf/libbpf.h>

#define BPF_SKEL_SUPPORTS_MAP_AUTO_ATTACH 1

struct xdp_prog_bpf {
	struct bpf_object_skeleton *skeleton;
	struct bpf_object *obj;
	struct {
		struct bpf_map *network_ringbuffer;
		struct bpf_map *map_nat_table;
		struct bpf_map *map_interface_info;
		struct bpf_map *map_wan_idx;
		struct bpf_map *map_local_ips;
		struct bpf_map *rodata;
	} maps;
	struct {
		struct bpf_program *xdp_packet_handler;
	} progs;
	struct {
		struct bpf_link *xdp_packet_handler;
	} links;

#ifdef __cplusplus
	static inline struct xdp_prog_bpf *open(const struct bpf_object_open_opts *opts = nullptr);
	static inline struct xdp_prog_bpf *open_and_load();
	static inline int load(struct xdp_prog_bpf *skel);
	static inline int attach(struct xdp_prog_bpf *skel);
	static inline void detach(struct xdp_prog_bpf *skel);
	static inline void destroy(struct xdp_prog_bpf *skel);
	static inline const void *elf_bytes(size_t *sz);
#endif /* __cplusplus */
};

static void
xdp_prog_bpf__destroy(struct xdp_prog_bpf *obj)
{
	if (!obj)
		return;
	if (obj->skeleton)
		bpf_object__destroy_skeleton(obj->skeleton);
	free(obj);
}

static inline int
xdp_prog_bpf__create_skeleton(struct xdp_prog_bpf *obj);

static inline struct xdp_prog_bpf *
xdp_prog_bpf__open_opts(const struct bpf_object_open_opts *opts)
{
	struct xdp_prog_bpf *obj;
	int err;

	obj = (struct xdp_prog_bpf *)calloc(1, sizeof(*obj));
	if (!obj) {
		errno = ENOMEM;
		return NULL;
	}

	err = xdp_prog_bpf__create_skeleton(obj);
	if (err)
		goto err_out;

	err = bpf_object__open_skeleton(obj->skeleton, opts);
	if (err)
		goto err_out;

	return obj;
err_out:
	xdp_prog_bpf__destroy(obj);
	errno = -err;
	return NULL;
}

static inline struct xdp_prog_bpf *
xdp_prog_bpf__open(void)
{
	return xdp_prog_bpf__open_opts(NULL);
}

static inline int
xdp_prog_bpf__load(struct xdp_prog_bpf *obj)
{
	return bpf_object__load_skeleton(obj->skeleton);
}

static inline struct xdp_prog_bpf *
xdp_prog_bpf__open_and_load(void)
{
	struct xdp_prog_bpf *obj;
	int err;

	obj = xdp_prog_bpf__open();
	if (!obj)
		return NULL;
	err = xdp_prog_bpf__load(obj);
	if (err) {
		xdp_prog_bpf__destroy(obj);
		errno = -err;
		return NULL;
	}
	return obj;
}

static inline int
xdp_prog_bpf__attach(struct xdp_prog_bpf *obj)
{
	return bpf_object__attach_skeleton(obj->skeleton);
}

static inline void
xdp_prog_bpf__detach(struct xdp_prog_bpf *obj)
{
	bpf_object__detach_skeleton(obj->skeleton);
}

static inline const void *xdp_prog_bpf__elf_bytes(size_t *sz);

static inline int
xdp_prog_bpf__create_skeleton(struct xdp_prog_bpf *obj)
{
	struct bpf_object_skeleton *s;
	struct bpf_map_skeleton *map __attribute__((unused));
	int err;

	s = (struct bpf_object_skeleton *)calloc(1, sizeof(*s));
	if (!s)	{
		err = -ENOMEM;
		goto err;
	}

	s->sz = sizeof(*s);
	s->name = "xdp_prog_bpf";
	s->obj = &obj->obj;

	/* maps */
	s->map_cnt = 6;
	s->map_skel_sz = 24;
	s->maps = (struct bpf_map_skeleton *)calloc(s->map_cnt,
			sizeof(*s->maps) > 24 ? sizeof(*s->maps) : 24);
	if (!s->maps) {
		err = -ENOMEM;
		goto err;
	}

	map = (struct bpf_map_skeleton *)((char *)s->maps + 0 * s->map_skel_sz);
	map->name = "network_ringbuffer";
	map->map = &obj->maps.network_ringbuffer;

	map = (struct bpf_map_skeleton *)((char *)s->maps + 1 * s->map_skel_sz);
	map->name = "map_nat_table";
	map->map = &obj->maps.map_nat_table;

	map = (struct bpf_map_skeleton *)((char *)s->maps + 2 * s->map_skel_sz);
	map->name = "map_interface_info";
	map->map = &obj->maps.map_interface_info;

	map = (struct bpf_map_skeleton *)((char *)s->maps + 3 * s->map_skel_sz);
	map->name = "map_wan_idx";
	map->map = &obj->maps.map_wan_idx;

	map = (struct bpf_map_skeleton *)((char *)s->maps + 4 * s->map_skel_sz);
	map->name = "map_local_ips";
	map->map = &obj->maps.map_local_ips;

	map = (struct bpf_map_skeleton *)((char *)s->maps + 5 * s->map_skel_sz);
	map->name = "xdp_prog.rodata";
	map->map = &obj->maps.rodata;

	/* programs */
	s->prog_cnt = 1;
	s->prog_skel_sz = sizeof(*s->progs);
	s->progs = (struct bpf_prog_skeleton *)calloc(s->prog_cnt, s->prog_skel_sz);
	if (!s->progs) {
		err = -ENOMEM;
		goto err;
	}

	s->progs[0].name = "xdp_packet_handler";
	s->progs[0].prog = &obj->progs.xdp_packet_handler;
	s->progs[0].link = &obj->links.xdp_packet_handler;

	s->data = xdp_prog_bpf__elf_bytes(&s->data_sz);

	obj->skeleton = s;
	return 0;
err:
	bpf_object__destroy_skeleton(s);
	return err;
}

static inline const void *xdp_prog_bpf__elf_bytes(size_t *sz)
{
	static const char data[] __attribute__((__aligned__(8))) = "\
\x7f\x45\x4c\x46\x02\x01\x01\0\0\0\0\0\0\0\0\0\x01\0\xf7\0\x01\0\0\0\0\0\0\0\0\
\0\0\0\0\0\0\0\0\0\0\0\x38\x61\x03\0\0\0\0\0\0\0\0\0\x40\0\0\0\0\0\x40\0\x1d\0\
\x01\0\xb4\x03\0\0\x02\0\0\0\x61\x18\0\0\0\0\0\0\x61\x17\x04\0\0\0\0\0\xbc\x79\
\0\0\0\0\0\0\x1e\x89\xe2\x4e\0\0\0\0\xbf\x86\0\0\0\0\0\0\x07\x06\0\0\x0e\0\0\0\
\x2d\x76\xdf\x4e\0\0\0\0\x61\x12\x0c\0\0\0\0\0\x63\x2a\xd8\xff\0\0\0\0\xbf\xa2\
\0\0\0\0\0\0\x07\x02\0\0\xd8\xff\xff\xff\x7b\x1a\xd0\xff\0\0\0\0\x18\x01\0\0\0\
\0\0\0\0\0\0\0\0\0\0\0\x85\0\0\0\x01\0\0\0\xb4\x03\0\0\x02\0\0\0\x15\0\xd5\x4e\
\0\0\0\0\x69\x81\x0c\0\0\0\0\0\x56\x01\xd3\x4e\x08\0\0\0\xbf\x81\0\0\0\0\0\0\
\x07\x01\0\0\x22\0\0\0\x2d\x71\xd0\x4e\0\0\0\0\x71\x61\0\0\0\0\0\0\x54\x01\0\0\
\x0f\0\0\0\xa6\x01\xcd\x4e\x05\0\0\0\x71\x62\0\0\0\0\0\0\x67\x02\0\0\x02\0\0\0\
\x57\x02\0\0\x3c\0\0\0\xbf\x61\0\0\0\0\0\0\x0f\x21\0\0\0\0\0\0\x2d\x71\xc7\x4e\
\0\0\0\0\x71\x62\x09\0\0\0\0\0\x56\x02\x0b\0\x06\0\0\0\xbf\x12\0\0\0\0\0\0\x07\
\x02\0\0\x14\0\0\0\x2d\x72\xc2\x4e\0\0\0\0\x7b\x7a\xc8\xff\0\0\0\0\xbf\x67\0\0\
\0\0\0\0\xbc\x96\0\0\0\0\0\0\x69\x12\x02\0\0\0\0\0\x7b\x2a\xb8\xff\0\0\0\0\x69\
\x11\0\0\0\0\0\0\x7b\x1a\xc0\xff\0\0\0\0\x05\0\x25\0\0\0\0\0\x71\x62\x09\0\0\0\
\0\0\x56\x02\x0b\0\x11\0\0\0\xbf\x12\0\0\0\0\0\0\x07\x02\0\0\x08\0\0\0\x2d\x72\
\xb5\x4e\0\0\0\0\x7b\x7a\xc8\xff\0\0\0\0\xbf\x67\0\0\0\0\0\0\xbc\x96\0\0\0\0\0\
\0\x69\x12\x02\0\0\0\0\0\x7b\x2a\xb8\xff\0\0\0\0\x69\x11\0\0\0\0\0\0\x7b\x1a\
\xc0\xff\0\0\0\0\x05\0\x18\0\0\0\0\0\x71\x62\x09\0\0\0\0\0\x56\x02\xab\x4e\x01\
\0\0\0\xbf\x12\0\0\0\0\0\0\x07\x02\0\0\x08\0\0\0\x2d\x72\xa8\x4e\0\0\0\0\x71\
\x12\0\0\0\0\0\0\x56\x02\x08\0\x08\0\0\0\x7b\x7a\xc8\xff\0\0\0\0\xbf\x67\0\0\0\
\0\0\0\xbc\x96\0\0\0\0\0\0\xb4\x02\0\0\0\0\0\0\x7b\x2a\xb8\xff\0\0\0\0\x69\x11\
\x04\0\0\0\0\0\x7b\x1a\xc0\xff\0\0\0\0\x05\0\x09\0\0\0\0\0\x71\x12\0\0\0\0\0\0\
\x56\x02\x9c\x4e\0\0\0\0\x7b\x7a\xc8\xff\0\0\0\0\xbf\x67\0\0\0\0\0\0\xbc\x96\0\
\0\0\0\0\0\xb4\x02\0\0\0\0\0\0\x7b\x2a\xc0\xff\0\0\0\0\x69\x11\x04\0\0\0\0\0\
\x7b\x1a\xb8\xff\0\0\0\0\x71\x09\x13\0\0\0\0\0\x18\x01\0\0\0\0\0\0\0\0\0\0\0\0\
\0\0\xb7\x02\0\0\xd1\x23\0\0\xb7\x03\0\0\0\0\0\0\x85\0\0\0\x83\0\0\0\x55\0\x05\
\0\0\0\0\0\x18\x01\0\0\0\0\0\0\0\0\0\0\0\0\0\0\xb4\x02\0\0\x29\0\0\0\x85\0\0\0\
\x06\0\0\0\x05\0\x88\x4e\0\0\0\0\x1c\x86\0\0\0\0\0\0\x7b\x0a\x98\xff\0\0\0\0\
\xbf\x04\0\0\0\0\0\0\x79\xa1\xd0\xff\0\0\0\0\x61\x11\x0c\0\0\0\0\0\xb4\x02\0\0\
\x04\0\0\0\x73\x24\x08\0\0\0\0\0\xbc\x62\0\0\0\0\0\0\x74\x02\0\0\x18\0\0\0\x73\
\x24\x07\0\0\0\0\0\xbc\x62\0\0\0\0\0\0\x74\x02\0\0\x10\0\0\0\x73\x24\x06\0\0\0\
\0\0\xbc\x62\0\0\0\0\0\0\x74\x02\0\0\x08\0\0\0\x73\x24\x05\0\0\0\0\0\x63\x6a\
\xa0\xff\0\0\0\0\x73\x64\x04\0\0\0\0\0\xbc\x12\0\0\0\0\0\0\x74\x02\0\0\x18\0\0\
\0\x73\x24\x03\0\0\0\0\0\xbc\x12\0\0\0\0\0\0\x74\x02\0\0\x10\0\0\0\x73\x24\x02\
\0\0\0\0\0\x73\x14\0\0\0\0\0\0\x74\x01\0\0\x08\0\0\0\x73\x14\x01\0\0\0\0\0\xb4\
\x01\0\0\0\0\0\0\x73\x14\x0b\0\0\0\0\0\x73\x14\x0a\0\0\0\0\0\x73\x14\x09\0\0\0\
\0\0\x71\x72\x09\0\0\0\0\0\xbc\x90\0\0\0\0\0\0\x73\x94\x2c\0\0\0\0\0\x73\x24\
\x0c\0\0\0\0\0\x73\x14\x0f\0\0\0\0\0\x73\x14\x0e\0\0\0\0\0\x73\x14\x0d\0\0\0\0\
\0\xb7\x02\0\0\x06\0\0\0\xbf\x83\0\0\0\0\0\0\x0f\x23\0\0\0\0\0\0\x71\x32\x05\0\
\0\0\0\0\x73\x24\x15\0\0\0\0\0\x71\x32\x02\0\0\0\0\0\x73\x24\x12\0\0\0\0\0\x71\
\x32\x03\0\0\0\0\0\x73\x24\x13\0\0\0\0\0\x71\x32\x01\0\0\0\0\0\x73\x24\x11\0\0\
\0\0\0\x71\x82\x06\0\0\0\0\0\x73\x24\x10\0\0\0\0\0\x71\x32\x04\0\0\0\0\0\x73\
\x24\x14\0\0\0\0\0\xb7\x02\0\0\0\0\0\0\xbf\x83\0\0\0\0\0\0\x0f\x23\0\0\0\0\0\0\
\x71\x32\x04\0\0\0\0\0\x73\x24\x1a\0\0\0\0\0\x71\x32\x05\0\0\0\0\0\x73\x24\x1b\
\0\0\0\0\0\x71\x32\x02\0\0\0\0\0\x73\x24\x18\0\0\0\0\0\x71\x32\x03\0\0\0\0\0\
\x73\x24\x19\0\0\0\0\0\x71\x82\0\0\0\0\0\0\x73\x24\x16\0\0\0\0\0\x71\x32\x01\0\
\0\0\0\0\x73\x24\x17\0\0\0\0\0\x61\x72\x0c\0\0\0\0\0\xbc\x23\0\0\0\0\0\0\x74\
\x03\0\0\x10\0\0\0\x73\x34\x1e\0\0\0\0\0\xbc\x23\0\0\0\0\0\0\x74\x03\0\0\x18\0\
\0\0\x73\x34\x1f\0\0\0\0\0\x73\x24\x1c\0\0\0\0\0\x74\x02\0\0\x08\0\0\0\x73\x24\
\x1d\0\0\0\0\0\x7b\x7a\xa8\xff\0\0\0\0\x61\x72\x10\0\0\0\0\0\x79\xa5\xb8\xff\0\
\0\0\0\xbc\x53\0\0\0\0\0\0\x74\x03\0\0\x08\0\0\0\x73\x34\x29\0\0\0\0\0\x73\x54\
\x28\0\0\0\0\0\x73\x14\x2b\0\0\0\0\0\x73\x14\x2a\0\0\0\0\0\x73\x14\x23\0\0\0\0\
\0\x73\x14\x22\0\0\0\0\0\x79\xa3\xc0\xff\0\0\0\0\xbc\x31\0\0\0\0\0\0\x74\x01\0\
\0\x08\0\0\0\x73\x14\x21\0\0\0\0\0\xbc\x21\0\0\0\0\0\0\x74\x01\0\0\x18\0\0\0\
\x73\x14\x27\0\0\0\0\0\xbc\x21\0\0\0\0\0\0\x74\x01\0\0\x10\0\0\0\x73\x14\x26\0\
\0\0\0\0\x73\x24\x24\0\0\0\0\0\x74\x02\0\0\x08\0\0\0\x73\x24\x25\0\0\0\0\0\x7b\
\x4a\xb0\xff\0\0\0\0\x73\x34\x20\0\0\0\0\0\x79\xa1\xc8\xff\0\0\0\0\x1e\x81\x51\
\x4c\0\0\0\0\xbf\x81\0\0\0\0\0\0\x07\x01\0\0\0\x01\0\0\x61\xa4\xa0\xff\0\0\0\0\
\x79\xa5\xc8\xff\0\0\0\0\x2d\x51\xac\x46\0\0\0\0\x79\xa2\x98\xff\0\0\0\0\x07\
\x02\0\0\x31\0\0\0\x71\x83\xff\0\0\0\0\0\x73\x32\xff\0\0\0\0\0\x71\x83\xfe\0\0\
\0\0\0\x73\x32\xfe\0\0\0\0\0\x71\x83\xfd\0\0\0\0\0\x73\x32\xfd\0\0\0\0\0\x71\
\x83\xfc\0\0\0\0\0\x73\x32\xfc\0\0\0\0\0\x71\x83\xfb\0\0\0\0\0\x73\x32\xfb\0\0\
\0\0\0\x71\x83\xfa\0\0\0\0\0\x73\x32\xfa\0\0\0\0\0\x71\x83\xf9\0\0\0\0\0\x73\
\x32\xf9\0\0\0\0\0\x71\x83\xf8\0\0\0\0\0\x73\x32\xf8\0\0\0\0\0\x71\x83\xf7\0\0\
\0\0\0\x73\x32\xf7\0\0\0\0\0\x71\x83\xf6\0\0\0\0\0\x73\x32\xf6\0\0\0\0\0\x71\
\x83\xf5\0\0\0\0\0\x73\x32\xf5\0\0\0\0\0\x71\x83\xf4\0\0\0\0\0\x73\x32\xf4\0\0\
\0\0\0\x71\x83\xf3\0\0\0\0\0\x73\x32\xf3\0\0\0\0\0\x71\x83\xf2\0\0\0\0\0\x73\
\x32\xf2\0\0\0\0\0\x71\x83\xf1\0\0\0\0\0\x73\x32\xf1\0\0\0\0\0\x71\x83\xf0\0\0\
\0\0\0\x73\x32\xf0\0\0\0\0\0\x71\x83\xef\0\0\0\0\0\x73\x32\xef\0\0\0\0\0\x71\
\x83\xee\0\0\0\0\0\x73\x32\xee\0\0\0\0\0\x71\x83\xed\0\0\0\0\0\x73\x32\xed\0\0\
\0\0\0\x71\x83\xec\0\0\0\0\0\x73\x32\xec\0\0\0\0\0\x71\x83\xeb\0\0\0\0\0\x73\
\x32\xeb\0\0\0\0\0\x71\x83\xea\0\0\0\0\0\x73\x32\xea\0\0\0\0\0\x71\x83\xe9\0\0\
\0\0\0\x73\x32\xe9\0\0\0\0\0\x71\x83\xe8\0\0\0\0\0\x73\x32\xe8\0\0\0\0\0\x71\
\x83\xe7\0\0\0\0\0\x73\x32\xe7\0\0\0\0\0\x71\x83\xe6\0\0\0\0\0\x73\x32\xe6\0\0\
\0\0\0\x71\x83\xe5\0\0\0\0\0\x73\x32\xe5\0\0\0\0\0\x71\x83\xe4\0\0\0\0\0\x73\
\x32\xe4\0\0\0\0\0\x71\x83\xe3\0\0\0\0\0\x73\x32\xe3\0\0\0\0\0\x71\x83\xe2\0\0\
\0\0\0\x73\x32\xe2\0\0\0\0\0\x71\x83\xe1\0\0\0\0\0\x73\x32\xe1\0\0\0\0\0\x71\
\x83\xe0\0\0\0\0\0\x73\x32\xe0\0\0\0\0\0\x71\x83\xdf\0\0\0\0\0\x73\x32\xdf\0\0\
\0\0\0\x71\x83\xde\0\0\0\0\0\x73\x32\xde\0\0\0\0\0\x71\x83\xdd\0\0\0\0\0\x73\
\x32\xdd\0\0\0\0\0\x71\x83\xdc\0\0\0\0\0\x73\x32\xdc\0\0\0\0\0\x71\x83\xdb\0\0\
\0\0\0\x73\x32\xdb\0\0\0\0\0\x71\x83\xda\0\0\0\0\0\x73\x32\xda\0\0\0\0\0\x71\
\x83\xd9\0\0\0\0\0\x73\x32\xd9\0\0\0\0\0\x71\x83\xd8\0\0\0\0\0\x73\x32\xd8\0\0\
\0\0\0\x71\x83\xd7\0\0\0\0\0\x73\x32\xd7\0\0\0\0\0\x71\x83\xd6\0\0\0\0\0\x73\
\x32\xd6\0\0\0\0\0\x71\x83\xd5\0\0\0\0\0\x73\x32\xd5\0\0\0\0\0\x71\x83\xd4\0\0\
\0\0\0\x73\x32\xd4\0\0\0\0\0\x71\x83\xd3\0\0\0\0\0\x73\x32\xd3\0\0\0\0\0\x71\
\x83\xd2\0\0\0\0\0\x73\x32\xd2\0\0\0\0\0\x71\x83\xd1\0\0\0\0\0\x73\x32\xd1\0\0\
\0\0\0\x71\x83\xd0\0\0\0\0\0\x73\x32\xd0\0\0\0\0\0\x71\x83\xcf\0\0\0\0\0\x73\
\x32\xcf\0\0\0\0\0\x71\x83\xce\0\0\0\0\0\x73\x32\xce\0\0\0\0\0\x71\x83\xcd\0\0\
\0\0\0\x73\x32\xcd\0\0\0\0\0\x71\x83\xcc\0\0\0\0\0\x73\x32\xcc\0\0\0\0\0\x71\
\x83\xcb\0\0\0\0\0\x73\x32\xcb\0\0\0\0\0\x71\x83\xca\0\0\0\0\0\x73\x32\xca\0\0\
\0\0\0\x71\x83\xc9\0\0\0\0\0\x73\x32\xc9\0\0\0\0\0\x71\x83\xc8\0\0\0\0\0\x73\
\x32\xc8\0\0\0\0\0\x71\x83\xc7\0\0\0\0\0\x73\x32\xc7\0\0\0\0\0\x71\x83\xc6\0\0\
\0\0\0\x73\x32\xc6\0\0\0\0\0\x71\x83\xc5\0\0\0\0\0\x73\x32\xc5\0\0\0\0\0\x71\
\x83\xc4\0\0\0\0\0\x73\x32\xc4\0\0\0\0\0\x71\x83\xc3\0\0\0\0\0\x73\x32\xc3\0\0\
\0\0\0\x71\x83\xc2\0\0\0\0\0\x73\x32\xc2\0\0\0\0\0\x71\x83\xc1\0\0\0\0\0\x73\
\x32\xc1\0\0\0\0\0\x71\x83\xc0\0\0\0\0\0\x73\x32\xc0\0\0\0\0\0\x71\x83\xbf\0\0\
\0\0\0\x73\x32\xbf\0\0\0\0\0\x71\x83\xbe\0\0\0\0\0\x73\x32\xbe\0\0\0\0\0\x71\
\x83\xbd\0\0\0\0\0\x73\x32\xbd\0\0\0\0\0\x71\x83\xbc\0\0\0\0\0\x73\x32\xbc\0\0\
\0\0\0\x71\x83\xbb\0\0\0\0\0\x73\x32\xbb\0\0\0\0\0\x71\x83\xba\0\0\0\0\0\x73\
\x32\xba\0\0\0\0\0\x71\x83\xb9\0\0\0\0\0\x73\x32\xb9\0\0\0\0\0\x71\x83\xb8\0\0\
\0\0\0\x73\x32\xb8\0\0\0\0\0\x71\x83\xb7\0\0\0\0\0\x73\x32\xb7\0\0\0\0\0\x71\
\x83\xb6\0\0\0\0\0\x73\x32\xb6\0\0\0\0\0\x71\x83\xb5\0\0\0\0\0\x73\x32\xb5\0\0\
\0\0\0\x71\x83\xb4\0\0\0\0\0\x73\x32\xb4\0\0\0\0\0\x71\x83\xb3\0\0\0\0\0\x73\
\x32\xb3\0\0\0\0\0\x71\x83\xb2\0\0\0\0\0\x73\x32\xb2\0\0\0\0\0\x71\x83\xb1\0\0\
\0\0\0\x73\x32\xb1\0\0\0\0\0\x71\x83\xb0\0\0\0\0\0\x73\x32\xb0\0\0\0\0\0\x71\
\x83\xaf\0\0\0\0\0\x73\x32\xaf\0\0\0\0\0\x71\x83\xae\0\0\0\0\0\x73\x32\xae\0\0\
\0\0\0\x71\x83\xad\0\0\0\0\0\x73\x32\xad\0\0\0\0\0\x71\x83\xac\0\0\0\0\0\x73\
\x32\xac\0\0\0\0\0\x71\x83\xab\0\0\0\0\0\x73\x32\xab\0\0\0\0\0\x71\x83\xaa\0\0\
\0\0\0\x73\x32\xaa\0\0\0\0\0\x71\x83\xa9\0\0\0\0\0\x73\x32\xa9\0\0\0\0\0\x71\
\x83\xa8\0\0\0\0\0\x73\x32\xa8\0\0\0\0\0\x71\x83\xa7\0\0\0\0\0\x73\x32\xa7\0\0\
\0\0\0\x71\x83\xa6\0\0\0\0\0\x73\x32\xa6\0\0\0\0\0\x71\x83\xa5\0\0\0\0\0\x73\
\x32\xa5\0\0\0\0\0\x71\x83\xa4\0\0\0\0\0\x73\x32\xa4\0\0\0\0\0\x71\x83\xa3\0\0\
\0\0\0\x73\x32\xa3\0\0\0\0\0\x71\x83\xa2\0\0\0\0\0\x73\x32\xa2\0\0\0\0\0\x71\
\x83\xa1\0\0\0\0\0\x73\x32\xa1\0\0\0\0\0\x71\x83\xa0\0\0\0\0\0\x73\x32\xa0\0\0\
\0\0\0\x71\x83\x9f\0\0\0\0\0\x73\x32\x9f\0\0\0\0\0\x71\x83\x9e\0\0\0\0\0\x73\
\x32\x9e\0\0\0\0\0\x71\x83\x9d\0\0\0\0\0\x73\x32\x9d\0\0\0\0\0\x71\x83\x9c\0\0\
\0\0\0\x73\x32\x9c\0\0\0\0\0\x71\x83\x9b\0\0\0\0\0\x73\x32\x9b\0\0\0\0\0\x71\
\x83\x9a\0\0\0\0\0\x73\x32\x9a\0\0\0\0\0\x71\x83\x99\0\0\0\0\0\x73\x32\x99\0\0\
\0\0\0\x71\x83\x98\0\0\0\0\0\x73\x32\x98\0\0\0\0\0\x71\x83\x97\0\0\0\0\0\x73\
\x32\x97\0\0\0\0\0\x71\x83\x96\0\0\0\0\0\x73\x32\x96\0\0\0\0\0\x71\x83\x95\0\0\
\0\0\0\x73\x32\x95\0\0\0\0\0\x71\x83\x94\0\0\0\0\0\x73\x32\x94\0\0\0\0\0\x71\
\x83\x93\0\0\0\0\0\x73\x32\x93\0\0\0\0\0\x71\x83\x92\0\0\0\0\0\x73\x32\x92\0\0\
\0\0\0\x71\x83\x91\0\0\0\0\0\x73\x32\x91\0\0\0\0\0\x71\x83\x90\0\0\0\0\0\x73\
\x32\x90\0\0\0\0\0\x71\x83\x8f\0\0\0\0\0\x73\x32\x8f\0\0\0\0\0\x71\x83\x8e\0\0\
\0\0\0\x73\x32\x8e\0\0\0\0\0\x71\x83\x8d\0\0\0\0\0\x73\x32\x8d\0\0\0\0\0\x71\
\x83\x8c\0\0\0\0\0\x73\x32\x8c\0\0\0\0\0\x71\x83\x8b\0\0\0\0\0\x73\x32\x8b\0\0\
\0\0\0\x71\x83\x8a\0\0\0\0\0\x73\x32\x8a\0\0\0\0\0\x71\x83\x89\0\0\0\0\0\x73\
\x32\x89\0\0\0\0\0\x71\x83\x88\0\0\0\0\0\x73\x32\x88\0\0\0\0\0\x71\x83\x87\0\0\
\0\0\0\x73\x32\x87\0\0\0\0\0\x71\x83\x86\0\0\0\0\0\x73\x32\x86\0\0\0\0\0\x71\
\x83\x85\0\0\0\0\0\x73\x32\x85\0\0\0\0\0\x71\x83\x84\0\0\0\0\0\x73\x32\x84\0\0\
\0\0\0\x71\x83\x83\0\0\0\0\0\x73\x32\x83\0\0\0\0\0\x71\x83\x82\0\0\0\0\0\x73\
\x32\x82\0\0\0\0\0\x71\x83\x81\0\0\0\0\0\x73\x32\x81\0\0\0\0\0\x71\x83\x80\0\0\
\0\0\0\x73\x32\x80\0\0\0\0\0\x71\x83\x7f\0\0\0\0\0\x73\x32\x7f\0\0\0\0\0\x71\
\x83\x7e\0\0\0\0\0\x73\x32\x7e\0\0\0\0\0\x71\x83\x7d\0\0\0\0\0\x73\x32\x7d\0\0\
\0\0\0\x71\x83\x7c\0\0\0\0\0\x73\x32\x7c\0\0\0\0\0\x71\x83\x7b\0\0\0\0\0\x73\
\x32\x7b\0\0\0\0\0\x71\x83\x7a\0\0\0\0\0\x73\x32\x7a\0\0\0\0\0\x71\x83\x79\0\0\
\0\0\0\x73\x32\x79\0\0\0\0\0\x71\x83\x78\0\0\0\0\0\x73\x32\x78\0\0\0\0\0\x71\
\x83\x77\0\0\0\0\0\x73\x32\x77\0\0\0\0\0\x71\x83\x76\0\0\0\0\0\x73\x32\x76\0\0\
\0\0\0\x71\x83\x75\0\0\0\0\0\x73\x32\x75\0\0\0\0\0\x71\x83\x74\0\0\0\0\0\x73\
\x32\x74\0\0\0\0\0\x71\x83\x73\0\0\0\0\0\x73\x32\x73\0\0\0\0\0\x71\x83\x72\0\0\
\0\0\0\x73\x32\x72\0\0\0\0\0\x71\x83\x71\0\0\0\0\0\x73\x32\x71\0\0\0\0\0\x71\
\x83\x70\0\0\0\0\0\x73\x32\x70\0\0\0\0\0\x71\x83\x6f\0\0\0\0\0\x73\x32\x6f\0\0\
\0\0\0\x71\x83\x6e\0\0\0\0\0\x73\x32\x6e\0\0\0\0\0\x71\x83\x6d\0\0\0\0\0\x73\
\x32\x6d\0\0\0\0\0\x71\x83\x6c\0\0\0\0\0\x73\x32\x6c\0\0\0\0\0\x71\x83\x6b\0\0\
\0\0\0\x73\x32\x6b\0\0\0\0\0\x71\x83\x6a\0\0\0\0\0\x73\x32\x6a\0\0\0\0\0\x71\
\x83\x69\0\0\0\0\0\x73\x32\x69\0\0\0\0\0\x71\x83\x68\0\0\0\0\0\x73\x32\x68\0\0\
\0\0\0\x71\x83\x67\0\0\0\0\0\x73\x32\x67\0\0\0\0\0\x71\x83\x66\0\0\0\0\0\x73\
\x32\x66\0\0\0\0\0\x71\x83\x65\0\0\0\0\0\x73\x32\x65\0\0\0\0\0\x71\x83\x64\0\0\
\0\0\0\x73\x32\x64\0\0\0\0\0\x71\x83\x63\0\0\0\0\0\x73\x32\x63\0\0\0\0\0\x71\
\x83\x62\0\0\0\0\0\x73\x32\x62\0\0\0\0\0\x71\x83\x61\0\0\0\0\0\x73\x32\x61\0\0\
\0\0\0\x71\x83\x60\0\0\0\0\0\x73\x32\x60\0\0\0\0\0\x71\x83\x5f\0\0\0\0\0\x73\
\x32\x5f\0\0\0\0\0\x71\x83\x5e\0\0\0\0\0\x73\x32\x5e\0\0\0\0\0\x71\x83\x5d\0\0\
\0\0\0\x73\x32\x5d\0\0\0\0\0\x71\x83\x5c\0\0\0\0\0\x73\x32\x5c\0\0\0\0\0\x71\
\x83\x5b\0\0\0\0\0\x73\x32\x5b\0\0\0\0\0\x71\x83\x5a\0\0\0\0\0\x73\x32\x5a\0\0\
\0\0\0\x71\x83\x59\0\0\0\0\0\x73\x32\x59\0\0\0\0\0\x71\x83\x58\0\0\0\0\0\x73\
\x32\x58\0\0\0\0\0\x71\x83\x57\0\0\0\0\0\x73\x32\x57\0\0\0\0\0\x71\x83\x56\0\0\
\0\0\0\x73\x32\x56\0\0\0\0\0\x71\x83\x55\0\0\0\0\0\x73\x32\x55\0\0\0\0\0\x71\
\x83\x54\0\0\0\0\0\x73\x32\x54\0\0\0\0\0\x71\x83\x53\0\0\0\0\0\x73\x32\x53\0\0\
\0\0\0\x71\x83\x52\0\0\0\0\0\x73\x32\x52\0\0\0\0\0\x71\x83\x51\0\0\0\0\0\x73\
\x32\x51\0\0\0\0\0\x71\x83\x50\0\0\0\0\0\x73\x32\x50\0\0\0\0\0\x71\x83\x4f\0\0\
\0\0\0\x73\x32\x4f\0\0\0\0\0\x71\x83\x4e\0\0\0\0\0\x73\x32\x4e\0\0\0\0\0\x71\
\x83\x4d\0\0\0\0\0\x73\x32\x4d\0\0\0\0\0\x71\x83\x4c\0\0\0\0\0\x73\x32\x4c\0\0\
\0\0\0\x71\x83\x4b\0\0\0\0\0\x73\x32\x4b\0\0\0\0\0\x71\x83\x4a\0\0\0\0\0\x73\
\x32\x4a\0\0\0\0\0\x71\x83\x49\0\0\0\0\0\x73\x32\x49\0\0\0\0\0\x71\x83\x48\0\0\
\0\0\0\x73\x32\x48\0\0\0\0\0\x71\x83\x47\0\0\0\0\0\x73\x32\x47\0\0\0\0\0\x71\
\x83\x46\0\0\0\0\0\x73\x32\x46\0\0\0\0\0\x71\x83\x45\0\0\0\0\0\x73\x32\x45\0\0\
\0\0\0\x71\x83\x44\0\0\0\0\0\x73\x32\x44\0\0\0\0\0\x71\x83\x43\0\0\0\0\0\x73\
\x32\x43\0\0\0\0\0\x71\x83\x42\0\0\0\0\0\x73\x32\x42\0\0\0\0\0\x71\x83\x41\0\0\
\0\0\0\x73\x32\x41\0\0\0\0\0\x71\x83\x40\0\0\0\0\0\x73\x32\x40\0\0\0\0\0\x71\
\x83\x3f\0\0\0\0\0\x73\x32\x3f\0\0\0\0\0\x71\x83\x3e\0\0\0\0\0\x73\x32\x3e\0\0\
\0\0\0\x71\x83\x3d\0\0\0\0\0\x73\x32\x3d\0\0\0\0\0\x71\x83\x3c\0\0\0\0\0\x73\
\x32\x3c\0\0\0\0\0\x71\x83\x3b\0\0\0\0\0\x73\x32\x3b\0\0\0\0\0\x71\x83\x3a\0\0\
\0\0\0\x73\x32\x3a\0\0\0\0\0\x71\x83\x39\0\0\0\0\0\x73\x32\x39\0\0\0\0\0\x71\
\x83\x38\0\0\0\0\0\x73\x32\x38\0\0\0\0\0\x71\x83\x37\0\0\0\0\0\x73\x32\x37\0\0\
\0\0\0\x71\x83\x36\0\0\0\0\0\x73\x32\x36\0\0\0\0\0\x71\x83\x35\0\0\0\0\0\x73\
\x32\x35\0\0\0\0\0\x71\x83\x34\0\0\0\0\0\x73\x32\x34\0\0\0\0\0\x71\x83\x33\0\0\
\0\0\0\x73\x32\x33\0\0\0\0\0\x71\x83\x32\0\0\0\0\0\x73\x32\x32\0\0\0\0\0\x71\
\x83\x31\0\0\0\0\0\x73\x32\x31\0\0\0\0\0\x71\x83\x30\0\0\0\0\0\x73\x32\x30\0\0\
\0\0\0\x71\x83\x2f\0\0\0\0\0\x73\x32\x2f\0\0\0\0\0\x71\x83\x2e\0\0\0\0\0\x73\
\x32\x2e\0\0\0\0\0\x71\x83\x2d\0\0\0\0\0\x73\x32\x2d\0\0\0\0\0\x71\x83\x2c\0\0\
\0\0\0\x73\x32\x2c\0\0\0\0\0\x71\x83\x2b\0\0\0\0\0\x73\x32\x2b\0\0\0\0\0\x71\
\x83\x2a\0\0\0\0\0\x73\x32\x2a\0\0\0\0\0\x71\x83\x29\0\0\0\0\0\x73\x32\x29\0\0\
\0\0\0\x71\x83\x28\0\0\0\0\0\x73\x32\x28\0\0\0\0\0\x71\x83\x27\0\0\0\0\0\x73\
\x32\x27\0\0\0\0\0\x71\x83\x26\0\0\0\0\0\x73\x32\x26\0\0\0\0\0\x71\x83\x25\0\0\
\0\0\0\x73\x32\x25\0\0\0\0\0\x71\x83\x24\0\0\0\0\0\x73\x32\x24\0\0\0\0\0\x71\
\x83\x23\0\0\0\0\0\x73\x32\x23\0\0\0\0\0\x71\x83\x22\0\0\0\0\0\x73\x32\x22\0\0\
\0\0\0\x71\x83\x21\0\0\0\0\0\x73\x32\x21\0\0\0\0\0\x71\x83\x20\0\0\0\0\0\x73\
\x32\x20\0\0\0\0\0\x71\x83\x1f\0\0\0\0\0\x73\x32\x1f\0\0\0\0\0\x71\x83\x1e\0\0\
\0\0\0\x73\x32\x1e\0\0\0\0\0\x71\x83\x1d\0\0\0\0\0\x73\x32\x1d\0\0\0\0\0\x71\
\x83\x1c\0\0\0\0\0\x73\x32\x1c\0\0\0\0\0\x71\x83\x1b\0\0\0\0\0\x73\x32\x1b\0\0\
\0\0\0\x71\x83\x1a\0\0\0\0\0\x73\x32\x1a\0\0\0\0\0\x71\x83\x19\0\0\0\0\0\x73\
\x32\x19\0\0\0\0\0\x71\x83\x18\0\0\0\0\0\x73\x32\x18\0\0\0\0\0\x71\x83\x17\0\0\
\0\0\0\x73\x32\x17\0\0\0\0\0\x71\x83\x16\0\0\0\0\0\x73\x32\x16\0\0\0\0\0\x71\
\x83\x15\0\0\0\0\0\x73\x32\x15\0\0\0\0\0\x71\x83\x14\0\0\0\0\0\x73\x32\x14\0\0\
\0\0\0\x71\x83\x13\0\0\0\0\0\x73\x32\x13\0\0\0\0\0\x71\x83\x12\0\0\0\0\0\x73\
\x32\x12\0\0\0\0\0\x71\x83\x11\0\0\0\0\0\x73\x32\x11\0\0\0\0\0\x71\x83\x10\0\0\
\0\0\0\x73\x32\x10\0\0\0\0\0\x71\x83\x0f\0\0\0\0\0\x73\x32\x0f\0\0\0\0\0\x71\
\x83\x0e\0\0\0\0\0\x73\x32\x0e\0\0\0\0\0\x71\x83\x0d\0\0\0\0\0\x73\x32\x0d\0\0\
\0\0\0\x71\x83\x0c\0\0\0\0\0\x73\x32\x0c\0\0\0\0\0\x71\x83\x0b\0\0\0\0\0\x73\
\x32\x0b\0\0\0\0\0\x71\x83\x0a\0\0\0\0\0\x73\x32\x0a\0\0\0\0\0\x71\x83\x09\0\0\
\0\0\0\x73\x32\x09\0\0\0\0\0\x71\x83\x08\0\0\0\0\0\x73\x32\x08\0\0\0\0\0\x71\
\x83\x07\0\0\0\0\0\x73\x32\x07\0\0\0\0\0\x71\x83\x06\0\0\0\0\0\x73\x32\x06\0\0\
\0\0\0\x71\x83\x05\0\0\0\0\0\x73\x32\x05\0\0\0\0\0\x71\x83\x04\0\0\0\0\0\x73\
\x32\x04\0\0\0\0\0\x71\x83\x03\0\0\0\0\0\x73\x32\x03\0\0\0\0\0\x71\x83\x02\0\0\
\0\0\0\x73\x32\x02\0\0\0\0\0\x71\x83\x01\0\0\0\0\0\x73\x32\x01\0\0\0\0\0\x71\
\x83\0\0\0\0\0\0\x73\x32\0\0\0\0\0\0\xa6\x04\xa9\x44\x01\x01\0\0\xbf\x82\0\0\0\
\0\0\0\x07\x02\0\0\0\x02\0\0\x2d\x52\xa6\x44\0\0\0\0\x71\x12\xff\0\0\0\0\0\x79\
\xa3\xb0\xff\0\0\0\0\x73\x23\x30\x02\0\0\0\0\x71\x12\xfe\0\0\0\0\0\x73\x23\x2f\
\x02\0\0\0\0\x71\x12\xfd\0\0\0\0\0\x73\x23\x2e\x02\0\0\0\0\x71\x12\xfc\0\0\0\0\
\0\x73\x23\x2d\x02\0\0\0\0\x71\x12\xfb\0\0\0\0\0\x73\x23\x2c\x02\0\0\0\0\x71\
\x12\xfa\0\0\0\0\0\x73\x23\x2b\x02\0\0\0\0\x71\x12\xf9\0\0\0\0\0\x73\x23\x2a\
\x02\0\0\0\0\x71\x12\xf8\0\0\0\0\0\x73\x23\x29\x02\0\0\0\0\x71\x12\xf7\0\0\0\0\
\0\x73\x23\x28\x02\0\0\0\0\x71\x12\xf6\0\0\0\0\0\x73\x23\x27\x02\0\0\0\0\x71\
\x12\xf5\0\0\0\0\0\x73\x23\x26\x02\0\0\0\0\x71\x12\xf4\0\0\0\0\0\x73\x23\x25\
\x02\0\0\0\0\x71\x12\xf3\0\0\0\0\0\x73\x23\x24\x02\0\0\0\0\x71\x12\xf2\0\0\0\0\
\0\x73\x23\x23\x02\0\0\0\0\x71\x12\xf1\0\0\0\0\0\x73\x23\x22\x02\0\0\0\0\x71\
\x12\xf0\0\0\0\0\0\x73\x23\x21\x02\0\0\0\0\x71\x12\xef\0\0\0\0\0\x73\x23\x20\
\x02\0\0\0\0\x71\x12\xee\0\0\0\0\0\x73\x23\x1f\x02\0\0\0\0\x71\x12\xed\0\0\0\0\
\0\x73\x23\x1e\x02\0\0\0\0\x71\x12\xec\0\0\0\0\0\x73\x23\x1d\x02\0\0\0\0\x71\
\x12\xeb\0\0\0\0\0\x73\x23\x1c\x02\0\0\0\0\x71\x12\xea\0\0\0\0\0\x73\x23\x1b\
\x02\0\0\0\0\x71\x12\xe9\0\0\0\0\0\x73\x23\x1a\x02\0\0\0\0\x71\x12\xe8\0\0\0\0\
\0\x73\x23\x19\x02\0\0\0\0\x71\x12\xe7\0\0\0\0\0\x73\x23\x18\x02\0\0\0\0\x71\
\x12\xe6\0\0\0\0\0\x73\x23\x17\x02\0\0\0\0\x71\x12\xe5\0\0\0\0\0\x73\x23\x16\
\x02\0\0\0\0\x71\x12\xe4\0\0\0\0\0\x73\x23\x15\x02\0\0\0\0\x71\x12\xe3\0\0\0\0\
\0\x73\x23\x14\x02\0\0\0\0\x71\x12\xe2\0\0\0\0\0\x73\x23\x13\x02\0\0\0\0\x71\
\x12\xe1\0\0\0\0\0\x73\x23\x12\x02\0\0\0\0\x71\x12\xe0\0\0\0\0\0\x73\x23\x11\
\x02\0\0\0\0\x71\x12\xdf\0\0\0\0\0\x73\x23\x10\x02\0\0\0\0\x71\x12\xde\0\0\0\0\
\0\x73\x23\x0f\x02\0\0\0\0\x71\x12\xdd\0\0\0\0\0\x73\x23\x0e\x02\0\0\0\0\x71\
\x12\xdc\0\0\0\0\0\x73\x23\x0d\x02\0\0\0\0\x71\x12\xdb\0\0\0\0\0\x73\x23\x0c\
\x02\0\0\0\0\x71\x12\xda\0\0\0\0\0\x73\x23\x0b\x02\0\0\0\0\x71\x12\xd9\0\0\0\0\
\0\x73\x23\x0a\x02\0\0\0\0\x71\x12\xd8\0\0\0\0\0\x73\x23\x09\x02\0\0\0\0\x71\
\x12\xd7\0\0\0\0\0\x73\x23\x08\x02\0\0\0\0\x71\x12\xd6\0\0\0\0\0\x73\x23\x07\
\x02\0\0\0\0\x71\x12\xd5\0\0\0\0\0\x73\x23\x06\x02\0\0\0\0\x71\x12\xd4\0\0\0\0\
\0\x73\x23\x05\x02\0\0\0\0\x71\x12\xd3\0\0\0\0\0\x73\x23\x04\x02\0\0\0\0\x71\
\x12\xd2\0\0\0\0\0\x73\x23\x03\x02\0\0\0\0\x71\x12\xd1\0\0\0\0\0\x73\x23\x02\
\x02\0\0\0\0\x71\x12\xd0\0\0\0\0\0\x73\x23\x01\x02\0\0\0\0\x71\x12\xcf\0\0\0\0\
\0\x73\x23\0\x02\0\0\0\0\x71\x12\xce\0\0\0\0\0\x73\x23\xff\x01\0\0\0\0\x71\x12\
\xcd\0\0\0\0\0\x73\x23\xfe\x01\0\0\0\0\x71\x12\xcc\0\0\0\0\0\x73\x23\xfd\x01\0\
\0\0\0\x71\x12\xcb\0\0\0\0\0\x73\x23\xfc\x01\0\0\0\0\x71\x12\xca\0\0\0\0\0\x73\
\x23\xfb\x01\0\0\0\0\x71\x12\xc9\0\0\0\0\0\x73\x23\xfa\x01\0\0\0\0\x71\x12\xc8\
\0\0\0\0\0\x73\x23\xf9\x01\0\0\0\0\x71\x12\xc7\0\0\0\0\0\x73\x23\xf8\x01\0\0\0\
\0\x71\x12\xc6\0\0\0\0\0\x73\x23\xf7\x01\0\0\0\0\x71\x12\xc5\0\0\0\0\0\x73\x23\
\xf6\x01\0\0\0\0\x71\x12\xc4\0\0\0\0\0\x73\x23\xf5\x01\0\0\0\0\x71\x12\xc3\0\0\
\0\0\0\x73\x23\xf4\x01\0\0\0\0\x71\x12\xc2\0\0\0\0\0\x73\x23\xf3\x01\0\0\0\0\
\x71\x12\xc1\0\0\0\0\0\x73\x23\xf2\x01\0\0\0\0\x71\x12\xc0\0\0\0\0\0\x73\x23\
\xf1\x01\0\0\0\0\x71\x12\xbf\0\0\0\0\0\x73\x23\xf0\x01\0\0\0\0\x71\x12\xbe\0\0\
\0\0\0\x73\x23\xef\x01\0\0\0\0\x71\x12\xbd\0\0\0\0\0\x73\x23\xee\x01\0\0\0\0\
\x71\x12\xbc\0\0\0\0\0\x73\x23\xed\x01\0\0\0\0\x71\x12\xbb\0\0\0\0\0\x73\x23\
\xec\x01\0\0\0\0\x71\x12\xba\0\0\0\0\0\x73\x23\xeb\x01\0\0\0\0\x71\x12\xb9\0\0\
\0\0\0\x73\x23\xea\x01\0\0\0\0\x71\x12\xb8\0\0\0\0\0\x73\x23\xe9\x01\0\0\0\0\
\x71\x12\xb7\0\0\0\0\0\x73\x23\xe8\x01\0\0\0\0\x71\x12\xb6\0\0\0\0\0\x73\x23\
\xe7\x01\0\0\0\0\x71\x12\xb5\0\0\0\0\0\x73\x23\xe6\x01\0\0\0\0\x71\x12\xb4\0\0\
\0\0\0\x73\x23\xe5\x01\0\0\0\0\x71\x12\xb3\0\0\0\0\0\x73\x23\xe4\x01\0\0\0\0\
\x71\x12\xb2\0\0\0\0\0\x73\x23\xe3\x01\0\0\0\0\x71\x12\xb1\0\0\0\0\0\x73\x23\
\xe2\x01\0\0\0\0\x71\x12\xb0\0\0\0\0\0\x73\x23\xe1\x01\0\0\0\0\x71\x12\xaf\0\0\
\0\0\0\x73\x23\xe0\x01\0\0\0\0\x71\x12\xae\0\0\0\0\0\x73\x23\xdf\x01\0\0\0\0\
\x71\x12\xad\0\0\0\0\0\x73\x23\xde\x01\0\0\0\0\x71\x12\xac\0\0\0\0\0\x73\x23\
\xdd\x01\0\0\0\0\x71\x12\xab\0\0\0\0\0\x73\x23\xdc\x01\0\0\0\0\x71\x12\xaa\0\0\
\0\0\0\x73\x23\xdb\x01\0\0\0\0\x71\x12\xa9\0\0\0\0\0\x73\x23\xda\x01\0\0\0\0\
\x71\x12\xa8\0\0\0\0\0\x73\x23\xd9\x01\0\0\0\0\x71\x12\xa7\0\0\0\0\0\x73\x23\
\xd8\x01\0\0\0\0\x71\x12\xa6\0\0\0\0\0\x73\x23\xd7\x01\0\0\0\0\x71\x12\xa5\0\0\
\0\0\0\x73\x23\xd6\x01\0\0\0\0\x71\x12\xa4\0\0\0\0\0\x73\x23\xd5\x01\0\0\0\0\
\x71\x12\xa3\0\0\0\0\0\x73\x23\xd4\x01\0\0\0\0\x71\x12\xa2\0\0\0\0\0\x73\x23\
\xd3\x01\0\0\0\0\x71\x12\xa1\0\0\0\0\0\x73\x23\xd2\x01\0\0\0\0\x71\x12\xa0\0\0\
\0\0\0\x73\x23\xd1\x01\0\0\0\0\x71\x12\x9f\0\0\0\0\0\x73\x23\xd0\x01\0\0\0\0\
\x71\x12\x9e\0\0\0\0\0\x73\x23\xcf\x01\0\0\0\0\x71\x12\x9d\0\0\0\0\0\x73\x23\
\xce\x01\0\0\0\0\x71\x12\x9c\0\0\0\0\0\x73\x23\xcd\x01\0\0\0\0\x71\x12\x9b\0\0\
\0\0\0\x73\x23\xcc\x01\0\0\0\0\x71\x12\x9a\0\0\0\0\0\x73\x23\xcb\x01\0\0\0\0\
\x71\x12\x99\0\0\0\0\0\x73\x23\xca\x01\0\0\0\0\x71\x12\x98\0\0\0\0\0\x73\x23\
\xc9\x01\0\0\0\0\x71\x12\x97\0\0\0\0\0\x73\x23\xc8\x01\0\0\0\0\x71\x12\x96\0\0\
\0\0\0\x73\x23\xc7\x01\0\0\0\0\x71\x12\x95\0\0\0\0\0\x73\x23\xc6\x01\0\0\0\0\
\x71\x12\x94\0\0\0\0\0\x73\x23\xc5\x01\0\0\0\0\x71\x12\x93\0\0\0\0\0\x73\x23\
\xc4\x01\0\0\0\0\x71\x12\x92\0\0\0\0\0\x73\x23\xc3\x01\0\0\0\0\x71\x12\x91\0\0\
\0\0\0\x73\x23\xc2\x01\0\0\0\0\x71\x12\x90\0\0\0\0\0\x73\x23\xc1\x01\0\0\0\0\
\x71\x12\x8f\0\0\0\0\0\x73\x23\xc0\x01\0\0\0\0\x71\x12\x8e\0\0\0\0\0\x73\x23\
\xbf\x01\0\0\0\0\x71\x12\x8d\0\0\0\0\0\x73\x23\xbe\x01\0\0\0\0\x71\x12\x8c\0\0\
\0\0\0\x73\x23\xbd\x01\0\0\0\0\x71\x12\x8b\0\0\0\0\0\x73\x23\xbc\x01\0\0\0\0\
\x71\x12\x8a\0\0\0\0\0\x73\x23\xbb\x01\0\0\0\0\x71\x12\x89\0\0\0\0\0\x73\x23\
\xba\x01\0\0\0\0\x71\x12\x88\0\0\0\0\0\x73\x23\xb9\x01\0\0\0\0\x71\x12\x87\0\0\
\0\0\0\x73\x23\xb8\x01\0\0\0\0\x71\x12\x86\0\0\0\0\0\x73\x23\xb7\x01\0\0\0\0\
\x71\x12\x85\0\0\0\0\0\x73\x23\xb6\x01\0\0\0\0\x71\x12\x84\0\0\0\0\0\x73\x23\
\xb5\x01\0\0\0\0\x71\x12\x83\0\0\0\0\0\x73\x23\xb4\x01\0\0\0\0\x71\x12\x82\0\0\
\0\0\0\x73\x23\xb3\x01\0\0\0\0\x71\x12\x81\0\0\0\0\0\x73\x23\xb2\x01\0\0\0\0\
\x71\x12\x80\0\0\0\0\0\x73\x23\xb1\x01\0\0\0\0\x71\x12\x7f\0\0\0\0\0\x73\x23\
\xb0\x01\0\0\0\0\x71\x12\x7e\0\0\0\0\0\x73\x23\xaf\x01\0\0\0\0\x71\x12\x7d\0\0\
\0\0\0\x73\x23\xae\x01\0\0\0\0\x71\x12\x7c\0\0\0\0\0\x73\x23\xad\x01\0\0\0\0\
\x71\x12\x7b\0\0\0\0\0\x73\x23\xac\x01\0\0\0\0\x71\x12\x7a\0\0\0\0\0\x73\x23\
\xab\x01\0\0\0\0\x71\x12\x79\0\0\0\0\0\x73\x23\xaa\x01\0\0\0\0\x71\x12\x78\0\0\
\0\0\0\x73\x23\xa9\x01\0\0\0\0\x71\x12\x77\0\0\0\0\0\x73\x23\xa8\x01\0\0\0\0\
\x71\x12\x76\0\0\0\0\0\x73\x23\xa7\x01\0\0\0\0\x71\x12\x75\0\0\0\0\0\x73\x23\
\xa6\x01\0\0\0\0\x71\x12\x74\0\0\0\0\0\x73\x23\xa5\x01\0\0\0\0\x71\x12\x73\0\0\
\0\0\0\x73\x23\xa4\x01\0\0\0\0\x71\x12\x72\0\0\0\0\0\x73\x23\xa3\x01\0\0\0\0\
\x71\x12\x71\0\0\0\0\0\x73\x23\xa2\x01\0\0\0\0\x71\x12\x70\0\0\0\0\0\x73\x23\
\xa1\x01\0\0\0\0\x71\x12\x6f\0\0\0\0\0\x73\x23\xa0\x01\0\0\0\0\x71\x12\x6e\0\0\
\0\0\0\x73\x23\x9f\x01\0\0\0\0\x71\x12\x6d\0\0\0\0\0\x73\x23\x9e\x01\0\0\0\0\
\x71\x12\x6c\0\0\0\0\0\x73\x23\x9d\x01\0\0\0\0\x71\x12\x6b\0\0\0\0\0\x73\x23\
\x9c\x01\0\0\0\0\x71\x12\x6a\0\0\0\0\0\x73\x23\x9b\x01\0\0\0\0\x71\x12\x69\0\0\
\0\0\0\x73\x23\x9a\x01\0\0\0\0\x71\x12\x68\0\0\0\0\0\x73\x23\x99\x01\0\0\0\0\
\x71\x12\x67\0\0\0\0\0\x73\x23\x98\x01\0\0\0\0\x71\x12\x66\0\0\0\0\0\x73\x23\
\x97\x01\0\0\0\0\x71\x12\x65\0\0\0\0\0\x73\x23\x96\x01\0\0\0\0\x71\x12\x64\0\0\
\0\0\0\x73\x23\x95\x01\0\0\0\0\x71\x12\x63\0\0\0\0\0\x73\x23\x94\x01\0\0\0\0\
\x71\x12\x62\0\0\0\0\0\x73\x23\x93\x01\0\0\0\0\x71\x12\x61\0\0\0\0\0\x73\x23\
\x92\x01\0\0\0\0\x71\x12\x60\0\0\0\0\0\x73\x23\x91\x01\0\0\0\0\x71\x12\x5f\0\0\
\0\0\0\x73\x23\x90\x01\0\0\0\0\x71\x12\x5e\0\0\0\0\0\x73\x23\x8f\x01\0\0\0\0\
\x71\x12\x5d\0\0\0\0\0\x73\x23\x8e\x01\0\0\0\0\x71\x12\x5c\0\0\0\0\0\x73\x23\
\x8d\x01\0\0\0\0\x71\x12\x5b\0\0\0\0\0\x73\x23\x8c\x01\0\0\0\0\x71\x12\x5a\0\0\
\0\0\0\x73\x23\x8b\x01\0\0\0\0\x71\x12\x59\0\0\0\0\0\x73\x23\x8a\x01\0\0\0\0\
\x71\x12\x58\0\0\0\0\0\x73\x23\x89\x01\0\0\0\0\x71\x12\x57\0\0\0\0\0\x73\x23\
\x88\x01\0\0\0\0\x71\x12\x56\0\0\0\0\0\x73\x23\x87\x01\0\0\0\0\x71\x12\x55\0\0\
\0\0\0\x73\x23\x86\x01\0\0\0\0\x71\x12\x54\0\0\0\0\0\x73\x23\x85\x01\0\0\0\0\
\x71\x12\x53\0\0\0\0\0\x73\x23\x84\x01\0\0\0\0\x71\x12\x52\0\0\0\0\0\x73\x23\
\x83\x01\0\0\0\0\x71\x12\x51\0\0\0\0\0\x73\x23\x82\x01\0\0\0\0\x71\x12\x50\0\0\
\0\0\0\x73\x23\x81\x01\0\0\0\0\x71\x12\x4f\0\0\0\0\0\x73\x23\x80\x01\0\0\0\0\
\x71\x12\x4e\0\0\0\0\0\x73\x23\x7f\x01\0\0\0\0\x71\x12\x4d\0\0\0\0\0\x73\x23\
\x7e\x01\0\0\0\0\x71\x12\x4c\0\0\0\0\0\x73\x23\x7d\x01\0\0\0\0\x71\x12\x4b\0\0\
\0\0\0\x73\x23\x7c\x01\0\0\0\0\x71\x12\x4a\0\0\0\0\0\x73\x23\x7b\x01\0\0\0\0\
\x71\x12\x49\0\0\0\0\0\x73\x23\x7a\x01\0\0\0\0\x71\x12\x48\0\0\0\0\0\x73\x23\
\x79\x01\0\0\0\0\x71\x12\x47\0\0\0\0\0\x73\x23\x78\x01\0\0\0\0\x71\x12\x46\0\0\
\0\0\0\x73\x23\x77\x01\0\0\0\0\x71\x12\x45\0\0\0\0\0\x73\x23\x76\x01\0\0\0\0\
\x71\x12\x44\0\0\0\0\0\x73\x23\x75\x01\0\0\0\0\x71\x12\x43\0\0\0\0\0\x73\x23\
\x74\x01\0\0\0\0\x71\x12\x42\0\0\0\0\0\x73\x23\x73\x01\0\0\0\0\x71\x12\x41\0\0\
\0\0\0\x73\x23\x72\x01\0\0\0\0\x71\x12\x40\0\0\0\0\0\x73\x23\x71\x01\0\0\0\0\
\x71\x12\x3f\0\0\0\0\0\x73\x23\x70\x01\0\0\0\0\x71\x12\x3e\0\0\0\0\0\x73\x23\
\x6f\x01\0\0\0\0\x71\x12\x3d\0\0\0\0\0\x73\x23\x6e\x01\0\0\0\0\x71\x12\x3c\0\0\
\0\0\0\x73\x23\x6d\x01\0\0\0\0\x71\x12\x3b\0\0\0\0\0\x73\x23\x6c\x01\0\0\0\0\
\x71\x12\x3a\0\0\0\0\0\x73\x23\x6b\x01\0\0\0\0\x71\x12\x39\0\0\0\0\0\x73\x23\
\x6a\x01\0\0\0\0\x71\x12\x38\0\0\0\0\0\x73\x23\x69\x01\0\0\0\0\x71\x12\x37\0\0\
\0\0\0\x73\x23\x68\x01\0\0\0\0\x71\x12\x36\0\0\0\0\0\x73\x23\x67\x01\0\0\0\0\
\x71\x12\x35\0\0\0\0\0\x73\x23\x66\x01\0\0\0\0\x71\x12\x34\0\0\0\0\0\x73\x23\
\x65\x01\0\0\0\0\x71\x12\x33\0\0\0\0\0\x73\x23\x64\x01\0\0\0\0\x71\x12\x32\0\0\
\0\0\0\x73\x23\x63\x01\0\0\0\0\x71\x12\x31\0\0\0\0\0\x73\x23\x62\x01\0\0\0\0\
\x71\x12\x30\0\0\0\0\0\x73\x23\x61\x01\0\0\0\0\x71\x12\x2f\0\0\0\0\0\x73\x23\
\x60\x01\0\0\0\0\x71\x12\x2e\0\0\0\0\0\x73\x23\x5f\x01\0\0\0\0\x71\x12\x2d\0\0\
\0\0\0\x73\x23\x5e\x01\0\0\0\0\x71\x12\x2c\0\0\0\0\0\x73\x23\x5d\x01\0\0\0\0\
\x71\x12\x2b\0\0\0\0\0\x73\x23\x5c\x01\0\0\0\0\x71\x12\x2a\0\0\0\0\0\x73\x23\
\x5b\x01\0\0\0\0\x71\x12\x29\0\0\0\0\0\x73\x23\x5a\x01\0\0\0\0\x71\x12\x28\0\0\
\0\0\0\x73\x23\x59\x01\0\0\0\0\x71\x12\x27\0\0\0\0\0\x73\x23\x58\x01\0\0\0\0\
\x71\x12\x26\0\0\0\0\0\x73\x23\x57\x01\0\0\0\0\x71\x12\x25\0\0\0\0\0\x73\x23\
\x56\x01\0\0\0\0\x71\x12\x24\0\0\0\0\0\x73\x23\x55\x01\0\0\0\0\x71\x12\x23\0\0\
\0\0\0\x73\x23\x54\x01\0\0\0\0\x71\x12\x22\0\0\0\0\0\x73\x23\x53\x01\0\0\0\0\
\x71\x12\x21\0\0\0\0\0\x73\x23\x52\x01\0\0\0\0\x71\x12\x20\0\0\0\0\0\x73\x23\
\x51\x01\0\0\0\0\x71\x12\x1f\0\0\0\0\0\x73\x23\x50\x01\0\0\0\0\x71\x12\x1e\0\0\
\0\0\0\x73\x23\x4f\x01\0\0\0\0\x71\x12\x1d\0\0\0\0\0\x73\x23\x4e\x01\0\0\0\0\
\x71\x12\x1c\0\0\0\0\0\x73\x23\x4d\x01\0\0\0\0\x71\x12\x1b\0\0\0\0\0\x73\x23\
\x4c\x01\0\0\0\0\x71\x12\x1a\0\0\0\0\0\x73\x23\x4b\x01\0\0\0\0\x71\x12\x19\0\0\
\0\0\0\x73\x23\x4a\x01\0\0\0\0\x71\x12\x18\0\0\0\0\0\x73\x23\x49\x01\0\0\0\0\
\x71\x12\x17\0\0\0\0\0\x73\x23\x48\x01\0\0\0\0\x71\x12\x16\0\0\0\0\0\x73\x23\
\x47\x01\0\0\0\0\x71\x12\x15\0\0\0\0\0\x73\x23\x46\x01\0\0\0\0\x71\x12\x14\0\0\
\0\0\0\x73\x23\x45\x01\0\0\0\0\x71\x12\x13\0\0\0\0\0\x73\x23\x44\x01\0\0\0\0\
\x71\x12\x12\0\0\0\0\0\x73\x23\x43\x01\0\0\0\0\x71\x12\x11\0\0\0\0\0\x73\x23\
\x42\x01\0\0\0\0\x71\x12\x10\0\0\0\0\0\x73\x23\x41\x01\0\0\0\0\x71\x12\x0f\0\0\
\0\0\0\x73\x23\x40\x01\0\0\0\0\x71\x12\x0e\0\0\0\0\0\x73\x23\x3f\x01\0\0\0\0\
\x71\x12\x0d\0\0\0\0\0\x73\x23\x3e\x01\0\0\0\0\x71\x12\x0c\0\0\0\0\0\x73\x23\
\x3d\x01\0\0\0\0\x71\x12\x0b\0\0\0\0\0\x73\x23\x3c\x01\0\0\0\0\x71\x12\x0a\0\0\
\0\0\0\x73\x23\x3b\x01\0\0\0\0\x71\x12\x09\0\0\0\0\0\x73\x23\x3a\x01\0\0\0\0\
\x71\x12\x08\0\0\0\0\0\x73\x23\x39\x01\0\0\0\0\x71\x12\x07\0\0\0\0\0\x73\x23\
\x38\x01\0\0\0\0\x71\x12\x06\0\0\0\0\0\x73\x23\x37\x01\0\0\0\0\x71\x12\x05\0\0\
\0\0\0\x73\x23\x36\x01\0\0\0\0\x71\x12\x04\0\0\0\0\0\x73\x23\x35\x01\0\0\0\0\
\x71\x12\x03\0\0\0\0\0\x73\x23\x34\x01\0\0\0\0\x71\x12\x02\0\0\0\0\0\x73\x23\
\x33\x01\0\0\0\0\x71\x12\x01\0\0\0\0\0\x73\x23\x32\x01\0\0\0\0\x71\x11\0\0\0\0\
\0\0\x73\x13\x31\x01\0\0\0\0\xa6\x04\xa4\x42\x01\x02\0\0\xbf\x81\0\0\0\0\0\0\
\x07\x01\0\0\0\x03\0\0\x2d\x51\xa1\x42\0\0\0\0\x71\x81\xff\x02\0\0\0\0\x79\xa2\
\xb0\xff\0\0\0\0\x73\x12\x30\x03\0\0\0\0\x71\x81\xfe\x02\0\0\0\0\x73\x12\x2f\
\x03\0\0\0\0\x71\x81\xfd\x02\0\0\0\0\x73\x12\x2e\x03\0\0\0\0\x71\x81\xfc\x02\0\
\0\0\0\x73\x12\x2d\x03\0\0\0\0\x71\x81\xfb\x02\0\0\0\0\x73\x12\x2c\x03\0\0\0\0\
\x71\x81\xfa\x02\0\0\0\0\x73\x12\x2b\x03\0\0\0\0\x71\x81\xf9\x02\0\0\0\0\x73\
\x12\x2a\x03\0\0\0\0\x71\x81\xf8\x02\0\0\0\0\x73\x12\x29\x03\0\0\0\0\x71\x81\
\xf7\x02\0\0\0\0\x73\x12\x28\x03\0\0\0\0\x71\x81\xf6\x02\0\0\0\0\x73\x12\x27\
\x03\0\0\0\0\x71\x81\xf5\x02\0\0\0\0\x73\x12\x26\x03\0\0\0\0\x71\x81\xf4\x02\0\
\0\0\0\x73\x12\x25\x03\0\0\0\0\x71\x81\xf3\x02\0\0\0\0\x73\x12\x24\x03\0\0\0\0\
\x71\x81\xf2\x02\0\0\0\0\x73\x12\x23\x03\0\0\0\0\x71\x81\xf1\x02\0\0\0\0\x73\
\x12\x22\x03\0\0\0\0\x71\x81\xf0\x02\0\0\0\0\x73\x12\x21\x03\0\0\0\0\x71\x81\
\xef\x02\0\0\0\0\x73\x12\x20\x03\0\0\0\0\x71\x81\xee\x02\0\0\0\0\x73\x12\x1f\
\x03\0\0\0\0\x71\x81\xed\x02\0\0\0\0\x73\x12\x1e\x03\0\0\0\0\x71\x81\xec\x02\0\
\0\0\0\x73\x12\x1d\x03\0\0\0\0\x71\x81\xeb\x02\0\0\0\0\x73\x12\x1c\x03\0\0\0\0\
\x71\x81\xea\x02\0\0\0\0\x73\x12\x1b\x03\0\0\0\0\x71\x81\xe9\x02\0\0\0\0\x73\
\x12\x1a\x03\0\0\0\0\x71\x81\xe8\x02\0\0\0\0\x73\x12\x19\x03\0\0\0\0\x71\x81\
\xe7\x02\0\0\0\0\x73\x12\x18\x03\0\0\0\0\x71\x81\xe6\x02\0\0\0\0\x73\x12\x17\
\x03\0\0\0\0\x71\x81\xe5\x02\0\0\0\0\x73\x12\x16\x03\0\0\0\0\x71\x81\xe4\x02\0\
\0\0\0\x73\x12\x15\x03\0\0\0\0\x71\x81\xe3\x02\0\0\0\0\x73\x12\x14\x03\0\0\0\0\
\x71\x81\xe2\x02\0\0\0\0\x73\x12\x13\x03\0\0\0\0\x71\x81\xe1\x02\0\0\0\0\x73\
\x12\x12\x03\0\0\0\0\x71\x81\xe0\x02\0\0\0\0\x73\x12\x11\x03\0\0\0\0\x71\x81\
\xdf\x02\0\0\0\0\x73\x12\x10\x03\0\0\0\0\x71\x81\xde\x02\0\0\0\0\x73\x12\x0f\
\x03\0\0\0\0\x71\x81\xdd\x02\0\0\0\0\x73\x12\x0e\x03\0\0\0\0\x71\x81\xdc\x02\0\
\0\0\0\x73\x12\x0d\x03\0\0\0\0\x71\x81\xdb\x02\0\0\0\0\x73\x12\x0c\x03\0\0\0\0\
\x71\x81\xda\x02\0\0\0\0\x73\x12\x0b\x03\0\0\0\0\x71\x81\xd9\x02\0\0\0\0\x73\
\x12\x0a\x03\0\0\0\0\x71\x81\xd8\x02\0\0\0\0\x73\x12\x09\x03\0\0\0\0\x71\x81\
\xd7\x02\0\0\0\0\x73\x12\x08\x03\0\0\0\0\x71\x81\xd6\x02\0\0\0\0\x73\x12\x07\
\x03\0\0\0\0\x71\x81\xd5\x02\0\0\0\0\x73\x12\x06\x03\0\0\0\0\x71\x81\xd4\x02\0\
\0\0\0\x73\x12\x05\x03\0\0\0\0\x71\x81\xd3\x02\0\0\0\0\x73\x12\x04\x03\0\0\0\0\
\x71\x81\xd2\x02\0\0\0\0\x73\x12\x03\x03\0\0\0\0\x71\x81\xd1\x02\0\0\0\0\x73\
\x12\x02\x03\0\0\0\0\x71\x81\xd0\x02\0\0\0\0\x73\x12\x01\x03\0\0\0\0\x71\x81\
\xcf\x02\0\0\0\0\x73\x12\0\x03\0\0\0\0\x71\x81\xce\x02\0\0\0\0\x73\x12\xff\x02\
\0\0\0\0\x71\x81\xcd\x02\0\0\0\0\x73\x12\xfe\x02\0\0\0\0\x71\x81\xcc\x02\0\0\0\
\0\x73\x12\xfd\x02\0\0\0\0\x71\x81\xcb\x02\0\0\0\0\x73\x12\xfc\x02\0\0\0\0\x71\
\x81\xca\x02\0\0\0\0\x73\x12\xfb\x02\0\0\0\0\x71\x81\xc9\x02\0\0\0\0\x73\x12\
\xfa\x02\0\0\0\0\x71\x81\xc8\x02\0\0\0\0\x73\x12\xf9\x02\0\0\0\0\x71\x81\xc7\
\x02\0\0\0\0\x73\x12\xf8\x02\0\0\0\0\x71\x81\xc6\x02\0\0\0\0\x73\x12\xf7\x02\0\
\0\0\0\x71\x81\xc5\x02\0\0\0\0\x73\x12\xf6\x02\0\0\0\0\x71\x81\xc4\x02\0\0\0\0\
\x73\x12\xf5\x02\0\0\0\0\x71\x81\xc3\x02\0\0\0\0\x73\x12\xf4\x02\0\0\0\0\x71\
\x81\xc2\x02\0\0\0\0\x73\x12\xf3\x02\0\0\0\0\x71\x81\xc1\x02\0\0\0\0\x73\x12\
\xf2\x02\0\0\0\0\x71\x81\xc0\x02\0\0\0\0\x73\x12\xf1\x02\0\0\0\0\x71\x81\xbf\
\x02\0\0\0\0\x73\x12\xf0\x02\0\0\0\0\x71\x81\xbe\x02\0\0\0\0\x73\x12\xef\x02\0\
\0\0\0\x71\x81\xbd\x02\0\0\0\0\x73\x12\xee\x02\0\0\0\0\x71\x81\xbc\x02\0\0\0\0\
\x73\x12\xed\x02\0\0\0\0\x71\x81\xbb\x02\0\0\0\0\x73\x12\xec\x02\0\0\0\0\x71\
\x81\xba\x02\0\0\0\0\x73\x12\xeb\x02\0\0\0\0\x71\x81\xb9\x02\0\0\0\0\x73\x12\
\xea\x02\0\0\0\0\x71\x81\xb8\x02\0\0\0\0\x73\x12\xe9\x02\0\0\0\0\x71\x81\xb7\
\x02\0\0\0\0\x73\x12\xe8\x02\0\0\0\0\x71\x81\xb6\x02\0\0\0\0\x73\x12\xe7\x02\0\
\0\0\0\x71\x81\xb5\x02\0\0\0\0\x73\x12\xe6\x02\0\0\0\0\x71\x81\xb4\x02\0\0\0\0\
\x73\x12\xe5\x02\0\0\0\0\x71\x81\xb3\x02\0\0\0\0\x73\x12\xe4\x02\0\0\0\0\x71\
\x81\xb2\x02\0\0\0\0\x73\x12\xe3\x02\0\0\0\0\x71\x81\xb1\x02\0\0\0\0\x73\x12\
\xe2\x02\0\0\0\0\x71\x81\xb0\x02\0\0\0\0\x73\x12\xe1\x02\0\0\0\0\x71\x81\xaf\
\x02\0\0\0\0\x73\x12\xe0\x02\0\0\0\0\x71\x81\xae\x02\0\0\0\0\x73\x12\xdf\x02\0\
\0\0\0\x71\x81\xad\x02\0\0\0\0\x73\x12\xde\x02\0\0\0\0\x71\x81\xac\x02\0\0\0\0\
\x73\x12\xdd\x02\0\0\0\0\x71\x81\xab\x02\0\0\0\0\x73\x12\xdc\x02\0\0\0\0\x71\
\x81\xaa\x02\0\0\0\0\x73\x12\xdb\x02\0\0\0\0\x71\x81\xa9\x02\0\0\0\0\x73\x12\
\xda\x02\0\0\0\0\x71\x81\xa8\x02\0\0\0\0\x73\x12\xd9\x02\0\0\0\0\x71\x81\xa7\
\x02\0\0\0\0\x73\x12\xd8\x02\0\0\0\0\x71\x81\xa6\x02\0\0\0\0\x73\x12\xd7\x02\0\
\0\0\0\x71\x81\xa5\x02\0\0\0\0\x73\x12\xd6\x02\0\0\0\0\x71\x81\xa4\x02\0\0\0\0\
\x73\x12\xd5\x02\0\0\0\0\x71\x81\xa3\x02\0\0\0\0\x73\x12\xd4\x02\0\0\0\0\x71\
\x81\xa2\x02\0\0\0\0\x73\x12\xd3\x02\0\0\0\0\x71\x81\xa1\x02\0\0\0\0\x73\x12\
\xd2\x02\0\0\0\0\x71\x81\xa0\x02\0\0\0\0\x73\x12\xd1\x02\0\0\0\0\x71\x81\x9f\
\x02\0\0\0\0\x73\x12\xd0\x02\0\0\0\0\x71\x81\x9e\x02\0\0\0\0\x73\x12\xcf\x02\0\
\0\0\0\x71\x81\x9d\x02\0\0\0\0\x73\x12\xce\x02\0\0\0\0\x71\x81\x9c\x02\0\0\0\0\
\x73\x12\xcd\x02\0\0\0\0\x71\x81\x9b\x02\0\0\0\0\x73\x12\xcc\x02\0\0\0\0\x71\
\x81\x9a\x02\0\0\0\0\x73\x12\xcb\x02\0\0\0\0\x71\x81\x99\x02\0\0\0\0\x73\x12\
\xca\x02\0\0\0\0\x71\x81\x98\x02\0\0\0\0\x73\x12\xc9\x02\0\0\0\0\x71\x81\x97\
\x02\0\0\0\0\x73\x12\xc8\x02\0\0\0\0\x71\x81\x96\x02\0\0\0\0\x73\x12\xc7\x02\0\
\0\0\0\x71\x81\x95\x02\0\0\0\0\x73\x12\xc6\x02\0\0\0\0\x71\x81\x94\x02\0\0\0\0\
\x73\x12\xc5\x02\0\0\0\0\x71\x81\x93\x02\0\0\0\0\x73\x12\xc4\x02\0\0\0\0\x71\
\x81\x92\x02\0\0\0\0\x73\x12\xc3\x02\0\0\0\0\x71\x81\x91\x02\0\0\0\0\x73\x12\
\xc2\x02\0\0\0\0\x71\x81\x90\x02\0\0\0\0\x73\x12\xc1\x02\0\0\0\0\x71\x81\x8f\
\x02\0\0\0\0\x73\x12\xc0\x02\0\0\0\0\x71\x81\x8e\x02\0\0\0\0\x73\x12\xbf\x02\0\
\0\0\0\x71\x81\x8d\x02\0\0\0\0\x73\x12\xbe\x02\0\0\0\0\x71\x81\x8c\x02\0\0\0\0\
\x73\x12\xbd\x02\0\0\0\0\x71\x81\x8b\x02\0\0\0\0\x73\x12\xbc\x02\0\0\0\0\x71\
\x81\x8a\x02\0\0\0\0\x73\x12\xbb\x02\0\0\0\0\x71\x81\x89\x02\0\0\0\0\x73\x12\
\xba\x02\0\0\0\0\x71\x81\x88\x02\0\0\0\0\x73\x12\xb9\x02\0\0\0\0\x71\x81\x87\
\x02\0\0\0\0\x73\x12\xb8\x02\0\0\0\0\x71\x81\x86\x02\0\0\0\0\x73\x12\xb7\x02\0\
\0\0\0\x71\x81\x85\x02\0\0\0\0\x73\x12\xb6\x02\0\0\0\0\x71\x81\x84\x02\0\0\0\0\
\x73\x12\xb5\x02\0\0\0\0\x71\x81\x83\x02\0\0\0\0\x73\x12\xb4\x02\0\0\0\0\x71\
\x81\x82\x02\0\0\0\0\x73\x12\xb3\x02\0\0\0\0\x71\x81\x81\x02\0\0\0\0\x73\x12\
\xb2\x02\0\0\0\0\x71\x81\x80\x02\0\0\0\0\x73\x12\xb1\x02\0\0\0\0\x71\x81\x7f\
\x02\0\0\0\0\x73\x12\xb0\x02\0\0\0\0\x71\x81\x7e\x02\0\0\0\0\x73\x12\xaf\x02\0\
\0\0\0\x71\x81\x7d\x02\0\0\0\0\x73\x12\xae\x02\0\0\0\0\x71\x81\x7c\x02\0\0\0\0\
\x73\x12\xad\x02\0\0\0\0\x71\x81\x7b\x02\0\0\0\0\x73\x12\xac\x02\0\0\0\0\x71\
\x81\x7a\x02\0\0\0\0\x73\x12\xab\x02\0\0\0\0\x71\x81\x79\x02\0\0\0\0\x73\x12\
\xaa\x02\0\0\0\0\x71\x81\x78\x02\0\0\0\0\x73\x12\xa9\x02\0\0\0\0\x71\x81\x77\
\x02\0\0\0\0\x73\x12\xa8\x02\0\0\0\0\x71\x81\x76\x02\0\0\0\0\x73\x12\xa7\x02\0\
\0\0\0\x71\x81\x75\x02\0\0\0\0\x73\x12\xa6\x02\0\0\0\0\x71\x81\x74\x02\0\0\0\0\
\x73\x12\xa5\x02\0\0\0\0\x71\x81\x73\x02\0\0\0\0\x73\x12\xa4\x02\0\0\0\0\x71\
\x81\x72\x02\0\0\0\0\x73\x12\xa3\x02\0\0\0\0\x71\x81\x71\x02\0\0\0\0\x73\x12\
\xa2\x02\0\0\0\0\x71\x81\x70\x02\0\0\0\0\x73\x12\xa1\x02\0\0\0\0\x71\x81\x6f\
\x02\0\0\0\0\x73\x12\xa0\x02\0\0\0\0\x71\x81\x6e\x02\0\0\0\0\x73\x12\x9f\x02\0\
\0\0\0\x71\x81\x6d\x02\0\0\0\0\x73\x12\x9e\x02\0\0\0\0\x71\x81\x6c\x02\0\0\0\0\
\x73\x12\x9d\x02\0\0\0\0\x71\x81\x6b\x02\0\0\0\0\x73\x12\x9c\x02\0\0\0\0\x71\
\x81\x6a\x02\0\0\0\0\x73\x12\x9b\x02\0\0\0\0\x71\x81\x69\x02\0\0\0\0\x73\x12\
\x9a\x02\0\0\0\0\x71\x81\x68\x02\0\0\0\0\x73\x12\x99\x02\0\0\0\0\x71\x81\x67\
\x02\0\0\0\0\x73\x12\x98\x02\0\0\0\0\x71\x81\x66\x02\0\0\0\0\x73\x12\x97\x02\0\
\0\0\0\x71\x81\x65\x02\0\0\0\0\x73\x12\x96\x02\0\0\0\0\x71\x81\x64\x02\0\0\0\0\
\x73\x12\x95\x02\0\0\0\0\x71\x81\x63\x02\0\0\0\0\x73\x12\x94\x02\0\0\0\0\x71\
\x81\x62\x02\0\0\0\0\x73\x12\x93\x02\0\0\0\0\x71\x81\x61\x02\0\0\0\0\x73\x12\
\x92\x02\0\0\0\0\x71\x81\x60\x02\0\0\0\0\x73\x12\x91\x02\0\0\0\0\x71\x81\x5f\
\x02\0\0\0\0\x73\x12\x90\x02\0\0\0\0\x71\x81\x5e\x02\0\0\0\0\x73\x12\x8f\x02\0\
\0\0\0\x71\x81\x5d\x02\0\0\0\0\x73\x12\x8e\x02\0\0\0\0\x71\x81\x5c\x02\0\0\0\0\
\x73\x12\x8d\x02\0\0\0\0\x71\x81\x5b\x02\0\0\0\0\x73\x12\x8c\x02\0\0\0\0\x71\
\x81\x5a\x02\0\0\0\0\x73\x12\x8b\x02\0\0\0\0\x71\x81\x59\x02\0\0\0\0\x73\x12\
\x8a\x02\0\0\0\0\x71\x81\x58\x02\0\0\0\0\x73\x12\x89\x02\0\0\0\0\x71\x81\x57\
\x02\0\0\0\0\x73\x12\x88\x02\0\0\0\0\x71\x81\x56\x02\0\0\0\0\x73\x12\x87\x02\0\
\0\0\0\x71\x81\x55\x02\0\0\0\0\x73\x12\x86\x02\0\0\0\0\x71\x81\x54\x02\0\0\0\0\
\x73\x12\x85\x02\0\0\0\0\x71\x81\x53\x02\0\0\0\0\x73\x12\x84\x02\0\0\0\0\x71\
\x81\x52\x02\0\0\0\0\x73\x12\x83\x02\0\0\0\0\x71\x81\x51\x02\0\0\0\0\x73\x12\
\x82\x02\0\0\0\0\x71\x81\x50\x02\0\0\0\0\x73\x12\x81\x02\0\0\0\0\x71\x81\x4f\
\x02\0\0\0\0\x73\x12\x80\x02\0\0\0\0\x71\x81\x4e\x02\0\0\0\0\x73\x12\x7f\x02\0\
\0\0\0\x71\x81\x4d\x02\0\0\0\0\x73\x12\x7e\x02\0\0\0\0\x71\x81\x4c\x02\0\0\0\0\
\x73\x12\x7d\x02\0\0\0\0\x71\x81\x4b\x02\0\0\0\0\x73\x12\x7c\x02\0\0\0\0\x71\
\x81\x4a\x02\0\0\0\0\x73\x12\x7b\x02\0\0\0\0\x71\x81\x49\x02\0\0\0\0\x73\x12\
\x7a\x02\0\0\0\0\x71\x81\x48\x02\0\0\0\0\x73\x12\x79\x02\0\0\0\0\x71\x81\x47\
\x02\0\0\0\0\x73\x12\x78\x02\0\0\0\0\x71\x81\x46\x02\0\0\0\0\x73\x12\x77\x02\0\
\0\0\0\x71\x81\x45\x02\0\0\0\0\x73\x12\x76\x02\0\0\0\0\x71\x81\x44\x02\0\0\0\0\
\x73\x12\x75\x02\0\0\0\0\x71\x81\x43\x02\0\0\0\0\x73\x12\x74\x02\0\0\0\0\x71\
\x81\x42\x02\0\0\0\0\x73\x12\x73\x02\0\0\0\0\x71\x81\x41\x02\0\0\0\0\x73\x12\
\x72\x02\0\0\0\0\x71\x81\x40\x02\0\0\0\0\x73\x12\x71\x02\0\0\0\0\x71\x81\x3f\
\x02\0\0\0\0\x73\x12\x70\x02\0\0\0\0\x71\x81\x3e\x02\0\0\0\0\x73\x12\x6f\x02\0\
\0\0\0\x71\x81\x3d\x02\0\0\0\0\x73\x12\x6e\x02\0\0\0\0\x71\x81\x3c\x02\0\0\0\0\
\x73\x12\x6d\x02\0\0\0\0\x71\x81\x3b\x02\0\0\0\0\x73\x12\x6c\x02\0\0\0\0\x71\
\x81\x3a\x02\0\0\0\0\x73\x12\x6b\x02\0\0\0\0\x71\x81\x39\x02\0\0\0\0\x73\x12\
\x6a\x02\0\0\0\0\x71\x81\x38\x02\0\0\0\0\x73\x12\x69\x02\0\0\0\0\x71\x81\x37\
\x02\0\0\0\0\x73\x12\x68\x02\0\0\0\0\x71\x81\x36\x02\0\0\0\0\x73\x12\x67\x02\0\
\0\0\0\x71\x81\x35\x02\0\0\0\0\x73\x12\x66\x02\0\0\0\0\x71\x81\x34\x02\0\0\0\0\
\x73\x12\x65\x02\0\0\0\0\x71\x81\x33\x02\0\0\0\0\x73\x12\x64\x02\0\0\0\0\x71\
\x81\x32\x02\0\0\0\0\x73\x12\x63\x02\0\0\0\0\x71\x81\x31\x02\0\0\0\0\x73\x12\
\x62\x02\0\0\0\0\x71\x81\x30\x02\0\0\0\0\x73\x12\x61\x02\0\0\0\0\x71\x81\x2f\
\x02\0\0\0\0\x73\x12\x60\x02\0\0\0\0\x71\x81\x2e\x02\0\0\0\0\x73\x12\x5f\x02\0\
\0\0\0\x71\x81\x2d\x02\0\0\0\0\x73\x12\x5e\x02\0\0\0\0\x71\x81\x2c\x02\0\0\0\0\
\x73\x12\x5d\x02\0\0\0\0\x71\x81\x2b\x02\0\0\0\0\x73\x12\x5c\x02\0\0\0\0\x71\
\x81\x2a\x02\0\0\0\0\x73\x12\x5b\x02\0\0\0\0\x71\x81\x29\x02\0\0\0\0\x73\x12\
\x5a\x02\0\0\0\0\x71\x81\x28\x02\0\0\0\0\x73\x12\x59\x02\0\0\0\0\x71\x81\x27\
\x02\0\0\0\0\x73\x12\x58\x02\0\0\0\0\x71\x81\x26\x02\0\0\0\0\x73\x12\x57\x02\0\
\0\0\0\x71\x81\x25\x02\0\0\0\0\x73\x12\x56\x02\0\0\0\0\x71\x81\x24\x02\0\0\0\0\
\x73\x12\x55\x02\0\0\0\0\x71\x81\x23\x02\0\0\0\0\x73\x12\x54\x02\0\0\0\0\x71\
\x81\x22\x02\0\0\0\0\x73\x12\x53\x02\0\0\0\0\x71\x81\x21\x02\0\0\0\0\x73\x12\
\x52\x02\0\0\0\0\x71\x81\x20\x02\0\0\0\0\x73\x12\x51\x02\0\0\0\0\x71\x81\x1f\
\x02\0\0\0\0\x73\x12\x50\x02\0\0\0\0\x71\x81\x1e\x02\0\0\0\0\x73\x12\x4f\x02\0\
\0\0\0\x71\x81\x1d\x02\0\0\0\0\x73\x12\x4e\x02\0\0\0\0\x71\x81\x1c\x02\0\0\0\0\
\x73\x12\x4d\x02\0\0\0\0\x71\x81\x1b\x02\0\0\0\0\x73\x12\x4c\x02\0\0\0\0\x71\
\x81\x1a\x02\0\0\0\0\x73\x12\x4b\x02\0\0\0\0\x71\x81\x19\x02\0\0\0\0\x73\x12\
\x4a\x02\0\0\0\0\x71\x81\x18\x02\0\0\0\0\x73\x12\x49\x02\0\0\0\0\x71\x81\x17\
\x02\0\0\0\0\x73\x12\x48\x02\0\0\0\0\x71\x81\x16\x02\0\0\0\0\x73\x12\x47\x02\0\
\0\0\0\x71\x81\x15\x02\0\0\0\0\x73\x12\x46\x02\0\0\0\0\x71\x81\x14\x02\0\0\0\0\
\x73\x12\x45\x02\0\0\0\0\x71\x81\x13\x02\0\0\0\0\x73\x12\x44\x02\0\0\0\0\x71\
\x81\x12\x02\0\0\0\0\x73\x12\x43\x02\0\0\0\0\x71\x81\x11\x02\0\0\0\0\x73\x12\
\x42\x02\0\0\0\0\x71\x81\x10\x02\0\0\0\0\x73\x12\x41\x02\0\0\0\0\x71\x81\x0f\
\x02\0\0\0\0\x73\x12\x40\x02\0\0\0\0\x71\x81\x0e\x02\0\0\0\0\x73\x12\x3f\x02\0\
\0\0\0\x71\x81\x0d\x02\0\0\0\0\x73\x12\x3e\x02\0\0\0\0\x71\x81\x0c\x02\0\0\0\0\
\x73\x12\x3d\x02\0\0\0\0\x71\x81\x0b\x02\0\0\0\0\x73\x12\x3c\x02\0\0\0\0\x71\
\x81\x0a\x02\0\0\0\0\x73\x12\x3b\x02\0\0\0\0\x71\x81\x09\x02\0\0\0\0\x73\x12\
\x3a\x02\0\0\0\0\x71\x81\x08\x02\0\0\0\0\x73\x12\x39\x02\0\0\0\0\x71\x81\x07\
\x02\0\0\0\0\x73\x12\x38\x02\0\0\0\0\x71\x81\x06\x02\0\0\0\0\x73\x12\x37\x02\0\
\0\0\0\x71\x81\x05\x02\0\0\0\0\x73\x12\x36\x02\0\0\0\0\x71\x81\x04\x02\0\0\0\0\
\x73\x12\x35\x02\0\0\0\0\x71\x81\x03\x02\0\0\0\0\x73\x12\x34\x02\0\0\0\0\x71\
\x81\x02\x02\0\0\0\0\x73\x12\x33\x02\0\0\0\0\x71\x81\x01\x02\0\0\0\0\x73\x12\
\x32\x02\0\0\0\0\x71\x81\0\x02\0\0\0\0\x73\x12\x31\x02\0\0\0\0\xa6\x04\x9f\x40\
\x01\x03\0\0\xbf\x81\0\0\0\0\0\0\x07\x01\0\0\0\x04\0\0\x2d\x51\x9c\x40\0\0\0\0\
\x71\x81\xff\x03\0\0\0\0\x79\xa2\xb0\xff\0\0\0\0\x73\x12\x30\x04\0\0\0\0\x71\
\x81\xfe\x03\0\0\0\0\x73\x12\x2f\x04\0\0\0\0\x71\x81\xfd\x03\0\0\0\0\x73\x12\
\x2e\x04\0\0\0\0\x71\x81\xfc\x03\0\0\0\0\x73\x12\x2d\x04\0\0\0\0\x71\x81\xfb\
\x03\0\0\0\0\x73\x12\x2c\x04\0\0\0\0\x71\x81\xfa\x03\0\0\0\0\x73\x12\x2b\x04\0\
\0\0\0\x71\x81\xf9\x03\0\0\0\0\x73\x12\x2a\x04\0\0\0\0\x71\x81\xf8\x03\0\0\0\0\
\x73\x12\x29\x04\0\0\0\0\x71\x81\xf7\x03\0\0\0\0\x73\x12\x28\x04\0\0\0\0\x71\
\x81\xf6\x03\0\0\0\0\x73\x12\x27\x04\0\0\0\0\x71\x81\xf5\x03\0\0\0\0\x73\x12\
\x26\x04\0\0\0\0\x71\x81\xf4\x03\0\0\0\0\x73\x12\x25\x04\0\0\0\0\x71\x81\xf3\
\x03\0\0\0\0\x73\x12\x24\x04\0\0\0\0\x71\x81\xf2\x03\0\0\0\0\x73\x12\x23\x04\0\
\0\0\0\x71\x81\xf1\x03\0\0\0\0\x73\x12\x22\x04\0\0\0\0\x71\x81\xf0\x03\0\0\0\0\
\x73\x12\x21\x04\0\0\0\0\x71\x81\xef\x03\0\0\0\0\x73\x12\x20\x04\0\0\0\0\x71\
\x81\xee\x03\0\0\0\0\x73\x12\x1f\x04\0\0\0\0\x71\x81\xed\x03\0\0\0\0\x73\x12\
\x1e\x04\0\0\0\0\x71\x81\xec\x03\0\0\0\0\x73\x12\x1d\x04\0\0\0\0\x71\x81\xeb\
\x03\0\0\0\0\x73\x12\x1c\x04\0\0\0\0\x71\x81\xea\x03\0\0\0\0\x73\x12\x1b\x04\0\
\0\0\0\x71\x81\xe9\x03\0\0\0\0\x73\x12\x1a\x04\0\0\0\0\x71\x81\xe8\x03\0\0\0\0\
\x73\x12\x19\x04\0\0\0\0\x71\x81\xe7\x03\0\0\0\0\x73\x12\x18\x04\0\0\0\0\x71\
\x81\xe6\x03\0\0\0\0\x73\x12\x17\x04\0\0\0\0\x71\x81\xe5\x03\0\0\0\0\x73\x12\
\x16\x04\0\0\0\0\x71\x81\xe4\x03\0\0\0\0\x73\x12\x15\x04\0\0\0\0\x71\x81\xe3\
\x03\0\0\0\0\x73\x12\x14\x04\0\0\0\0\x71\x81\xe2\x03\0\0\0\0\x73\x12\x13\x04\0\
\0\0\0\x71\x81\xe1\x03\0\0\0\0\x73\x12\x12\x04\0\0\0\0\x71\x81\xe0\x03\0\0\0\0\
\x73\x12\x11\x04\0\0\0\0\x71\x81\xdf\x03\0\0\0\0\x73\x12\x10\x04\0\0\0\0\x71\
\x81\xde\x03\0\0\0\0\x73\x12\x0f\x04\0\0\0\0\x71\x81\xdd\x03\0\0\0\0\x73\x12\
\x0e\x04\0\0\0\0\x71\x81\xdc\x03\0\0\0\0\x73\x12\x0d\x04\0\0\0\0\x71\x81\xdb\
\x03\0\0\0\0\x73\x12\x0c\x04\0\0\0\0\x71\x81\xda\x03\0\0\0\0\x73\x12\x0b\x04\0\
\0\0\0\x71\x81\xd9\x03\0\0\0\0\x73\x12\x0a\x04\0\0\0\0\x71\x81\xd8\x03\0\0\0\0\
\x73\x12\x09\x04\0\0\0\0\x71\x81\xd7\x03\0\0\0\0\x73\x12\x08\x04\0\0\0\0\x71\
\x81\xd6\x03\0\0\0\0\x73\x12\x07\x04\0\0\0\0\x71\x81\xd5\x03\0\0\0\0\x73\x12\
\x06\x04\0\0\0\0\x71\x81\xd4\x03\0\0\0\0\x73\x12\x05\x04\0\0\0\0\x71\x81\xd3\
\x03\0\0\0\0\x73\x12\x04\x04\0\0\0\0\x71\x81\xd2\x03\0\0\0\0\x73\x12\x03\x04\0\
\0\0\0\x71\x81\xd1\x03\0\0\0\0\x73\x12\x02\x04\0\0\0\0\x71\x81\xd0\x03\0\0\0\0\
\x73\x12\x01\x04\0\0\0\0\x71\x81\xcf\x03\0\0\0\0\x73\x12\0\x04\0\0\0\0\x71\x81\
\xce\x03\0\0\0\0\x73\x12\xff\x03\0\0\0\0\x71\x81\xcd\x03\0\0\0\0\x73\x12\xfe\
\x03\0\0\0\0\x71\x81\xcc\x03\0\0\0\0\x73\x12\xfd\x03\0\0\0\0\x71\x81\xcb\x03\0\
\0\0\0\x73\x12\xfc\x03\0\0\0\0\x71\x81\xca\x03\0\0\0\0\x73\x12\xfb\x03\0\0\0\0\
\x71\x81\xc9\x03\0\0\0\0\x73\x12\xfa\x03\0\0\0\0\x71\x81\xc8\x03\0\0\0\0\x73\
\x12\xf9\x03\0\0\0\0\x71\x81\xc7\x03\0\0\0\0\x73\x12\xf8\x03\0\0\0\0\x71\x81\
\xc6\x03\0\0\0\0\x73\x12\xf7\x03\0\0\0\0\x71\x81\xc5\x03\0\0\0\0\x73\x12\xf6\
\x03\0\0\0\0\x71\x81\xc4\x03\0\0\0\0\x73\x12\xf5\x03\0\0\0\0\x71\x81\xc3\x03\0\
\0\0\0\x73\x12\xf4\x03\0\0\0\0\x71\x81\xc2\x03\0\0\0\0\x73\x12\xf3\x03\0\0\0\0\
\x71\x81\xc1\x03\0\0\0\0\x73\x12\xf2\x03\0\0\0\0\x71\x81\xc0\x03\0\0\0\0\x73\
\x12\xf1\x03\0\0\0\0\x71\x81\xbf\x03\0\0\0\0\x73\x12\xf0\x03\0\0\0\0\x71\x81\
\xbe\x03\0\0\0\0\x73\x12\xef\x03\0\0\0\0\x71\x81\xbd\x03\0\0\0\0\x73\x12\xee\
\x03\0\0\0\0\x71\x81\xbc\x03\0\0\0\0\x73\x12\xed\x03\0\0\0\0\x71\x81\xbb\x03\0\
\0\0\0\x73\x12\xec\x03\0\0\0\0\x71\x81\xba\x03\0\0\0\0\x73\x12\xeb\x03\0\0\0\0\
\x71\x81\xb9\x03\0\0\0\0\x73\x12\xea\x03\0\0\0\0\x71\x81\xb8\x03\0\0\0\0\x73\
\x12\xe9\x03\0\0\0\0\x71\x81\xb7\x03\0\0\0\0\x73\x12\xe8\x03\0\0\0\0\x71\x81\
\xb6\x03\0\0\0\0\x73\x12\xe7\x03\0\0\0\0\x71\x81\xb5\x03\0\0\0\0\x73\x12\xe6\
\x03\0\0\0\0\x71\x81\xb4\x03\0\0\0\0\x73\x12\xe5\x03\0\0\0\0\x71\x81\xb3\x03\0\
\0\0\0\x73\x12\xe4\x03\0\0\0\0\x71\x81\xb2\x03\0\0\0\0\x73\x12\xe3\x03\0\0\0\0\
\x71\x81\xb1\x03\0\0\0\0\x73\x12\xe2\x03\0\0\0\0\x71\x81\xb0\x03\0\0\0\0\x73\
\x12\xe1\x03\0\0\0\0\x71\x81\xaf\x03\0\0\0\0\x73\x12\xe0\x03\0\0\0\0\x71\x81\
\xae\x03\0\0\0\0\x73\x12\xdf\x03\0\0\0\0\x71\x81\xad\x03\0\0\0\0\x73\x12\xde\
\x03\0\0\0\0\x71\x81\xac\x03\0\0\0\0\x73\x12\xdd\x03\0\0\0\0\x71\x81\xab\x03\0\
\0\0\0\x73\x12\xdc\x03\0\0\0\0\x71\x81\xaa\x03\0\0\0\0\x73\x12\xdb\x03\0\0\0\0\
\x71\x81\xa9\x03\0\0\0\0\x73\x12\xda\x03\0\0\0\0\x71\x81\xa8\x03\0\0\0\0\x73\
\x12\xd9\x03\0\0\0\0\x71\x81\xa7\x03\0\0\0\0\x73\x12\xd8\x03\0\0\0\0\x71\x81\
\xa6\x03\0\0\0\0\x73\x12\xd7\x03\0\0\0\0\x71\x81\xa5\x03\0\0\0\0\x73\x12\xd6\
\x03\0\0\0\0\x71\x81\xa4\x03\0\0\0\0\x73\x12\xd5\x03\0\0\0\0\x71\x81\xa3\x03\0\
\0\0\0\x73\x12\xd4\x03\0\0\0\0\x71\x81\xa2\x03\0\0\0\0\x73\x12\xd3\x03\0\0\0\0\
\x71\x81\xa1\x03\0\0\0\0\x73\x12\xd2\x03\0\0\0\0\x71\x81\xa0\x03\0\0\0\0\x73\
\x12\xd1\x03\0\0\0\0\x71\x81\x9f\x03\0\0\0\0\x73\x12\xd0\x03\0\0\0\0\x71\x81\
\x9e\x03\0\0\0\0\x73\x12\xcf\x03\0\0\0\0\x71\x81\x9d\x03\0\0\0\0\x73\x12\xce\
\x03\0\0\0\0\x71\x81\x9c\x03\0\0\0\0\x73\x12\xcd\x03\0\0\0\0\x71\x81\x9b\x03\0\
\0\0\0\x73\x12\xcc\x03\0\0\0\0\x71\x81\x9a\x03\0\0\0\0\x73\x12\xcb\x03\0\0\0\0\
\x71\x81\x99\x03\0\0\0\0\x73\x12\xca\x03\0\0\0\0\x71\x81\x98\x03\0\0\0\0\x73\
\x12\xc9\x03\0\0\0\0\x71\x81\x97\x03\0\0\0\0\x73\x12\xc8\x03\0\0\0\0\x71\x81\
\x96\x03\0\0\0\0\x73\x12\xc7\x03\0\0\0\0\x71\x81\x95\x03\0\0\0\0\x73\x12\xc6\
\x03\0\0\0\0\x71\x81\x94\x03\0\0\0\0\x73\x12\xc5\x03\0\0\0\0\x71\x81\x93\x03\0\
\0\0\0\x73\x12\xc4\x03\0\0\0\0\x71\x81\x92\x03\0\0\0\0\x73\x12\xc3\x03\0\0\0\0\
\x71\x81\x91\x03\0\0\0\0\x73\x12\xc2\x03\0\0\0\0\x71\x81\x90\x03\0\0\0\0\x73\
\x12\xc1\x03\0\0\0\0\x71\x81\x8f\x03\0\0\0\0\x73\x12\xc0\x03\0\0\0\0\x71\x81\
\x8e\x03\0\0\0\0\x73\x12\xbf\x03\0\0\0\0\x71\x81\x8d\x03\0\0\0\0\x73\x12\xbe\
\x03\0\0\0\0\x71\x81\x8c\x03\0\0\0\0\x73\x12\xbd\x03\0\0\0\0\x71\x81\x8b\x03\0\
\0\0\0\x73\x12\xbc\x03\0\0\0\0\x71\x81\x8a\x03\0\0\0\0\x73\x12\xbb\x03\0\0\0\0\
\x71\x81\x89\x03\0\0\0\0\x73\x12\xba\x03\0\0\0\0\x71\x81\x88\x03\0\0\0\0\x73\
\x12\xb9\x03\0\0\0\0\x71\x81\x87\x03\0\0\0\0\x73\x12\xb8\x03\0\0\0\0\x71\x81\
\x86\x03\0\0\0\0\x73\x12\xb7\x03\0\0\0\0\x71\x81\x85\x03\0\0\0\0\x73\x12\xb6\
\x03\0\0\0\0\x71\x81\x84\x03\0\0\0\0\x73\x12\xb5\x03\0\0\0\0\x71\x81\x83\x03\0\
\0\0\0\x73\x12\xb4\x03\0\0\0\0\x71\x81\x82\x03\0\0\0\0\x73\x12\xb3\x03\0\0\0\0\
\x71\x81\x81\x03\0\0\0\0\x73\x12\xb2\x03\0\0\0\0\x71\x81\x80\x03\0\0\0\0\x73\
\x12\xb1\x03\0\0\0\0\x71\x81\x7f\x03\0\0\0\0\x73\x12\xb0\x03\0\0\0\0\x71\x81\
\x7e\x03\0\0\0\0\x73\x12\xaf\x03\0\0\0\0\x71\x81\x7d\x03\0\0\0\0\x73\x12\xae\
\x03\0\0\0\0\x71\x81\x7c\x03\0\0\0\0\x73\x12\xad\x03\0\0\0\0\x71\x81\x7b\x03\0\
\0\0\0\x73\x12\xac\x03\0\0\0\0\x71\x81\x7a\x03\0\0\0\0\x73\x12\xab\x03\0\0\0\0\
\x71\x81\x79\x03\0\0\0\0\x73\x12\xaa\x03\0\0\0\0\x71\x81\x78\x03\0\0\0\0\x73\
\x12\xa9\x03\0\0\0\0\x71\x81\x77\x03\0\0\0\0\x73\x12\xa8\x03\0\0\0\0\x71\x81\
\x76\x03\0\0\0\0\x73\x12\xa7\x03\0\0\0\0\x71\x81\x75\x03\0\0\0\0\x73\x12\xa6\
\x03\0\0\0\0\x71\x81\x74\x03\0\0\0\0\x73\x12\xa5\x03\0\0\0\0\x71\x81\x73\x03\0\
\0\0\0\x73\x12\xa4\x03\0\0\0\0\x71\x81\x72\x03\0\0\0\0\x73\x12\xa3\x03\0\0\0\0\
\x71\x81\x71\x03\0\0\0\0\x73\x12\xa2\x03\0\0\0\0\x71\x81\x70\x03\0\0\0\0\x73\
\x12\xa1\x03\0\0\0\0\x71\x81\x6f\x03\0\0\0\0\x73\x12\xa0\x03\0\0\0\0\x71\x81\
\x6e\x03\0\0\0\0\x73\x12\x9f\x03\0\0\0\0\x71\x81\x6d\x03\0\0\0\0\x73\x12\x9e\
\x03\0\0\0\0\x71\x81\x6c\x03\0\0\0\0\x73\x12\x9d\x03\0\0\0\0\x71\x81\x6b\x03\0\
\0\0\0\x73\x12\x9c\x03\0\0\0\0\x71\x81\x6a\x03\0\0\0\0\x73\x12\x9b\x03\0\0\0\0\
\x71\x81\x69\x03\0\0\0\0\x73\x12\x9a\x03\0\0\0\0\x71\x81\x68\x03\0\0\0\0\x73\
\x12\x99\x03\0\0\0\0\x71\x81\x67\x03\0\0\0\0\x73\x12\x98\x03\0\0\0\0\x71\x81\
\x66\x03\0\0\0\0\x73\x12\x97\x03\0\0\0\0\x71\x81\x65\x03\0\0\0\0\x73\x12\x96\
\x03\0\0\0\0\x71\x81\x64\x03\0\0\0\0\x73\x12\x95\x03\0\0\0\0\x71\x81\x63\x03\0\
\0\0\0\x73\x12\x94\x03\0\0\0\0\x71\x81\x62\x03\0\0\0\0\x73\x12\x93\x03\0\0\0\0\
\x71\x81\x61\x03\0\0\0\0\x73\x12\x92\x03\0\0\0\0\x71\x81\x60\x03\0\0\0\0\x73\
\x12\x91\x03\0\0\0\0\x71\x81\x5f\x03\0\0\0\0\x73\x12\x90\x03\0\0\0\0\x71\x81\
\x5e\x03\0\0\0\0\x73\x12\x8f\x03\0\0\0\0\x71\x81\x5d\x03\0\0\0\0\x73\x12\x8e\
\x03\0\0\0\0\x71\x81\x5c\x03\0\0\0\0\x73\x12\x8d\x03\0\0\0\0\x71\x81\x5b\x03\0\
\0\0\0\x73\x12\x8c\x03\0\0\0\0\x71\x81\x5a\x03\0\0\0\0\x73\x12\x8b\x03\0\0\0\0\
\x71\x81\x59\x03\0\0\0\0\x73\x12\x8a\x03\0\0\0\0\x71\x81\x58\x03\0\0\0\0\x73\
\x12\x89\x03\0\0\0\0\x71\x81\x57\x03\0\0\0\0\x73\x12\x88\x03\0\0\0\0\x71\x81\
\x56\x03\0\0\0\0\x73\x12\x87\x03\0\0\0\0\x71\x81\x55\x03\0\0\0\0\x73\x12\x86\
\x03\0\0\0\0\x71\x81\x54\x03\0\0\0\0\x73\x12\x85\x03\0\0\0\0\x71\x81\x53\x03\0\
\0\0\0\x73\x12\x84\x03\0\0\0\0\x71\x81\x52\x03\0\0\0\0\x73\x12\x83\x03\0\0\0\0\
\x71\x81\x51\x03\0\0\0\0\x73\x12\x82\x03\0\0\0\0\x71\x81\x50\x03\0\0\0\0\x73\
\x12\x81\x03\0\0\0\0\x71\x81\x4f\x03\0\0\0\0\x73\x12\x80\x03\0\0\0\0\x71\x81\
\x4e\x03\0\0\0\0\x73\x12\x7f\x03\0\0\0\0\x71\x81\x4d\x03\0\0\0\0\x73\x12\x7e\
\x03\0\0\0\0\x71\x81\x4c\x03\0\0\0\0\x73\x12\x7d\x03\0\0\0\0\x71\x81\x4b\x03\0\
\0\0\0\x73\x12\x7c\x03\0\0\0\0\x71\x81\x4a\x03\0\0\0\0\x73\x12\x7b\x03\0\0\0\0\
\x71\x81\x49\x03\0\0\0\0\x73\x12\x7a\x03\0\0\0\0\x71\x81\x48\x03\0\0\0\0\x73\
\x12\x79\x03\0\0\0\0\x71\x81\x47\x03\0\0\0\0\x73\x12\x78\x03\0\0\0\0\x71\x81\
\x46\x03\0\0\0\0\x73\x12\x77\x03\0\0\0\0\x71\x81\x45\x03\0\0\0\0\x73\x12\x76\
\x03\0\0\0\0\x71\x81\x44\x03\0\0\0\0\x73\x12\x75\x03\0\0\0\0\x71\x81\x43\x03\0\
\0\0\0\x73\x12\x74\x03\0\0\0\0\x71\x81\x42\x03\0\0\0\0\x73\x12\x73\x03\0\0\0\0\
\x71\x81\x41\x03\0\0\0\0\x73\x12\x72\x03\0\0\0\0\x71\x81\x40\x03\0\0\0\0\x73\
\x12\x71\x03\0\0\0\0\x71\x81\x3f\x03\0\0\0\0\x73\x12\x70\x03\0\0\0\0\x71\x81\
\x3e\x03\0\0\0\0\x73\x12\x6f\x03\0\0\0\0\x71\x81\x3d\x03\0\0\0\0\x73\x12\x6e\
\x03\0\0\0\0\x71\x81\x3c\x03\0\0\0\0\x73\x12\x6d\x03\0\0\0\0\x71\x81\x3b\x03\0\
\0\0\0\x73\x12\x6c\x03\0\0\0\0\x71\x81\x3a\x03\0\0\0\0\x73\x12\x6b\x03\0\0\0\0\
\x71\x81\x39\x03\0\0\0\0\x73\x12\x6a\x03\0\0\0\0\x71\x81\x38\x03\0\0\0\0\x73\
\x12\x69\x03\0\0\0\0\x71\x81\x37\x03\0\0\0\0\x73\x12\x68\x03\0\0\0\0\x71\x81\
\x36\x03\0\0\0\0\x73\x12\x67\x03\0\0\0\0\x71\x81\x35\x03\0\0\0\0\x73\x12\x66\
\x03\0\0\0\0\x71\x81\x34\x03\0\0\0\0\x73\x12\x65\x03\0\0\0\0\x71\x81\x33\x03\0\
\0\0\0\x73\x12\x64\x03\0\0\0\0\x71\x81\x32\x03\0\0\0\0\x73\x12\x63\x03\0\0\0\0\
\x71\x81\x31\x03\0\0\0\0\x73\x12\x62\x03\0\0\0\0\x71\x81\x30\x03\0\0\0\0\x73\
\x12\x61\x03\0\0\0\0\x71\x81\x2f\x03\0\0\0\0\x73\x12\x60\x03\0\0\0\0\x71\x81\
\x2e\x03\0\0\0\0\x73\x12\x5f\x03\0\0\0\0\x71\x81\x2d\x03\0\0\0\0\x73\x12\x5e\
\x03\0\0\0\0\x71\x81\x2c\x03\0\0\0\0\x73\x12\x5d\x03\0\0\0\0\x71\x81\x2b\x03\0\
\0\0\0\x73\x12\x5c\x03\0\0\0\0\x71\x81\x2a\x03\0\0\0\0\x73\x12\x5b\x03\0\0\0\0\
\x71\x81\x29\x03\0\0\0\0\x73\x12\x5a\x03\0\0\0\0\x71\x81\x28\x03\0\0\0\0\x73\
\x12\x59\x03\0\0\0\0\x71\x81\x27\x03\0\0\0\0\x73\x12\x58\x03\0\0\0\0\x71\x81\
\x26\x03\0\0\0\0\x73\x12\x57\x03\0\0\0\0\x71\x81\x25\x03\0\0\0\0\x73\x12\x56\
\x03\0\0\0\0\x71\x81\x24\x03\0\0\0\0\x73\x12\x55\x03\0\0\0\0\x71\x81\x23\x03\0\
\0\0\0\x73\x12\x54\x03\0\0\0\0\x71\x81\x22\x03\0\0\0\0\x73\x12\x53\x03\0\0\0\0\
\x71\x81\x21\x03\0\0\0\0\x73\x12\x52\x03\0\0\0\0\x71\x81\x20\x03\0\0\0\0\x73\
\x12\x51\x03\0\0\0\0\x71\x81\x1f\x03\0\0\0\0\x73\x12\x50\x03\0\0\0\0\x71\x81\
\x1e\x03\0\0\0\0\x73\x12\x4f\x03\0\0\0\0\x71\x81\x1d\x03\0\0\0\0\x73\x12\x4e\
\x03\0\0\0\0\x71\x81\x1c\x03\0\0\0\0\x73\x12\x4d\x03\0\0\0\0\x71\x81\x1b\x03\0\
\0\0\0\x73\x12\x4c\x03\0\0\0\0\x71\x81\x1a\x03\0\0\0\0\x73\x12\x4b\x03\0\0\0\0\
\x71\x81\x19\x03\0\0\0\0\x73\x12\x4a\x03\0\0\0\0\x71\x81\x18\x03\0\0\0\0\x73\
\x12\x49\x03\0\0\0\0\x71\x81\x17\x03\0\0\0\0\x73\x12\x48\x03\0\0\0\0\x71\x81\
\x16\x03\0\0\0\0\x73\x12\x47\x03\0\0\0\0\x71\x81\x15\x03\0\0\0\0\x73\x12\x46\
\x03\0\0\0\0\x71\x81\x14\x03\0\0\0\0\x73\x12\x45\x03\0\0\0\0\x71\x81\x13\x03\0\
\0\0\0\x73\x12\x44\x03\0\0\0\0\x71\x81\x12\x03\0\0\0\0\x73\x12\x43\x03\0\0\0\0\
\x71\x81\x11\x03\0\0\0\0\x73\x12\x42\x03\0\0\0\0\x71\x81\x10\x03\0\0\0\0\x73\
\x12\x41\x03\0\0\0\0\x71\x81\x0f\x03\0\0\0\0\x73\x12\x40\x03\0\0\0\0\x71\x81\
\x0e\x03\0\0\0\0\x73\x12\x3f\x03\0\0\0\0\x71\x81\x0d\x03\0\0\0\0\x73\x12\x3e\
\x03\0\0\0\0\x71\x81\x0c\x03\0\0\0\0\x73\x12\x3d\x03\0\0\0\0\x71\x81\x0b\x03\0\
\0\0\0\x73\x12\x3c\x03\0\0\0\0\x71\x81\x0a\x03\0\0\0\0\x73\x12\x3b\x03\0\0\0\0\
\x71\x81\x09\x03\0\0\0\0\x73\x12\x3a\x03\0\0\0\0\x71\x81\x08\x03\0\0\0\0\x73\
\x12\x39\x03\0\0\0\0\x71\x81\x07\x03\0\0\0\0\x73\x12\x38\x03\0\0\0\0\x71\x81\
\x06\x03\0\0\0\0\x73\x12\x37\x03\0\0\0\0\x71\x81\x05\x03\0\0\0\0\x73\x12\x36\
\x03\0\0\0\0\x71\x81\x04\x03\0\0\0\0\x73\x12\x35\x03\0\0\0\0\x71\x81\x03\x03\0\
\0\0\0\x73\x12\x34\x03\0\0\0\0\x71\x81\x02\x03\0\0\0\0\x73\x12\x33\x03\0\0\0\0\
\x71\x81\x01\x03\0\0\0\0\x73\x12\x32\x03\0\0\0\0\x71\x81\0\x03\0\0\0\0\x73\x12\
\x31\x03\0\0\0\0\xa6\x04\x9a\x3e\x01\x04\0\0\xbf\x81\0\0\0\0\0\0\x07\x01\0\0\0\
\x05\0\0\x2d\x51\x97\x3e\0\0\0\0\x71\x81\xff\x04\0\0\0\0\x79\xa2\xb0\xff\0\0\0\
\0\x73\x12\x30\x05\0\0\0\0\x71\x81\xfe\x04\0\0\0\0\x73\x12\x2f\x05\0\0\0\0\x71\
\x81\xfd\x04\0\0\0\0\x73\x12\x2e\x05\0\0\0\0\x71\x81\xfc\x04\0\0\0\0\x73\x12\
\x2d\x05\0\0\0\0\x71\x81\xfb\x04\0\0\0\0\x73\x12\x2c\x05\0\0\0\0\x71\x81\xfa\
\x04\0\0\0\0\x73\x12\x2b\x05\0\0\0\0\x71\x81\xf9\x04\0\0\0\0\x73\x12\x2a\x05\0\
\0\0\0\x71\x81\xf8\x04\0\0\0\0\x73\x12\x29\x05\0\0\0\0\x71\x81\xf7\x04\0\0\0\0\
\x73\x12\x28\x05\0\0\0\0\x71\x81\xf6\x04\0\0\0\0\x73\x12\x27\x05\0\0\0\0\x71\
\x81\xf5\x04\0\0\0\0\x73\x12\x26\x05\0\0\0\0\x71\x81\xf4\x04\0\0\0\0\x73\x12\
\x25\x05\0\0\0\0\x71\x81\xf3\x04\0\0\0\0\x73\x12\x24\x05\0\0\0\0\x71\x81\xf2\
\x04\0\0\0\0\x73\x12\x23\x05\0\0\0\0\x71\x81\xf1\x04\0\0\0\0\x73\x12\x22\x05\0\
\0\0\0\x71\x81\xf0\x04\0\0\0\0\x73\x12\x21\x05\0\0\0\0\x71\x81\xef\x04\0\0\0\0\
\x73\x12\x20\x05\0\0\0\0\x71\x81\xee\x04\0\0\0\0\x73\x12\x1f\x05\0\0\0\0\x71\
\x81\xed\x04\0\0\0\0\x73\x12\x1e\x05\0\0\0\0\x71\x81\xec\x04\0\0\0\0\x73\x12\
\x1d\x05\0\0\0\0\x71\x81\xeb\x04\0\0\0\0\x73\x12\x1c\x05\0\0\0\0\x71\x81\xea\
\x04\0\0\0\0\x73\x12\x1b\x05\0\0\0\0\x71\x81\xe9\x04\0\0\0\0\x73\x12\x1a\x05\0\
\0\0\0\x71\x81\xe8\x04\0\0\0\0\x73\x12\x19\x05\0\0\0\0\x71\x81\xe7\x04\0\0\0\0\
\x73\x12\x18\x05\0\0\0\0\x71\x81\xe6\x04\0\0\0\0\x73\x12\x17\x05\0\0\0\0\x71\
\x81\xe5\x04\0\0\0\0\x73\x12\x16\x05\0\0\0\0\x71\x81\xe4\x04\0\0\0\0\x73\x12\
\x15\x05\0\0\0\0\x71\x81\xe3\x04\0\0\0\0\x73\x12\x14\x05\0\0\0\0\x71\x81\xe2\
\x04\0\0\0\0\x73\x12\x13\x05\0\0\0\0\x71\x81\xe1\x04\0\0\0\0\x73\x12\x12\x05\0\
\0\0\0\x71\x81\xe0\x04\0\0\0\0\x73\x12\x11\x05\0\0\0\0\x71\x81\xdf\x04\0\0\0\0\
\x73\x12\x10\x05\0\0\0\0\x71\x81\xde\x04\0\0\0\0\x73\x12\x0f\x05\0\0\0\0\x71\
\x81\xdd\x04\0\0\0\0\x73\x12\x0e\x05\0\0\0\0\x71\x81\xdc\x04\0\0\0\0\x73\x12\
\x0d\x05\0\0\0\0\x71\x81\xdb\x04\0\0\0\0\x73\x12\x0c\x05\0\0\0\0\x71\x81\xda\
\x04\0\0\0\0\x73\x12\x0b\x05\0\0\0\0\x71\x81\xd9\x04\0\0\0\0\x73\x12\x0a\x05\0\
\0\0\0\x71\x81\xd8\x04\0\0\0\0\x73\x12\x09\x05\0\0\0\0\x71\x81\xd7\x04\0\0\0\0\
\x73\x12\x08\x05\0\0\0\0\x71\x81\xd6\x04\0\0\0\0\x73\x12\x07\x05\0\0\0\0\x71\
\x81\xd5\x04\0\0\0\0\x73\x12\x06\x05\0\0\0\0\x71\x81\xd4\x04\0\0\0\0\x73\x12\
\x05\x05\0\0\0\0\x71\x81\xd3\x04\0\0\0\0\x73\x12\x04\x05\0\0\0\0\x71\x81\xd2\
\x04\0\0\0\0\x73\x12\x03\x05\0\0\0\0\x71\x81\xd1\x04\0\0\0\0\x73\x12\x02\x05\0\
\0\0\0\x71\x81\xd0\x04\0\0\0\0\x73\x12\x01\x05\0\0\0\0\x71\x81\xcf\x04\0\0\0\0\
\x73\x12\0\x05\0\0\0\0\x71\x81\xce\x04\0\0\0\0\x73\x12\xff\x04\0\0\0\0\x71\x81\
\xcd\x04\0\0\0\0\x73\x12\xfe\x04\0\0\0\0\x71\x81\xcc\x04\0\0\0\0\x73\x12\xfd\
\x04\0\0\0\0\x71\x81\xcb\x04\0\0\0\0\x73\x12\xfc\x04\0\0\0\0\x71\x81\xca\x04\0\
\0\0\0\x73\x12\xfb\x04\0\0\0\0\x71\x81\xc9\x04\0\0\0\0\x73\x12\xfa\x04\0\0\0\0\
\x71\x81\xc8\x04\0\0\0\0\x73\x12\xf9\x04\0\0\0\0\x71\x81\xc7\x04\0\0\0\0\x73\
\x12\xf8\x04\0\0\0\0\x71\x81\xc6\x04\0\0\0\0\x73\x12\xf7\x04\0\0\0\0\x71\x81\
\xc5\x04\0\0\0\0\x73\x12\xf6\x04\0\0\0\0\x71\x81\xc4\x04\0\0\0\0\x73\x12\xf5\
\x04\0\0\0\0\x71\x81\xc3\x04\0\0\0\0\x73\x12\xf4\x04\0\0\0\0\x71\x81\xc2\x04\0\
\0\0\0\x73\x12\xf3\x04\0\0\0\0\x71\x81\xc1\x04\0\0\0\0\x73\x12\xf2\x04\0\0\0\0\
\x71\x81\xc0\x04\0\0\0\0\x73\x12\xf1\x04\0\0\0\0\x71\x81\xbf\x04\0\0\0\0\x73\
\x12\xf0\x04\0\0\0\0\x71\x81\xbe\x04\0\0\0\0\x73\x12\xef\x04\0\0\0\0\x71\x81\
\xbd\x04\0\0\0\0\x73\x12\xee\x04\0\0\0\0\x71\x81\xbc\x04\0\0\0\0\x73\x12\xed\
\x04\0\0\0\0\x71\x81\xbb\x04\0\0\0\0\x73\x12\xec\x04\0\0\0\0\x71\x81\xba\x04\0\
\0\0\0\x73\x12\xeb\x04\0\0\0\0\x71\x81\xb9\x04\0\0\0\0\x73\x12\xea\x04\0\0\0\0\
\x71\x81\xb8\x04\0\0\0\0\x73\x12\xe9\x04\0\0\0\0\x71\x81\xb7\x04\0\0\0\0\x73\
\x12\xe8\x04\0\0\0\0\x71\x81\xb6\x04\0\0\0\0\x73\x12\xe7\x04\0\0\0\0\x71\x81\
\xb5\x04\0\0\0\0\x73\x12\xe6\x04\0\0\0\0\x71\x81\xb4\x04\0\0\0\0\x73\x12\xe5\
\x04\0\0\0\0\x71\x81\xb3\x04\0\0\0\0\x73\x12\xe4\x04\0\0\0\0\x71\x81\xb2\x04\0\
\0\0\0\x73\x12\xe3\x04\0\0\0\0\x71\x81\xb1\x04\0\0\0\0\x73\x12\xe2\x04\0\0\0\0\
\x71\x81\xb0\x04\0\0\0\0\x73\x12\xe1\x04\0\0\0\0\x71\x81\xaf\x04\0\0\0\0\x73\
\x12\xe0\x04\0\0\0\0\x71\x81\xae\x04\0\0\0\0\x73\x12\xdf\x04\0\0\0\0\x71\x81\
\xad\x04\0\0\0\0\x73\x12\xde\x04\0\0\0\0\x71\x81\xac\x04\0\0\0\0\x73\x12\xdd\
\x04\0\0\0\0\x71\x81\xab\x04\0\0\0\0\x73\x12\xdc\x04\0\0\0\0\x71\x81\xaa\x04\0\
\0\0\0\x73\x12\xdb\x04\0\0\0\0\x71\x81\xa9\x04\0\0\0\0\x73\x12\xda\x04\0\0\0\0\
\x71\x81\xa8\x04\0\0\0\0\x73\x12\xd9\x04\0\0\0\0\x71\x81\xa7\x04\0\0\0\0\x73\
\x12\xd8\x04\0\0\0\0\x71\x81\xa6\x04\0\0\0\0\x73\x12\xd7\x04\0\0\0\0\x71\x81\
\xa5\x04\0\0\0\0\x73\x12\xd6\x04\0\0\0\0\x71\x81\xa4\x04\0\0\0\0\x73\x12\xd5\
\x04\0\0\0\0\x71\x81\xa3\x04\0\0\0\0\x73\x12\xd4\x04\0\0\0\0\x71\x81\xa2\x04\0\
\0\0\0\x73\x12\xd3\x04\0\0\0\0\x71\x81\xa1\x04\0\0\0\0\x73\x12\xd2\x04\0\0\0\0\
\x71\x81\xa0\x04\0\0\0\0\x73\x12\xd1\x04\0\0\0\0\x71\x81\x9f\x04\0\0\0\0\x73\
\x12\xd0\x04\0\0\0\0\x71\x81\x9e\x04\0\0\0\0\x73\x12\xcf\x04\0\0\0\0\x71\x81\
\x9d\x04\0\0\0\0\x73\x12\xce\x04\0\0\0\0\x71\x81\x9c\x04\0\0\0\0\x73\x12\xcd\
\x04\0\0\0\0\x71\x81\x9b\x04\0\0\0\0\x73\x12\xcc\x04\0\0\0\0\x71\x81\x9a\x04\0\
\0\0\0\x73\x12\xcb\x04\0\0\0\0\x71\x81\x99\x04\0\0\0\0\x73\x12\xca\x04\0\0\0\0\
\x71\x81\x98\x04\0\0\0\0\x73\x12\xc9\x04\0\0\0\0\x71\x81\x97\x04\0\0\0\0\x73\
\x12\xc8\x04\0\0\0\0\x71\x81\x96\x04\0\0\0\0\x73\x12\xc7\x04\0\0\0\0\x71\x81\
\x95\x04\0\0\0\0\x73\x12\xc6\x04\0\0\0\0\x71\x81\x94\x04\0\0\0\0\x73\x12\xc5\
\x04\0\0\0\0\x71\x81\x93\x04\0\0\0\0\x73\x12\xc4\x04\0\0\0\0\x71\x81\x92\x04\0\
\0\0\0\x73\x12\xc3\x04\0\0\0\0\x71\x81\x91\x04\0\0\0\0\x73\x12\xc2\x04\0\0\0\0\
\x71\x81\x90\x04\0\0\0\0\x73\x12\xc1\x04\0\0\0\0\x71\x81\x8f\x04\0\0\0\0\x73\
\x12\xc0\x04\0\0\0\0\x71\x81\x8e\x04\0\0\0\0\x73\x12\xbf\x04\0\0\0\0\x71\x81\
\x8d\x04\0\0\0\0\x73\x12\xbe\x04\0\0\0\0\x71\x81\x8c\x04\0\0\0\0\x73\x12\xbd\
\x04\0\0\0\0\x71\x81\x8b\x04\0\0\0\0\x73\x12\xbc\x04\0\0\0\0\x71\x81\x8a\x04\0\
\0\0\0\x73\x12\xbb\x04\0\0\0\0\x71\x81\x89\x04\0\0\0\0\x73\x12\xba\x04\0\0\0\0\
\x71\x81\x88\x04\0\0\0\0\x73\x12\xb9\x04\0\0\0\0\x71\x81\x87\x04\0\0\0\0\x73\
\x12\xb8\x04\0\0\0\0\x71\x81\x86\x04\0\0\0\0\x73\x12\xb7\x04\0\0\0\0\x71\x81\
\x85\x04\0\0\0\0\x73\x12\xb6\x04\0\0\0\0\x71\x81\x84\x04\0\0\0\0\x73\x12\xb5\
\x04\0\0\0\0\x71\x81\x83\x04\0\0\0\0\x73\x12\xb4\x04\0\0\0\0\x71\x81\x82\x04\0\
\0\0\0\x73\x12\xb3\x04\0\0\0\0\x71\x81\x81\x04\0\0\0\0\x73\x12\xb2\x04\0\0\0\0\
\x71\x81\x80\x04\0\0\0\0\x73\x12\xb1\x04\0\0\0\0\x71\x81\x7f\x04\0\0\0\0\x73\
\x12\xb0\x04\0\0\0\0\x71\x81\x7e\x04\0\0\0\0\x73\x12\xaf\x04\0\0\0\0\x71\x81\
\x7d\x04\0\0\0\0\x73\x12\xae\x04\0\0\0\0\x71\x81\x7c\x04\0\0\0\0\x73\x12\xad\
\x04\0\0\0\0\x71\x81\x7b\x04\0\0\0\0\x73\x12\xac\x04\0\0\0\0\x71\x81\x7a\x04\0\
\0\0\0\x73\x12\xab\x04\0\0\0\0\x71\x81\x79\x04\0\0\0\0\x73\x12\xaa\x04\0\0\0\0\
\x71\x81\x78\x04\0\0\0\0\x73\x12\xa9\x04\0\0\0\0\x71\x81\x77\x04\0\0\0\0\x73\
\x12\xa8\x04\0\0\0\0\x71\x81\x76\x04\0\0\0\0\x73\x12\xa7\x04\0\0\0\0\x71\x81\
\x75\x04\0\0\0\0\x73\x12\xa6\x04\0\0\0\0\x71\x81\x74\x04\0\0\0\0\x73\x12\xa5\
\x04\0\0\0\0\x71\x81\x73\x04\0\0\0\0\x73\x12\xa4\x04\0\0\0\0\x71\x81\x72\x04\0\
\0\0\0\x73\x12\xa3\x04\0\0\0\0\x71\x81\x71\x04\0\0\0\0\x73\x12\xa2\x04\0\0\0\0\
\x71\x81\x70\x04\0\0\0\0\x73\x12\xa1\x04\0\0\0\0\x71\x81\x6f\x04\0\0\0\0\x73\
\x12\xa0\x04\0\0\0\0\x71\x81\x6e\x04\0\0\0\0\x73\x12\x9f\x04\0\0\0\0\x71\x81\
\x6d\x04\0\0\0\0\x73\x12\x9e\x04\0\0\0\0\x71\x81\x6c\x04\0\0\0\0\x73\x12\x9d\
\x04\0\0\0\0\x71\x81\x6b\x04\0\0\0\0\x73\x12\x9c\x04\0\0\0\0\x71\x81\x6a\x04\0\
\0\0\0\x73\x12\x9b\x04\0\0\0\0\x71\x81\x69\x04\0\0\0\0\x73\x12\x9a\x04\0\0\0\0\
\x71\x81\x68\x04\0\0\0\0\x73\x12\x99\x04\0\0\0\0\x71\x81\x67\x04\0\0\0\0\x73\
\x12\x98\x04\0\0\0\0\x71\x81\x66\x04\0\0\0\0\x73\x12\x97\x04\0\0\0\0\x71\x81\
\x65\x04\0\0\0\0\x73\x12\x96\x04\0\0\0\0\x71\x81\x64\x04\0\0\0\0\x73\x12\x95\
\x04\0\0\0\0\x71\x81\x63\x04\0\0\0\0\x73\x12\x94\x04\0\0\0\0\x71\x81\x62\x04\0\
\0\0\0\x73\x12\x93\x04\0\0\0\0\x71\x81\x61\x04\0\0\0\0\x73\x12\x92\x04\0\0\0\0\
\x71\x81\x60\x04\0\0\0\0\x73\x12\x91\x04\0\0\0\0\x71\x81\x5f\x04\0\0\0\0\x73\
\x12\x90\x04\0\0\0\0\x71\x81\x5e\x04\0\0\0\0\x73\x12\x8f\x04\0\0\0\0\x71\x81\
\x5d\x04\0\0\0\0\x73\x12\x8e\x04\0\0\0\0\x71\x81\x5c\x04\0\0\0\0\x73\x12\x8d\
\x04\0\0\0\0\x71\x81\x5b\x04\0\0\0\0\x73\x12\x8c\x04\0\0\0\0\x71\x81\x5a\x04\0\
\0\0\0\x73\x12\x8b\x04\0\0\0\0\x71\x81\x59\x04\0\0\0\0\x73\x12\x8a\x04\0\0\0\0\
\x71\x81\x58\x04\0\0\0\0\x73\x12\x89\x04\0\0\0\0\x71\x81\x57\x04\0\0\0\0\x73\
\x12\x88\x04\0\0\0\0\x71\x81\x56\x04\0\0\0\0\x73\x12\x87\x04\0\0\0\0\x71\x81\
\x55\x04\0\0\0\0\x73\x12\x86\x04\0\0\0\0\x71\x81\x54\x04\0\0\0\0\x73\x12\x85\
\x04\0\0\0\0\x71\x81\x53\x04\0\0\0\0\x73\x12\x84\x04\0\0\0\0\x71\x81\x52\x04\0\
\0\0\0\x73\x12\x83\x04\0\0\0\0\x71\x81\x51\x04\0\0\0\0\x73\x12\x82\x04\0\0\0\0\
\x71\x81\x50\x04\0\0\0\0\x73\x12\x81\x04\0\0\0\0\x71\x81\x4f\x04\0\0\0\0\x73\
\x12\x80\x04\0\0\0\0\x71\x81\x4e\x04\0\0\0\0\x73\x12\x7f\x04\0\0\0\0\x71\x81\
\x4d\x04\0\0\0\0\x73\x12\x7e\x04\0\0\0\0\x71\x81\x4c\x04\0\0\0\0\x73\x12\x7d\
\x04\0\0\0\0\x71\x81\x4b\x04\0\0\0\0\x73\x12\x7c\x04\0\0\0\0\x71\x81\x4a\x04\0\
\0\0\0\x73\x12\x7b\x04\0\0\0\0\x71\x81\x49\x04\0\0\0\0\x73\x12\x7a\x04\0\0\0\0\
\x71\x81\x48\x04\0\0\0\0\x73\x12\x79\x04\0\0\0\0\x71\x81\x47\x04\0\0\0\0\x73\
\x12\x78\x04\0\0\0\0\x71\x81\x46\x04\0\0\0\0\x73\x12\x77\x04\0\0\0\0\x71\x81\
\x45\x04\0\0\0\0\x73\x12\x76\x04\0\0\0\0\x71\x81\x44\x04\0\0\0\0\x73\x12\x75\
\x04\0\0\0\0\x71\x81\x43\x04\0\0\0\0\x73\x12\x74\x04\0\0\0\0\x71\x81\x42\x04\0\
\0\0\0\x73\x12\x73\x04\0\0\0\0\x71\x81\x41\x04\0\0\0\0\x73\x12\x72\x04\0\0\0\0\
\x71\x81\x40\x04\0\0\0\0\x73\x12\x71\x04\0\0\0\0\x71\x81\x3f\x04\0\0\0\0\x73\
\x12\x70\x04\0\0\0\0\x71\x81\x3e\x04\0\0\0\0\x73\x12\x6f\x04\0\0\0\0\x71\x81\
\x3d\x04\0\0\0\0\x73\x12\x6e\x04\0\0\0\0\x71\x81\x3c\x04\0\0\0\0\x73\x12\x6d\
\x04\0\0\0\0\x71\x81\x3b\x04\0\0\0\0\x73\x12\x6c\x04\0\0\0\0\x71\x81\x3a\x04\0\
\0\0\0\x73\x12\x6b\x04\0\0\0\0\x71\x81\x39\x04\0\0\0\0\x73\x12\x6a\x04\0\0\0\0\
\x71\x81\x38\x04\0\0\0\0\x73\x12\x69\x04\0\0\0\0\x71\x81\x37\x04\0\0\0\0\x73\
\x12\x68\x04\0\0\0\0\x71\x81\x36\x04\0\0\0\0\x73\x12\x67\x04\0\0\0\0\x71\x81\
\x35\x04\0\0\0\0\x73\x12\x66\x04\0\0\0\0\x71\x81\x34\x04\0\0\0\0\x73\x12\x65\
\x04\0\0\0\0\x71\x81\x33\x04\0\0\0\0\x73\x12\x64\x04\0\0\0\0\x71\x81\x32\x04\0\
\0\0\0\x73\x12\x63\x04\0\0\0\0\x71\x81\x31\x04\0\0\0\0\x73\x12\x62\x04\0\0\0\0\
\x71\x81\x30\x04\0\0\0\0\x73\x12\x61\x04\0\0\0\0\x71\x81\x2f\x04\0\0\0\0\x73\
\x12\x60\x04\0\0\0\0\x71\x81\x2e\x04\0\0\0\0\x73\x12\x5f\x04\0\0\0\0\x71\x81\
\x2d\x04\0\0\0\0\x73\x12\x5e\x04\0\0\0\0\x71\x81\x2c\x04\0\0\0\0\x73\x12\x5d\
\x04\0\0\0\0\x71\x81\x2b\x04\0\0\0\0\x73\x12\x5c\x04\0\0\0\0\x71\x81\x2a\x04\0\
\0\0\0\x73\x12\x5b\x04\0\0\0\0\x71\x81\x29\x04\0\0\0\0\x73\x12\x5a\x04\0\0\0\0\
\x71\x81\x28\x04\0\0\0\0\x73\x12\x59\x04\0\0\0\0\x71\x81\x27\x04\0\0\0\0\x73\
\x12\x58\x04\0\0\0\0\x71\x81\x26\x04\0\0\0\0\x73\x12\x57\x04\0\0\0\0\x71\x81\
\x25\x04\0\0\0\0\x73\x12\x56\x04\0\0\0\0\x71\x81\x24\x04\0\0\0\0\x73\x12\x55\
\x04\0\0\0\0\x71\x81\x23\x04\0\0\0\0\x73\x12\x54\x04\0\0\0\0\x71\x81\x22\x04\0\
\0\0\0\x73\x12\x53\x04\0\0\0\0\x71\x81\x21\x04\0\0\0\0\x73\x12\x52\x04\0\0\0\0\
\x71\x81\x20\x04\0\0\0\0\x73\x12\x51\x04\0\0\0\0\x71\x81\x1f\x04\0\0\0\0\x73\
\x12\x50\x04\0\0\0\0\x71\x81\x1e\x04\0\0\0\0\x73\x12\x4f\x04\0\0\0\0\x71\x81\
\x1d\x04\0\0\0\0\x73\x12\x4e\x04\0\0\0\0\x71\x81\x1c\x04\0\0\0\0\x73\x12\x4d\
\x04\0\0\0\0\x71\x81\x1b\x04\0\0\0\0\x73\x12\x4c\x04\0\0\0\0\x71\x81\x1a\x04\0\
\0\0\0\x73\x12\x4b\x04\0\0\0\0\x71\x81\x19\x04\0\0\0\0\x73\x12\x4a\x04\0\0\0\0\
\x71\x81\x18\x04\0\0\0\0\x73\x12\x49\x04\0\0\0\0\x71\x81\x17\x04\0\0\0\0\x73\
\x12\x48\x04\0\0\0\0\x71\x81\x16\x04\0\0\0\0\x73\x12\x47\x04\0\0\0\0\x71\x81\
\x15\x04\0\0\0\0\x73\x12\x46\x04\0\0\0\0\x71\x81\x14\x04\0\0\0\0\x73\x12\x45\
\x04\0\0\0\0\x71\x81\x13\x04\0\0\0\0\x73\x12\x44\x04\0\0\0\0\x71\x81\x12\x04\0\
\0\0\0\x73\x12\x43\x04\0\0\0\0\x71\x81\x11\x04\0\0\0\0\x73\x12\x42\x04\0\0\0\0\
\x71\x81\x10\x04\0\0\0\0\x73\x12\x41\x04\0\0\0\0\x71\x81\x0f\x04\0\0\0\0\x73\
\x12\x40\x04\0\0\0\0\x71\x81\x0e\x04\0\0\0\0\x73\x12\x3f\x04\0\0\0\0\x71\x81\
\x0d\x04\0\0\0\0\x73\x12\x3e\x04\0\0\0\0\x71\x81\x0c\x04\0\0\0\0\x73\x12\x3d\
\x04\0\0\0\0\x71\x81\x0b\x04\0\0\0\0\x73\x12\x3c\x04\0\0\0\0\x71\x81\x0a\x04\0\
\0\0\0\x73\x12\x3b\x04\0\0\0\0\x71\x81\x09\x04\0\0\0\0\x73\x12\x3a\x04\0\0\0\0\
\x71\x81\x08\x04\0\0\0\0\x73\x12\x39\x04\0\0\0\0\x71\x81\x07\x04\0\0\0\0\x73\
\x12\x38\x04\0\0\0\0\x71\x81\x06\x04\0\0\0\0\x73\x12\x37\x04\0\0\0\0\x71\x81\
\x05\x04\0\0\0\0\x73\x12\x36\x04\0\0\0\0\x71\x81\x04\x04\0\0\0\0\x73\x12\x35\
\x04\0\0\0\0\x71\x81\x03\x04\0\0\0\0\x73\x12\x34\x04\0\0\0\0\x71\x81\x02\x04\0\
\0\0\0\x73\x12\x33\x04\0\0\0\0\x71\x81\x01\x04\0\0\0\0\x73\x12\x32\x04\0\0\0\0\
\x71\x81\0\x04\0\0\0\0\x73\x12\x31\x04\0\0\0\0\xa6\x04\x95\x3c\x01\x05\0\0\xbf\
\x81\0\0\0\0\0\0\x07\x01\0\0\0\x06\0\0\x2d\x51\x92\x3c\0\0\0\0\x71\x81\xff\x05\
\0\0\0\0\x79\xa2\xb0\xff\0\0\0\0\x73\x12\x30\x06\0\0\0\0\x71\x81\xfe\x05\0\0\0\
\0\x73\x12\x2f\x06\0\0\0\0\x71\x81\xfd\x05\0\0\0\0\x73\x12\x2e\x06\0\0\0\0\x71\
\x81\xfc\x05\0\0\0\0\x73\x12\x2d\x06\0\0\0\0\x71\x81\xfb\x05\0\0\0\0\x73\x12\
\x2c\x06\0\0\0\0\x71\x81\xfa\x05\0\0\0\0\x73\x12\x2b\x06\0\0\0\0\x71\x81\xf9\
\x05\0\0\0\0\x73\x12\x2a\x06\0\0\0\0\x71\x81\xf8\x05\0\0\0\0\x73\x12\x29\x06\0\
\0\0\0\x71\x81\xf7\x05\0\0\0\0\x73\x12\x28\x06\0\0\0\0\x71\x81\xf6\x05\0\0\0\0\
\x73\x12\x27\x06\0\0\0\0\x71\x81\xf5\x05\0\0\0\0\x73\x12\x26\x06\0\0\0\0\x71\
\x81\xf4\x05\0\0\0\0\x73\x12\x25\x06\0\0\0\0\x71\x81\xf3\x05\0\0\0\0\x73\x12\
\x24\x06\0\0\0\0\x71\x81\xf2\x05\0\0\0\0\x73\x12\x23\x06\0\0\0\0\x71\x81\xf1\
\x05\0\0\0\0\x73\x12\x22\x06\0\0\0\0\x71\x81\xf0\x05\0\0\0\0\x73\x12\x21\x06\0\
\0\0\0\x71\x81\xef\x05\0\0\0\0\x73\x12\x20\x06\0\0\0\0\x71\x81\xee\x05\0\0\0\0\
\x73\x12\x1f\x06\0\0\0\0\x71\x81\xed\x05\0\0\0\0\x73\x12\x1e\x06\0\0\0\0\x71\
\x81\xec\x05\0\0\0\0\x73\x12\x1d\x06\0\0\0\0\x71\x81\xeb\x05\0\0\0\0\x73\x12\
\x1c\x06\0\0\0\0\x71\x81\xea\x05\0\0\0\0\x73\x12\x1b\x06\0\0\0\0\x71\x81\xe9\
\x05\0\0\0\0\x73\x12\x1a\x06\0\0\0\0\x71\x81\xe8\x05\0\0\0\0\x73\x12\x19\x06\0\
\0\0\0\x71\x81\xe7\x05\0\0\0\0\x73\x12\x18\x06\0\0\0\0\x71\x81\xe6\x05\0\0\0\0\
\x73\x12\x17\x06\0\0\0\0\x71\x81\xe5\x05\0\0\0\0\x73\x12\x16\x06\0\0\0\0\x71\
\x81\xe4\x05\0\0\0\0\x73\x12\x15\x06\0\0\0\0\x71\x81\xe3\x05\0\0\0\0\x73\x12\
\x14\x06\0\0\0\0\x71\x81\xe2\x05\0\0\0\0\x73\x12\x13\x06\0\0\0\0\x71\x81\xe1\
\x05\0\0\0\0\x73\x12\x12\x06\0\0\0\0\x71\x81\xe0\x05\0\0\0\0\x73\x12\x11\x06\0\
\0\0\0\x71\x81\xdf\x05\0\0\0\0\x73\x12\x10\x06\0\0\0\0\x71\x81\xde\x05\0\0\0\0\
\x73\x12\x0f\x06\0\0\0\0\x71\x81\xdd\x05\0\0\0\0\x73\x12\x0e\x06\0\0\0\0\x71\
\x81\xdc\x05\0\0\0\0\x73\x12\x0d\x06\0\0\0\0\x71\x81\xdb\x05\0\0\0\0\x73\x12\
\x0c\x06\0\0\0\0\x71\x81\xda\x05\0\0\0\0\x73\x12\x0b\x06\0\0\0\0\x71\x81\xd9\
\x05\0\0\0\0\x73\x12\x0a\x06\0\0\0\0\x71\x81\xd8\x05\0\0\0\0\x73\x12\x09\x06\0\
\0\0\0\x71\x81\xd7\x05\0\0\0\0\x73\x12\x08\x06\0\0\0\0\x71\x81\xd6\x05\0\0\0\0\
\x73\x12\x07\x06\0\0\0\0\x71\x81\xd5\x05\0\0\0\0\x73\x12\x06\x06\0\0\0\0\x71\
\x81\xd4\x05\0\0\0\0\x73\x12\x05\x06\0\0\0\0\x71\x81\xd3\x05\0\0\0\0\x73\x12\
\x04\x06\0\0\0\0\x71\x81\xd2\x05\0\0\0\0\x73\x12\x03\x06\0\0\0\0\x71\x81\xd1\
\x05\0\0\0\0\x73\x12\x02\x06\0\0\0\0\x71\x81\xd0\x05\0\0\0\0\x73\x12\x01\x06\0\
\0\0\0\x71\x81\xcf\x05\0\0\0\0\x73\x12\0\x06\0\0\0\0\x71\x81\xce\x05\0\0\0\0\
\x73\x12\xff\x05\0\0\0\0\x71\x81\xcd\x05\0\0\0\0\x73\x12\xfe\x05\0\0\0\0\x71\
\x81\xcc\x05\0\0\0\0\x73\x12\xfd\x05\0\0\0\0\x71\x81\xcb\x05\0\0\0\0\x73\x12\
\xfc\x05\0\0\0\0\x71\x81\xca\x05\0\0\0\0\x73\x12\xfb\x05\0\0\0\0\x71\x81\xc9\
\x05\0\0\0\0\x73\x12\xfa\x05\0\0\0\0\x71\x81\xc8\x05\0\0\0\0\x73\x12\xf9\x05\0\
\0\0\0\x71\x81\xc7\x05\0\0\0\0\x73\x12\xf8\x05\0\0\0\0\x71\x81\xc6\x05\0\0\0\0\
\x73\x12\xf7\x05\0\0\0\0\x71\x81\xc5\x05\0\0\0\0\x73\x12\xf6\x05\0\0\0\0\x71\
\x81\xc4\x05\0\0\0\0\x73\x12\xf5\x05\0\0\0\0\x71\x81\xc3\x05\0\0\0\0\x73\x12\
\xf4\x05\0\0\0\0\x71\x81\xc2\x05\0\0\0\0\x73\x12\xf3\x05\0\0\0\0\x71\x81\xc1\
\x05\0\0\0\0\x73\x12\xf2\x05\0\0\0\0\x71\x81\xc0\x05\0\0\0\0\x73\x12\xf1\x05\0\
\0\0\0\x71\x81\xbf\x05\0\0\0\0\x73\x12\xf0\x05\0\0\0\0\x71\x81\xbe\x05\0\0\0\0\
\x73\x12\xef\x05\0\0\0\0\x71\x81\xbd\x05\0\0\0\0\x73\x12\xee\x05\0\0\0\0\x71\
\x81\xbc\x05\0\0\0\0\x73\x12\xed\x05\0\0\0\0\x71\x81\xbb\x05\0\0\0\0\x73\x12\
\xec\x05\0\0\0\0\x71\x81\xba\x05\0\0\0\0\x73\x12\xeb\x05\0\0\0\0\x71\x81\xb9\
\x05\0\0\0\0\x73\x12\xea\x05\0\0\0\0\x71\x81\xb8\x05\0\0\0\0\x73\x12\xe9\x05\0\
\0\0\0\x71\x81\xb7\x05\0\0\0\0\x73\x12\xe8\x05\0\0\0\0\x71\x81\xb6\x05\0\0\0\0\
\x73\x12\xe7\x05\0\0\0\0\x71\x81\xb5\x05\0\0\0\0\x73\x12\xe6\x05\0\0\0\0\x71\
\x81\xb4\x05\0\0\0\0\x73\x12\xe5\x05\0\0\0\0\x71\x81\xb3\x05\0\0\0\0\x73\x12\
\xe4\x05\0\0\0\0\x71\x81\xb2\x05\0\0\0\0\x73\x12\xe3\x05\0\0\0\0\x71\x81\xb1\
\x05\0\0\0\0\x73\x12\xe2\x05\0\0\0\0\x71\x81\xb0\x05\0\0\0\0\x73\x12\xe1\x05\0\
\0\0\0\x71\x81\xaf\x05\0\0\0\0\x73\x12\xe0\x05\0\0\0\0\x71\x81\xae\x05\0\0\0\0\
\x73\x12\xdf\x05\0\0\0\0\x71\x81\xad\x05\0\0\0\0\x73\x12\xde\x05\0\0\0\0\x71\
\x81\xac\x05\0\0\0\0\x73\x12\xdd\x05\0\0\0\0\x71\x81\xab\x05\0\0\0\0\x73\x12\
\xdc\x05\0\0\0\0\x71\x81\xaa\x05\0\0\0\0\x73\x12\xdb\x05\0\0\0\0\x71\x81\xa9\
\x05\0\0\0\0\x73\x12\xda\x05\0\0\0\0\x71\x81\xa8\x05\0\0\0\0\x73\x12\xd9\x05\0\
\0\0\0\x71\x81\xa7\x05\0\0\0\0\x73\x12\xd8\x05\0\0\0\0\x71\x81\xa6\x05\0\0\0\0\
\x73\x12\xd7\x05\0\0\0\0\x71\x81\xa5\x05\0\0\0\0\x73\x12\xd6\x05\0\0\0\0\x71\
\x81\xa4\x05\0\0\0\0\x73\x12\xd5\x05\0\0\0\0\x71\x81\xa3\x05\0\0\0\0\x73\x12\
\xd4\x05\0\0\0\0\x71\x81\xa2\x05\0\0\0\0\x73\x12\xd3\x05\0\0\0\0\x71\x81\xa1\
\x05\0\0\0\0\x73\x12\xd2\x05\0\0\0\0\x71\x81\xa0\x05\0\0\0\0\x73\x12\xd1\x05\0\
\0\0\0\x71\x81\x9f\x05\0\0\0\0\x73\x12\xd0\x05\0\0\0\0\x71\x81\x9e\x05\0\0\0\0\
\x73\x12\xcf\x05\0\0\0\0\x71\x81\x9d\x05\0\0\0\0\x73\x12\xce\x05\0\0\0\0\x71\
\x81\x9c\x05\0\0\0\0\x73\x12\xcd\x05\0\0\0\0\x71\x81\x9b\x05\0\0\0\0\x73\x12\
\xcc\x05\0\0\0\0\x71\x81\x9a\x05\0\0\0\0\x73\x12\xcb\x05\0\0\0\0\x71\x81\x99\
\x05\0\0\0\0\x73\x12\xca\x05\0\0\0\0\x71\x81\x98\x05\0\0\0\0\x73\x12\xc9\x05\0\
\0\0\0\x71\x81\x97\x05\0\0\0\0\x73\x12\xc8\x05\0\0\0\0\x71\x81\x96\x05\0\0\0\0\
\x73\x12\xc7\x05\0\0\0\0\x71\x81\x95\x05\0\0\0\0\x73\x12\xc6\x05\0\0\0\0\x71\
\x81\x94\x05\0\0\0\0\x73\x12\xc5\x05\0\0\0\0\x71\x81\x93\x05\0\0\0\0\x73\x12\
\xc4\x05\0\0\0\0\x71\x81\x92\x05\0\0\0\0\x73\x12\xc3\x05\0\0\0\0\x71\x81\x91\
\x05\0\0\0\0\x73\x12\xc2\x05\0\0\0\0\x71\x81\x90\x05\0\0\0\0\x73\x12\xc1\x05\0\
\0\0\0\x71\x81\x8f\x05\0\0\0\0\x73\x12\xc0\x05\0\0\0\0\x71\x81\x8e\x05\0\0\0\0\
\x73\x12\xbf\x05\0\0\0\0\x71\x81\x8d\x05\0\0\0\0\x73\x12\xbe\x05\0\0\0\0\x71\
\x81\x8c\x05\0\0\0\0\x73\x12\xbd\x05\0\0\0\0\x71\x81\x8b\x05\0\0\0\0\x73\x12\
\xbc\x05\0\0\0\0\x71\x81\x8a\x05\0\0\0\0\x73\x12\xbb\x05\0\0\0\0\x71\x81\x89\
\x05\0\0\0\0\x73\x12\xba\x05\0\0\0\0\x71\x81\x88\x05\0\0\0\0\x73\x12\xb9\x05\0\
\0\0\0\x71\x81\x87\x05\0\0\0\0\x73\x12\xb8\x05\0\0\0\0\x71\x81\x86\x05\0\0\0\0\
\x73\x12\xb7\x05\0\0\0\0\x71\x81\x85\x05\0\0\0\0\x73\x12\xb6\x05\0\0\0\0\x71\
\x81\x84\x05\0\0\0\0\x73\x12\xb5\x05\0\0\0\0\x71\x81\x83\x05\0\0\0\0\x73\x12\
\xb4\x05\0\0\0\0\x71\x81\x82\x05\0\0\0\0\x73\x12\xb3\x05\0\0\0\0\x71\x81\x81\
\x05\0\0\0\0\x73\x12\xb2\x05\0\0\0\0\x71\x81\x80\x05\0\0\0\0\x73\x12\xb1\x05\0\
\0\0\0\x71\x81\x7f\x05\0\0\0\0\x73\x12\xb0\x05\0\0\0\0\x71\x81\x7e\x05\0\0\0\0\
\x73\x12\xaf\x05\0\0\0\0\x71\x81\x7d\x05\0\0\0\0\x73\x12\xae\x05\0\0\0\0\x71\
\x81\x7c\x05\0\0\0\0\x73\x12\xad\x05\0\0\0\0\x71\x81\x7b\x05\0\0\0\0\x73\x12\
\xac\x05\0\0\0\0\x71\x81\x7a\x05\0\0\0\0\x73\x12\xab\x05\0\0\0\0\x71\x81\x79\
\x05\0\0\0\0\x73\x12\xaa\x05\0\0\0\0\x71\x81\x78\x05\0\0\0\0\x73\x12\xa9\x05\0\
\0\0\0\x71\x81\x77\x05\0\0\0\0\x73\x12\xa8\x05\0\0\0\0\x71\x81\x76\x05\0\0\0\0\
\x73\x12\xa7\x05\0\0\0\0\x71\x81\x75\x05\0\0\0\0\x73\x12\xa6\x05\0\0\0\0\x71\
\x81\x74\x05\0\0\0\0\x73\x12\xa5\x05\0\0\0\0\x71\x81\x73\x05\0\0\0\0\x73\x12\
\xa4\x05\0\0\0\0\x71\x81\x72\x05\0\0\0\0\x73\x12\xa3\x05\0\0\0\0\x71\x81\x71\
\x05\0\0\0\0\x73\x12\xa2\x05\0\0\0\0\x71\x81\x70\x05\0\0\0\0\x73\x12\xa1\x05\0\
\0\0\0\x71\x81\x6f\x05\0\0\0\0\x73\x12\xa0\x05\0\0\0\0\x71\x81\x6e\x05\0\0\0\0\
\x73\x12\x9f\x05\0\0\0\0\x71\x81\x6d\x05\0\0\0\0\x73\x12\x9e\x05\0\0\0\0\x71\
\x81\x6c\x05\0\0\0\0\x73\x12\x9d\x05\0\0\0\0\x71\x81\x6b\x05\0\0\0\0\x73\x12\
\x9c\x05\0\0\0\0\x71\x81\x6a\x05\0\0\0\0\x73\x12\x9b\x05\0\0\0\0\x71\x81\x69\
\x05\0\0\0\0\x73\x12\x9a\x05\0\0\0\0\x71\x81\x68\x05\0\0\0\0\x73\x12\x99\x05\0\
\0\0\0\x71\x81\x67\x05\0\0\0\0\x73\x12\x98\x05\0\0\0\0\x71\x81\x66\x05\0\0\0\0\
\x73\x12\x97\x05\0\0\0\0\x71\x81\x65\x05\0\0\0\0\x73\x12\x96\x05\0\0\0\0\x71\
\x81\x64\x05\0\0\0\0\x73\x12\x95\x05\0\0\0\0\x71\x81\x63\x05\0\0\0\0\x73\x12\
\x94\x05\0\0\0\0\x71\x81\x62\x05\0\0\0\0\x73\x12\x93\x05\0\0\0\0\x71\x81\x61\
\x05\0\0\0\0\x73\x12\x92\x05\0\0\0\0\x71\x81\x60\x05\0\0\0\0\x73\x12\x91\x05\0\
\0\0\0\x71\x81\x5f\x05\0\0\0\0\x73\x12\x90\x05\0\0\0\0\x71\x81\x5e\x05\0\0\0\0\
\x73\x12\x8f\x05\0\0\0\0\x71\x81\x5d\x05\0\0\0\0\x73\x12\x8e\x05\0\0\0\0\x71\
\x81\x5c\x05\0\0\0\0\x73\x12\x8d\x05\0\0\0\0\x71\x81\x5b\x05\0\0\0\0\x73\x12\
\x8c\x05\0\0\0\0\x71\x81\x5a\x05\0\0\0\0\x73\x12\x8b\x05\0\0\0\0\x71\x81\x59\
\x05\0\0\0\0\x73\x12\x8a\x05\0\0\0\0\x71\x81\x58\x05\0\0\0\0\x73\x12\x89\x05\0\
\0\0\0\x71\x81\x57\x05\0\0\0\0\x73\x12\x88\x05\0\0\0\0\x71\x81\x56\x05\0\0\0\0\
\x73\x12\x87\x05\0\0\0\0\x71\x81\x55\x05\0\0\0\0\x73\x12\x86\x05\0\0\0\0\x71\
\x81\x54\x05\0\0\0\0\x73\x12\x85\x05\0\0\0\0\x71\x81\x53\x05\0\0\0\0\x73\x12\
\x84\x05\0\0\0\0\x71\x81\x52\x05\0\0\0\0\x73\x12\x83\x05\0\0\0\0\x71\x81\x51\
\x05\0\0\0\0\x73\x12\x82\x05\0\0\0\0\x71\x81\x50\x05\0\0\0\0\x73\x12\x81\x05\0\
\0\0\0\x71\x81\x4f\x05\0\0\0\0\x73\x12\x80\x05\0\0\0\0\x71\x81\x4e\x05\0\0\0\0\
\x73\x12\x7f\x05\0\0\0\0\x71\x81\x4d\x05\0\0\0\0\x73\x12\x7e\x05\0\0\0\0\x71\
\x81\x4c\x05\0\0\0\0\x73\x12\x7d\x05\0\0\0\0\x71\x81\x4b\x05\0\0\0\0\x73\x12\
\x7c\x05\0\0\0\0\x71\x81\x4a\x05\0\0\0\0\x73\x12\x7b\x05\0\0\0\0\x71\x81\x49\
\x05\0\0\0\0\x73\x12\x7a\x05\0\0\0\0\x71\x81\x48\x05\0\0\0\0\x73\x12\x79\x05\0\
\0\0\0\x71\x81\x47\x05\0\0\0\0\x73\x12\x78\x05\0\0\0\0\x71\x81\x46\x05\0\0\0\0\
\x73\x12\x77\x05\0\0\0\0\x71\x81\x45\x05\0\0\0\0\x73\x12\x76\x05\0\0\0\0\x71\
\x81\x44\x05\0\0\0\0\x73\x12\x75\x05\0\0\0\0\x71\x81\x43\x05\0\0\0\0\x73\x12\
\x74\x05\0\0\0\0\x71\x81\x42\x05\0\0\0\0\x73\x12\x73\x05\0\0\0\0\x71\x81\x41\
\x05\0\0\0\0\x73\x12\x72\x05\0\0\0\0\x71\x81\x40\x05\0\0\0\0\x73\x12\x71\x05\0\
\0\0\0\x71\x81\x3f\x05\0\0\0\0\x73\x12\x70\x05\0\0\0\0\x71\x81\x3e\x05\0\0\0\0\
\x73\x12\x6f\x05\0\0\0\0\x71\x81\x3d\x05\0\0\0\0\x73\x12\x6e\x05\0\0\0\0\x71\
\x81\x3c\x05\0\0\0\0\x73\x12\x6d\x05\0\0\0\0\x71\x81\x3b\x05\0\0\0\0\x73\x12\
\x6c\x05\0\0\0\0\x71\x81\x3a\x05\0\0\0\0\x73\x12\x6b\x05\0\0\0\0\x71\x81\x39\
\x05\0\0\0\0\x73\x12\x6a\x05\0\0\0\0\x71\x81\x38\x05\0\0\0\0\x73\x12\x69\x05\0\
\0\0\0\x71\x81\x37\x05\0\0\0\0\x73\x12\x68\x05\0\0\0\0\x71\x81\x36\x05\0\0\0\0\
\x73\x12\x67\x05\0\0\0\0\x71\x81\x35\x05\0\0\0\0\x73\x12\x66\x05\0\0\0\0\x71\
\x81\x34\x05\0\0\0\0\x73\x12\x65\x05\0\0\0\0\x71\x81\x33\x05\0\0\0\0\x73\x12\
\x64\x05\0\0\0\0\x71\x81\x32\x05\0\0\0\0\x73\x12\x63\x05\0\0\0\0\x71\x81\x31\
\x05\0\0\0\0\x73\x12\x62\x05\0\0\0\0\x71\x81\x30\x05\0\0\0\0\x73\x12\x61\x05\0\
\0\0\0\x71\x81\x2f\x05\0\0\0\0\x73\x12\x60\x05\0\0\0\0\x71\x81\x2e\x05\0\0\0\0\
\x73\x12\x5f\x05\0\0\0\0\x71\x81\x2d\x05\0\0\0\0\x73\x12\x5e\x05\0\0\0\0\x71\
\x81\x2c\x05\0\0\0\0\x73\x12\x5d\x05\0\0\0\0\x71\x81\x2b\x05\0\0\0\0\x73\x12\
\x5c\x05\0\0\0\0\x71\x81\x2a\x05\0\0\0\0\x73\x12\x5b\x05\0\0\0\0\x71\x81\x29\
\x05\0\0\0\0\x73\x12\x5a\x05\0\0\0\0\x71\x81\x28\x05\0\0\0\0\x73\x12\x59\x05\0\
\0\0\0\x71\x81\x27\x05\0\0\0\0\x73\x12\x58\x05\0\0\0\0\x71\x81\x26\x05\0\0\0\0\
\x73\x12\x57\x05\0\0\0\0\x71\x81\x25\x05\0\0\0\0\x73\x12\x56\x05\0\0\0\0\x71\
\x81\x24\x05\0\0\0\0\x73\x12\x55\x05\0\0\0\0\x71\x81\x23\x05\0\0\0\0\x73\x12\
\x54\x05\0\0\0\0\x71\x81\x22\x05\0\0\0\0\x73\x12\x53\x05\0\0\0\0\x71\x81\x21\
\x05\0\0\0\0\x73\x12\x52\x05\0\0\0\0\x71\x81\x20\x05\0\0\0\0\x73\x12\x51\x05\0\
\0\0\0\x71\x81\x1f\x05\0\0\0\0\x73\x12\x50\x05\0\0\0\0\x71\x81\x1e\x05\0\0\0\0\
\x73\x12\x4f\x05\0\0\0\0\x71\x81\x1d\x05\0\0\0\0\x73\x12\x4e\x05\0\0\0\0\x71\
\x81\x1c\x05\0\0\0\0\x73\x12\x4d\x05\0\0\0\0\x71\x81\x1b\x05\0\0\0\0\x73\x12\
\x4c\x05\0\0\0\0\x71\x81\x1a\x05\0\0\0\0\x73\x12\x4b\x05\0\0\0\0\x71\x81\x19\
\x05\0\0\0\0\x73\x12\x4a\x05\0\0\0\0\x71\x81\x18\x05\0\0\0\0\x73\x12\x49\x05\0\
\0\0\0\x71\x81\x17\x05\0\0\0\0\x73\x12\x48\x05\0\0\0\0\x71\x81\x16\x05\0\0\0\0\
\x73\x12\x47\x05\0\0\0\0\x71\x81\x15\x05\0\0\0\0\x73\x12\x46\x05\0\0\0\0\x71\
\x81\x14\x05\0\0\0\0\x73\x12\x45\x05\0\0\0\0\x71\x81\x13\x05\0\0\0\0\x73\x12\
\x44\x05\0\0\0\0\x71\x81\x12\x05\0\0\0\0\x73\x12\x43\x05\0\0\0\0\x71\x81\x11\
\x05\0\0\0\0\x73\x12\x42\x05\0\0\0\0\x71\x81\x10\x05\0\0\0\0\x73\x12\x41\x05\0\
\0\0\0\x71\x81\x0f\x05\0\0\0\0\x73\x12\x40\x05\0\0\0\0\x71\x81\x0e\x05\0\0\0\0\
\x73\x12\x3f\x05\0\0\0\0\x71\x81\x0d\x05\0\0\0\0\x73\x12\x3e\x05\0\0\0\0\x71\
\x81\x0c\x05\0\0\0\0\x73\x12\x3d\x05\0\0\0\0\x71\x81\x0b\x05\0\0\0\0\x73\x12\
\x3c\x05\0\0\0\0\x71\x81\x0a\x05\0\0\0\0\x73\x12\x3b\x05\0\0\0\0\x71\x81\x09\
\x05\0\0\0\0\x73\x12\x3a\x05\0\0\0\0\x71\x81\x08\x05\0\0\0\0\x73\x12\x39\x05\0\
\0\0\0\x71\x81\x07\x05\0\0\0\0\x73\x12\x38\x05\0\0\0\0\x71\x81\x06\x05\0\0\0\0\
\x73\x12\x37\x05\0\0\0\0\x71\x81\x05\x05\0\0\0\0\x73\x12\x36\x05\0\0\0\0\x71\
\x81\x04\x05\0\0\0\0\x73\x12\x35\x05\0\0\0\0\x71\x81\x03\x05\0\0\0\0\x73\x12\
\x34\x05\0\0\0\0\x71\x81\x02\x05\0\0\0\0\x73\x12\x33\x05\0\0\0\0\x71\x81\x01\
\x05\0\0\0\0\x73\x12\x32\x05\0\0\0\0\x71\x81\0\x05\0\0\0\0\x73\x12\x31\x05\0\0\
\0\0\xa6\x04\x90\x3a\x01\x06\0\0\xbf\x81\0\0\0\0\0\0\x07\x01\0\0\0\x07\0\0\x2d\
\x51\x8d\x3a\0\0\0\0\x71\x81\xff\x06\0\0\0\0\x79\xa2\xb0\xff\0\0\0\0\x73\x12\
\x30\x07\0\0\0\0\x71\x81\xfe\x06\0\0\0\0\x73\x12\x2f\x07\0\0\0\0\x71\x81\xfd\
\x06\0\0\0\0\x73\x12\x2e\x07\0\0\0\0\x71\x81\xfc\x06\0\0\0\0\x73\x12\x2d\x07\0\
\0\0\0\x71\x81\xfb\x06\0\0\0\0\x73\x12\x2c\x07\0\0\0\0\x71\x81\xfa\x06\0\0\0\0\
\x73\x12\x2b\x07\0\0\0\0\x71\x81\xf9\x06\0\0\0\0\x73\x12\x2a\x07\0\0\0\0\x71\
\x81\xf8\x06\0\0\0\0\x73\x12\x29\x07\0\0\0\0\x71\x81\xf7\x06\0\0\0\0\x73\x12\
\x28\x07\0\0\0\0\x71\x81\xf6\x06\0\0\0\0\x73\x12\x27\x07\0\0\0\0\x71\x81\xf5\
\x06\0\0\0\0\x73\x12\x26\x07\0\0\0\0\x71\x81\xf4\x06\0\0\0\0\x73\x12\x25\x07\0\
\0\0\0\x71\x81\xf3\x06\0\0\0\0\x73\x12\x24\x07\0\0\0\0\x71\x81\xf2\x06\0\0\0\0\
\x73\x12\x23\x07\0\0\0\0\x71\x81\xf1\x06\0\0\0\0\x73\x12\x22\x07\0\0\0\0\x71\
\x81\xf0\x06\0\0\0\0\x73\x12\x21\x07\0\0\0\0\x71\x81\xef\x06\0\0\0\0\x73\x12\
\x20\x07\0\0\0\0\x71\x81\xee\x06\0\0\0\0\x73\x12\x1f\x07\0\0\0\0\x71\x81\xed\
\x06\0\0\0\0\x73\x12\x1e\x07\0\0\0\0\x71\x81\xec\x06\0\0\0\0\x73\x12\x1d\x07\0\
\0\0\0\x71\x81\xeb\x06\0\0\0\0\x73\x12\x1c\x07\0\0\0\0\x71\x81\xea\x06\0\0\0\0\
\x73\x12\x1b\x07\0\0\0\0\x71\x81\xe9\x06\0\0\0\0\x73\x12\x1a\x07\0\0\0\0\x71\
\x81\xe8\x06\0\0\0\0\x73\x12\x19\x07\0\0\0\0\x71\x81\xe7\x06\0\0\0\0\x73\x12\
\x18\x07\0\0\0\0\x71\x81\xe6\x06\0\0\0\0\x73\x12\x17\x07\0\0\0\0\x71\x81\xe5\
\x06\0\0\0\0\x73\x12\x16\x07\0\0\0\0\x71\x81\xe4\x06\0\0\0\0\x73\x12\x15\x07\0\
\0\0\0\x71\x81\xe3\x06\0\0\0\0\x73\x12\x14\x07\0\0\0\0\x71\x81\xe2\x06\0\0\0\0\
\x73\x12\x13\x07\0\0\0\0\x71\x81\xe1\x06\0\0\0\0\x73\x12\x12\x07\0\0\0\0\x71\
\x81\xe0\x06\0\0\0\0\x73\x12\x11\x07\0\0\0\0\x71\x81\xdf\x06\0\0\0\0\x73\x12\
\x10\x07\0\0\0\0\x71\x81\xde\x06\0\0\0\0\x73\x12\x0f\x07\0\0\0\0\x71\x81\xdd\
\x06\0\0\0\0\x73\x12\x0e\x07\0\0\0\0\x71\x81\xdc\x06\0\0\0\0\x73\x12\x0d\x07\0\
\0\0\0\x71\x81\xdb\x06\0\0\0\0\x73\x12\x0c\x07\0\0\0\0\x71\x81\xda\x06\0\0\0\0\
\x73\x12\x0b\x07\0\0\0\0\x71\x81\xd9\x06\0\0\0\0\x73\x12\x0a\x07\0\0\0\0\x71\
\x81\xd8\x06\0\0\0\0\x73\x12\x09\x07\0\0\0\0\x71\x81\xd7\x06\0\0\0\0\x73\x12\
\x08\x07\0\0\0\0\x71\x81\xd6\x06\0\0\0\0\x73\x12\x07\x07\0\0\0\0\x71\x81\xd5\
\x06\0\0\0\0\x73\x12\x06\x07\0\0\0\0\x71\x81\xd4\x06\0\0\0\0\x73\x12\x05\x07\0\
\0\0\0\x71\x81\xd3\x06\0\0\0\0\x73\x12\x04\x07\0\0\0\0\x71\x81\xd2\x06\0\0\0\0\
\x73\x12\x03\x07\0\0\0\0\x71\x81\xd1\x06\0\0\0\0\x73\x12\x02\x07\0\0\0\0\x71\
\x81\xd0\x06\0\0\0\0\x73\x12\x01\x07\0\0\0\0\x71\x81\xcf\x06\0\0\0\0\x73\x12\0\
\x07\0\0\0\0\x71\x81\xce\x06\0\0\0\0\x73\x12\xff\x06\0\0\0\0\x71\x81\xcd\x06\0\
\0\0\0\x73\x12\xfe\x06\0\0\0\0\x71\x81\xcc\x06\0\0\0\0\x73\x12\xfd\x06\0\0\0\0\
\x71\x81\xcb\x06\0\0\0\0\x73\x12\xfc\x06\0\0\0\0\x71\x81\xca\x06\0\0\0\0\x73\
\x12\xfb\x06\0\0\0\0\x71\x81\xc9\x06\0\0\0\0\x73\x12\xfa\x06\0\0\0\0\x71\x81\
\xc8\x06\0\0\0\0\x73\x12\xf9\x06\0\0\0\0\x71\x81\xc7\x06\0\0\0\0\x73\x12\xf8\
\x06\0\0\0\0\x71\x81\xc6\x06\0\0\0\0\x73\x12\xf7\x06\0\0\0\0\x71\x81\xc5\x06\0\
\0\0\0\x73\x12\xf6\x06\0\0\0\0\x71\x81\xc4\x06\0\0\0\0\x73\x12\xf5\x06\0\0\0\0\
\x71\x81\xc3\x06\0\0\0\0\x73\x12\xf4\x06\0\0\0\0\x71\x81\xc2\x06\0\0\0\0\x73\
\x12\xf3\x06\0\0\0\0\x71\x81\xc1\x06\0\0\0\0\x73\x12\xf2\x06\0\0\0\0\x71\x81\
\xc0\x06\0\0\0\0\x73\x12\xf1\x06\0\0\0\0\x71\x81\xbf\x06\0\0\0\0\x73\x12\xf0\
\x06\0\0\0\0\x71\x81\xbe\x06\0\0\0\0\x73\x12\xef\x06\0\0\0\0\x71\x81\xbd\x06\0\
\0\0\0\x73\x12\xee\x06\0\0\0\0\x71\x81\xbc\x06\0\0\0\0\x73\x12\xed\x06\0\0\0\0\
\x71\x81\xbb\x06\0\0\0\0\x73\x12\xec\x06\0\0\0\0\x71\x81\xba\x06\0\0\0\0\x73\
\x12\xeb\x06\0\0\0\0\x71\x81\xb9\x06\0\0\0\0\x73\x12\xea\x06\0\0\0\0\x71\x81\
\xb8\x06\0\0\0\0\x73\x12\xe9\x06\0\0\0\0\x71\x81\xb7\x06\0\0\0\0\x73\x12\xe8\
\x06\0\0\0\0\x71\x81\xb6\x06\0\0\0\0\x73\x12\xe7\x06\0\0\0\0\x71\x81\xb5\x06\0\
\0\0\0\x73\x12\xe6\x06\0\0\0\0\x71\x81\xb4\x06\0\0\0\0\x73\x12\xe5\x06\0\0\0\0\
\x71\x81\xb3\x06\0\0\0\0\x73\x12\xe4\x06\0\0\0\0\x71\x81\xb2\x06\0\0\0\0\x73\
\x12\xe3\x06\0\0\0\0\x71\x81\xb1\x06\0\0\0\0\x73\x12\xe2\x06\0\0\0\0\x71\x81\
\xb0\x06\0\0\0\0\x73\x12\xe1\x06\0\0\0\0\x71\x81\xaf\x06\0\0\0\0\x73\x12\xe0\
\x06\0\0\0\0\x71\x81\xae\x06\0\0\0\0\x73\x12\xdf\x06\0\0\0\0\x71\x81\xad\x06\0\
\0\0\0\x73\x12\xde\x06\0\0\0\0\x71\x81\xac\x06\0\0\0\0\x73\x12\xdd\x06\0\0\0\0\
\x71\x81\xab\x06\0\0\0\0\x73\x12\xdc\x06\0\0\0\0\x71\x81\xaa\x06\0\0\0\0\x73\
\x12\xdb\x06\0\0\0\0\x71\x81\xa9\x06\0\0\0\0\x73\x12\xda\x06\0\0\0\0\x71\x81\
\xa8\x06\0\0\0\0\x73\x12\xd9\x06\0\0\0\0\x71\x81\xa7\x06\0\0\0\0\x73\x12\xd8\
\x06\0\0\0\0\x71\x81\xa6\x06\0\0\0\0\x73\x12\xd7\x06\0\0\0\0\x71\x81\xa5\x06\0\
\0\0\0\x73\x12\xd6\x06\0\0\0\0\x71\x81\xa4\x06\0\0\0\0\x73\x12\xd5\x06\0\0\0\0\
\x71\x81\xa3\x06\0\0\0\0\x73\x12\xd4\x06\0\0\0\0\x71\x81\xa2\x06\0\0\0\0\x73\
\x12\xd3\x06\0\0\0\0\x71\x81\xa1\x06\0\0\0\0\x73\x12\xd2\x06\0\0\0\0\x71\x81\
\xa0\x06\0\0\0\0\x73\x12\xd1\x06\0\0\0\0\x71\x81\x9f\x06\0\0\0\0\x73\x12\xd0\
\x06\0\0\0\0\x71\x81\x9e\x06\0\0\0\0\x73\x12\xcf\x06\0\0\0\0\x71\x81\x9d\x06\0\
\0\0\0\x73\x12\xce\x06\0\0\0\0\x71\x81\x9c\x06\0\0\0\0\x73\x12\xcd\x06\0\0\0\0\
\x71\x81\x9b\x06\0\0\0\0\x73\x12\xcc\x06\0\0\0\0\x71\x81\x9a\x06\0\0\0\0\x73\
\x12\xcb\x06\0\0\0\0\x71\x81\x99\x06\0\0\0\0\x73\x12\xca\x06\0\0\0\0\x71\x81\
\x98\x06\0\0\0\0\x73\x12\xc9\x06\0\0\0\0\x71\x81\x97\x06\0\0\0\0\x73\x12\xc8\
\x06\0\0\0\0\x71\x81\x96\x06\0\0\0\0\x73\x12\xc7\x06\0\0\0\0\x71\x81\x95\x06\0\
\0\0\0\x73\x12\xc6\x06\0\0\0\0\x71\x81\x94\x06\0\0\0\0\x73\x12\xc5\x06\0\0\0\0\
\x71\x81\x93\x06\0\0\0\0\x73\x12\xc4\x06\0\0\0\0\x71\x81\x92\x06\0\0\0\0\x73\
\x12\xc3\x06\0\0\0\0\x71\x81\x91\x06\0\0\0\0\x73\x12\xc2\x06\0\0\0\0\x71\x81\
\x90\x06\0\0\0\0\x73\x12\xc1\x06\0\0\0\0\x71\x81\x8f\x06\0\0\0\0\x73\x12\xc0\
\x06\0\0\0\0\x71\x81\x8e\x06\0\0\0\0\x73\x12\xbf\x06\0\0\0\0\x71\x81\x8d\x06\0\
\0\0\0\x73\x12\xbe\x06\0\0\0\0\x71\x81\x8c\x06\0\0\0\0\x73\x12\xbd\x06\0\0\0\0\
\x71\x81\x8b\x06\0\0\0\0\x73\x12\xbc\x06\0\0\0\0\x71\x81\x8a\x06\0\0\0\0\x73\
\x12\xbb\x06\0\0\0\0\x71\x81\x89\x06\0\0\0\0\x73\x12\xba\x06\0\0\0\0\x71\x81\
\x88\x06\0\0\0\0\x73\x12\xb9\x06\0\0\0\0\x71\x81\x87\x06\0\0\0\0\x73\x12\xb8\
\x06\0\0\0\0\x71\x81\x86\x06\0\0\0\0\x73\x12\xb7\x06\0\0\0\0\x71\x81\x85\x06\0\
\0\0\0\x73\x12\xb6\x06\0\0\0\0\x71\x81\x84\x06\0\0\0\0\x73\x12\xb5\x06\0\0\0\0\
\x71\x81\x83\x06\0\0\0\0\x73\x12\xb4\x06\0\0\0\0\x71\x81\x82\x06\0\0\0\0\x73\
\x12\xb3\x06\0\0\0\0\x71\x81\x81\x06\0\0\0\0\x73\x12\xb2\x06\0\0\0\0\x71\x81\
\x80\x06\0\0\0\0\x73\x12\xb1\x06\0\0\0\0\x71\x81\x7f\x06\0\0\0\0\x73\x12\xb0\
\x06\0\0\0\0\x71\x81\x7e\x06\0\0\0\0\x73\x12\xaf\x06\0\0\0\0\x71\x81\x7d\x06\0\
\0\0\0\x73\x12\xae\x06\0\0\0\0\x71\x81\x7c\x06\0\0\0\0\x73\x12\xad\x06\0\0\0\0\
\x71\x81\x7b\x06\0\0\0\0\x73\x12\xac\x06\0\0\0\0\x71\x81\x7a\x06\0\0\0\0\x73\
\x12\xab\x06\0\0\0\0\x71\x81\x79\x06\0\0\0\0\x73\x12\xaa\x06\0\0\0\0\x71\x81\
\x78\x06\0\0\0\0\x73\x12\xa9\x06\0\0\0\0\x71\x81\x77\x06\0\0\0\0\x73\x12\xa8\
\x06\0\0\0\0\x71\x81\x76\x06\0\0\0\0\x73\x12\xa7\x06\0\0\0\0\x71\x81\x75\x06\0\
\0\0\0\x73\x12\xa6\x06\0\0\0\0\x71\x81\x74\x06\0\0\0\0\x73\x12\xa5\x06\0\0\0\0\
\x71\x81\x73\x06\0\0\0\0\x73\x12\xa4\x06\0\0\0\0\x71\x81\x72\x06\0\0\0\0\x73\
\x12\xa3\x06\0\0\0\0\x71\x81\x71\x06\0\0\0\0\x73\x12\xa2\x06\0\0\0\0\x71\x81\
\x70\x06\0\0\0\0\x73\x12\xa1\x06\0\0\0\0\x71\x81\x6f\x06\0\0\0\0\x73\x12\xa0\
\x06\0\0\0\0\x71\x81\x6e\x06\0\0\0\0\x73\x12\x9f\x06\0\0\0\0\x71\x81\x6d\x06\0\
\0\0\0\x73\x12\x9e\x06\0\0\0\0\x71\x81\x6c\x06\0\0\0\0\x73\x12\x9d\x06\0\0\0\0\
\x71\x81\x6b\x06\0\0\0\0\x73\x12\x9c\x06\0\0\0\0\x71\x81\x6a\x06\0\0\0\0\x73\
\x12\x9b\x06\0\0\0\0\x71\x81\x69\x06\0\0\0\0\x73\x12\x9a\x06\0\0\0\0\x71\x81\
\x68\x06\0\0\0\0\x73\x12\x99\x06\0\0\0\0\x71\x81\x67\x06\0\0\0\0\x73\x12\x98\
\x06\0\0\0\0\x71\x81\x66\x06\0\0\0\0\x73\x12\x97\x06\0\0\0\0\x71\x81\x65\x06\0\
\0\0\0\x73\x12\x96\x06\0\0\0\0\x71\x81\x64\x06\0\0\0\0\x73\x12\x95\x06\0\0\0\0\
\x71\x81\x63\x06\0\0\0\0\x73\x12\x94\x06\0\0\0\0\x71\x81\x62\x06\0\0\0\0\x73\
\x12\x93\x06\0\0\0\0\x71\x81\x61\x06\0\0\0\0\x73\x12\x92\x06\0\0\0\0\x71\x81\
\x60\x06\0\0\0\0\x73\x12\x91\x06\0\0\0\0\x71\x81\x5f\x06\0\0\0\0\x73\x12\x90\
\x06\0\0\0\0\x71\x81\x5e\x06\0\0\0\0\x73\x12\x8f\x06\0\0\0\0\x71\x81\x5d\x06\0\
\0\0\0\x73\x12\x8e\x06\0\0\0\0\x71\x81\x5c\x06\0\0\0\0\x73\x12\x8d\x06\0\0\0\0\
\x71\x81\x5b\x06\0\0\0\0\x73\x12\x8c\x06\0\0\0\0\x71\x81\x5a\x06\0\0\0\0\x73\
\x12\x8b\x06\0\0\0\0\x71\x81\x59\x06\0\0\0\0\x73\x12\x8a\x06\0\0\0\0\x71\x81\
\x58\x06\0\0\0\0\x73\x12\x89\x06\0\0\0\0\x71\x81\x57\x06\0\0\0\0\x73\x12\x88\
\x06\0\0\0\0\x71\x81\x56\x06\0\0\0\0\x73\x12\x87\x06\0\0\0\0\x71\x81\x55\x06\0\
\0\0\0\x73\x12\x86\x06\0\0\0\0\x71\x81\x54\x06\0\0\0\0\x73\x12\x85\x06\0\0\0\0\
\x71\x81\x53\x06\0\0\0\0\x73\x12\x84\x06\0\0\0\0\x71\x81\x52\x06\0\0\0\0\x73\
\x12\x83\x06\0\0\0\0\x71\x81\x51\x06\0\0\0\0\x73\x12\x82\x06\0\0\0\0\x71\x81\
\x50\x06\0\0\0\0\x73\x12\x81\x06\0\0\0\0\x71\x81\x4f\x06\0\0\0\0\x73\x12\x80\
\x06\0\0\0\0\x71\x81\x4e\x06\0\0\0\0\x73\x12\x7f\x06\0\0\0\0\x71\x81\x4d\x06\0\
\0\0\0\x73\x12\x7e\x06\0\0\0\0\x71\x81\x4c\x06\0\0\0\0\x73\x12\x7d\x06\0\0\0\0\
\x71\x81\x4b\x06\0\0\0\0\x73\x12\x7c\x06\0\0\0\0\x71\x81\x4a\x06\0\0\0\0\x73\
\x12\x7b\x06\0\0\0\0\x71\x81\x49\x06\0\0\0\0\x73\x12\x7a\x06\0\0\0\0\x71\x81\
\x48\x06\0\0\0\0\x73\x12\x79\x06\0\0\0\0\x71\x81\x47\x06\0\0\0\0\x73\x12\x78\
\x06\0\0\0\0\x71\x81\x46\x06\0\0\0\0\x73\x12\x77\x06\0\0\0\0\x71\x81\x45\x06\0\
\0\0\0\x73\x12\x76\x06\0\0\0\0\x71\x81\x44\x06\0\0\0\0\x73\x12\x75\x06\0\0\0\0\
\x71\x81\x43\x06\0\0\0\0\x73\x12\x74\x06\0\0\0\0\x71\x81\x42\x06\0\0\0\0\x73\
\x12\x73\x06\0\0\0\0\x71\x81\x41\x06\0\0\0\0\x73\x12\x72\x06\0\0\0\0\x71\x81\
\x40\x06\0\0\0\0\x73\x12\x71\x06\0\0\0\0\x71\x81\x3f\x06\0\0\0\0\x73\x12\x70\
\x06\0\0\0\0\x71\x81\x3e\x06\0\0\0\0\x73\x12\x6f\x06\0\0\0\0\x71\x81\x3d\x06\0\
\0\0\0\x73\x12\x6e\x06\0\0\0\0\x71\x81\x3c\x06\0\0\0\0\x73\x12\x6d\x06\0\0\0\0\
\x71\x81\x3b\x06\0\0\0\0\x73\x12\x6c\x06\0\0\0\0\x71\x81\x3a\x06\0\0\0\0\x73\
\x12\x6b\x06\0\0\0\0\x71\x81\x39\x06\0\0\0\0\x73\x12\x6a\x06\0\0\0\0\x71\x81\
\x38\x06\0\0\0\0\x73\x12\x69\x06\0\0\0\0\x71\x81\x37\x06\0\0\0\0\x73\x12\x68\
\x06\0\0\0\0\x71\x81\x36\x06\0\0\0\0\x73\x12\x67\x06\0\0\0\0\x71\x81\x35\x06\0\
\0\0\0\x73\x12\x66\x06\0\0\0\0\x71\x81\x34\x06\0\0\0\0\x73\x12\x65\x06\0\0\0\0\
\x71\x81\x33\x06\0\0\0\0\x73\x12\x64\x06\0\0\0\0\x71\x81\x32\x06\0\0\0\0\x73\
\x12\x63\x06\0\0\0\0\x71\x81\x31\x06\0\0\0\0\x73\x12\x62\x06\0\0\0\0\x71\x81\
\x30\x06\0\0\0\0\x73\x12\x61\x06\0\0\0\0\x71\x81\x2f\x06\0\0\0\0\x73\x12\x60\
\x06\0\0\0\0\x71\x81\x2e\x06\0\0\0\0\x73\x12\x5f\x06\0\0\0\0\x71\x81\x2d\x06\0\
\0\0\0\x73\x12\x5e\x06\0\0\0\0\x71\x81\x2c\x06\0\0\0\0\x73\x12\x5d\x06\0\0\0\0\
\x71\x81\x2b\x06\0\0\0\0\x73\x12\x5c\x06\0\0\0\0\x71\x81\x2a\x06\0\0\0\0\x73\
\x12\x5b\x06\0\0\0\0\x71\x81\x29\x06\0\0\0\0\x73\x12\x5a\x06\0\0\0\0\x71\x81\
\x28\x06\0\0\0\0\x73\x12\x59\x06\0\0\0\0\x71\x81\x27\x06\0\0\0\0\x73\x12\x58\
\x06\0\0\0\0\x71\x81\x26\x06\0\0\0\0\x73\x12\x57\x06\0\0\0\0\x71\x81\x25\x06\0\
\0\0\0\x73\x12\x56\x06\0\0\0\0\x71\x81\x24\x06\0\0\0\0\x73\x12\x55\x06\0\0\0\0\
\x71\x81\x23\x06\0\0\0\0\x73\x12\x54\x06\0\0\0\0\x71\x81\x22\x06\0\0\0\0\x73\
\x12\x53\x06\0\0\0\0\x71\x81\x21\x06\0\0\0\0\x73\x12\x52\x06\0\0\0\0\x71\x81\
\x20\x06\0\0\0\0\x73\x12\x51\x06\0\0\0\0\x71\x81\x1f\x06\0\0\0\0\x73\x12\x50\
\x06\0\0\0\0\x71\x81\x1e\x06\0\0\0\0\x73\x12\x4f\x06\0\0\0\0\x71\x81\x1d\x06\0\
\0\0\0\x73\x12\x4e\x06\0\0\0\0\x71\x81\x1c\x06\0\0\0\0\x73\x12\x4d\x06\0\0\0\0\
\x71\x81\x1b\x06\0\0\0\0\x73\x12\x4c\x06\0\0\0\0\x71\x81\x1a\x06\0\0\0\0\x73\
\x12\x4b\x06\0\0\0\0\x71\x81\x19\x06\0\0\0\0\x73\x12\x4a\x06\0\0\0\0\x71\x81\
\x18\x06\0\0\0\0\x73\x12\x49\x06\0\0\0\0\x71\x81\x17\x06\0\0\0\0\x73\x12\x48\
\x06\0\0\0\0\x71\x81\x16\x06\0\0\0\0\x73\x12\x47\x06\0\0\0\0\x71\x81\x15\x06\0\
\0\0\0\x73\x12\x46\x06\0\0\0\0\x71\x81\x14\x06\0\0\0\0\x73\x12\x45\x06\0\0\0\0\
\x71\x81\x13\x06\0\0\0\0\x73\x12\x44\x06\0\0\0\0\x71\x81\x12\x06\0\0\0\0\x73\
\x12\x43\x06\0\0\0\0\x71\x81\x11\x06\0\0\0\0\x73\x12\x42\x06\0\0\0\0\x71\x81\
\x10\x06\0\0\0\0\x73\x12\x41\x06\0\0\0\0\x71\x81\x0f\x06\0\0\0\0\x73\x12\x40\
\x06\0\0\0\0\x71\x81\x0e\x06\0\0\0\0\x73\x12\x3f\x06\0\0\0\0\x71\x81\x0d\x06\0\
\0\0\0\x73\x12\x3e\x06\0\0\0\0\x71\x81\x0c\x06\0\0\0\0\x73\x12\x3d\x06\0\0\0\0\
\x71\x81\x0b\x06\0\0\0\0\x73\x12\x3c\x06\0\0\0\0\x71\x81\x0a\x06\0\0\0\0\x73\
\x12\x3b\x06\0\0\0\0\x71\x81\x09\x06\0\0\0\0\x73\x12\x3a\x06\0\0\0\0\x71\x81\
\x08\x06\0\0\0\0\x73\x12\x39\x06\0\0\0\0\x71\x81\x07\x06\0\0\0\0\x73\x12\x38\
\x06\0\0\0\0\x71\x81\x06\x06\0\0\0\0\x73\x12\x37\x06\0\0\0\0\x71\x81\x05\x06\0\
\0\0\0\x73\x12\x36\x06\0\0\0\0\x71\x81\x04\x06\0\0\0\0\x73\x12\x35\x06\0\0\0\0\
\x71\x81\x03\x06\0\0\0\0\x73\x12\x34\x06\0\0\0\0\x71\x81\x02\x06\0\0\0\0\x73\
\x12\x33\x06\0\0\0\0\x71\x81\x01\x06\0\0\0\0\x73\x12\x32\x06\0\0\0\0\x71\x81\0\
\x06\0\0\0\0\x73\x12\x31\x06\0\0\0\0\xa6\x04\x8b\x38\x01\x07\0\0\xbf\x81\0\0\0\
\0\0\0\x07\x01\0\0\0\x08\0\0\x2d\x51\x88\x38\0\0\0\0\x71\x81\xff\x07\0\0\0\0\
\x79\xa2\xb0\xff\0\0\0\0\x73\x12\x30\x08\0\0\0\0\x71\x81\xfe\x07\0\0\0\0\x73\
\x12\x2f\x08\0\0\0\0\x71\x81\xfd\x07\0\0\0\0\x73\x12\x2e\x08\0\0\0\0\x71\x81\
\xfc\x07\0\0\0\0\x73\x12\x2d\x08\0\0\0\0\x71\x81\xfb\x07\0\0\0\0\x73\x12\x2c\
\x08\0\0\0\0\x71\x81\xfa\x07\0\0\0\0\x73\x12\x2b\x08\0\0\0\0\x71\x81\xf9\x07\0\
\0\0\0\x73\x12\x2a\x08\0\0\0\0\x71\x81\xf8\x07\0\0\0\0\x73\x12\x29\x08\0\0\0\0\
\x71\x81\xf7\x07\0\0\0\0\x73\x12\x28\x08\0\0\0\0\x71\x81\xf6\x07\0\0\0\0\x73\
\x12\x27\x08\0\0\0\0\x71\x81\xf5\x07\0\0\0\0\x73\x12\x26\x08\0\0\0\0\x71\x81\
\xf4\x07\0\0\0\0\x73\x12\x25\x08\0\0\0\0\x71\x81\xf3\x07\0\0\0\0\x73\x12\x24\
\x08\0\0\0\0\x71\x81\xf2\x07\0\0\0\0\x73\x12\x23\x08\0\0\0\0\x71\x81\xf1\x07\0\
\0\0\0\x73\x12\x22\x08\0\0\0\0\x71\x81\xf0\x07\0\0\0\0\x73\x12\x21\x08\0\0\0\0\
\x71\x81\xef\x07\0\0\0\0\x73\x12\x20\x08\0\0\0\0\x71\x81\xee\x07\0\0\0\0\x73\
\x12\x1f\x08\0\0\0\0\x71\x81\xed\x07\0\0\0\0\x73\x12\x1e\x08\0\0\0\0\x71\x81\
\xec\x07\0\0\0\0\x73\x12\x1d\x08\0\0\0\0\x71\x81\xeb\x07\0\0\0\0\x73\x12\x1c\
\x08\0\0\0\0\x71\x81\xea\x07\0\0\0\0\x73\x12\x1b\x08\0\0\0\0\x71\x81\xe9\x07\0\
\0\0\0\x73\x12\x1a\x08\0\0\0\0\x71\x81\xe8\x07\0\0\0\0\x73\x12\x19\x08\0\0\0\0\
\x71\x81\xe7\x07\0\0\0\0\x73\x12\x18\x08\0\0\0\0\x71\x81\xe6\x07\0\0\0\0\x73\
\x12\x17\x08\0\0\0\0\x71\x81\xe5\x07\0\0\0\0\x73\x12\x16\x08\0\0\0\0\x71\x81\
\xe4\x07\0\0\0\0\x73\x12\x15\x08\0\0\0\0\x71\x81\xe3\x07\0\0\0\0\x73\x12\x14\
\x08\0\0\0\0\x71\x81\xe2\x07\0\0\0\0\x73\x12\x13\x08\0\0\0\0\x71\x81\xe1\x07\0\
\0\0\0\x73\x12\x12\x08\0\0\0\0\x71\x81\xe0\x07\0\0\0\0\x73\x12\x11\x08\0\0\0\0\
\x71\x81\xdf\x07\0\0\0\0\x73\x12\x10\x08\0\0\0\0\x71\x81\xde\x07\0\0\0\0\x73\
\x12\x0f\x08\0\0\0\0\x71\x81\xdd\x07\0\0\0\0\x73\x12\x0e\x08\0\0\0\0\x71\x81\
\xdc\x07\0\0\0\0\x73\x12\x0d\x08\0\0\0\0\x71\x81\xdb\x07\0\0\0\0\x73\x12\x0c\
\x08\0\0\0\0\x71\x81\xda\x07\0\0\0\0\x73\x12\x0b\x08\0\0\0\0\x71\x81\xd9\x07\0\
\0\0\0\x73\x12\x0a\x08\0\0\0\0\x71\x81\xd8\x07\0\0\0\0\x73\x12\x09\x08\0\0\0\0\
\x71\x81\xd7\x07\0\0\0\0\x73\x12\x08\x08\0\0\0\0\x71\x81\xd6\x07\0\0\0\0\x73\
\x12\x07\x08\0\0\0\0\x71\x81\xd5\x07\0\0\0\0\x73\x12\x06\x08\0\0\0\0\x71\x81\
\xd4\x07\0\0\0\0\x73\x12\x05\x08\0\0\0\0\x71\x81\xd3\x07\0\0\0\0\x73\x12\x04\
\x08\0\0\0\0\x71\x81\xd2\x07\0\0\0\0\x73\x12\x03\x08\0\0\0\0\x71\x81\xd1\x07\0\
\0\0\0\x73\x12\x02\x08\0\0\0\0\x71\x81\xd0\x07\0\0\0\0\x73\x12\x01\x08\0\0\0\0\
\x71\x81\xcf\x07\0\0\0\0\x73\x12\0\x08\0\0\0\0\x71\x81\xce\x07\0\0\0\0\x73\x12\
\xff\x07\0\0\0\0\x71\x81\xcd\x07\0\0\0\0\x73\x12\xfe\x07\0\0\0\0\x71\x81\xcc\
\x07\0\0\0\0\x73\x12\xfd\x07\0\0\0\0\x71\x81\xcb\x07\0\0\0\0\x73\x12\xfc\x07\0\
\0\0\0\x71\x81\xca\x07\0\0\0\0\x73\x12\xfb\x07\0\0\0\0\x71\x81\xc9\x07\0\0\0\0\
\x73\x12\xfa\x07\0\0\0\0\x71\x81\xc8\x07\0\0\0\0\x73\x12\xf9\x07\0\0\0\0\x71\
\x81\xc7\x07\0\0\0\0\x73\x12\xf8\x07\0\0\0\0\x71\x81\xc6\x07\0\0\0\0\x73\x12\
\xf7\x07\0\0\0\0\x71\x81\xc5\x07\0\0\0\0\x73\x12\xf6\x07\0\0\0\0\x71\x81\xc4\
\x07\0\0\0\0\x73\x12\xf5\x07\0\0\0\0\x71\x81\xc3\x07\0\0\0\0\x73\x12\xf4\x07\0\
\0\0\0\x71\x81\xc2\x07\0\0\0\0\x73\x12\xf3\x07\0\0\0\0\x71\x81\xc1\x07\0\0\0\0\
\x73\x12\xf2\x07\0\0\0\0\x71\x81\xc0\x07\0\0\0\0\x73\x12\xf1\x07\0\0\0\0\x71\
\x81\xbf\x07\0\0\0\0\x73\x12\xf0\x07\0\0\0\0\x71\x81\xbe\x07\0\0\0\0\x73\x12\
\xef\x07\0\0\0\0\x71\x81\xbd\x07\0\0\0\0\x73\x12\xee\x07\0\0\0\0\x71\x81\xbc\
\x07\0\0\0\0\x73\x12\xed\x07\0\0\0\0\x71\x81\xbb\x07\0\0\0\0\x73\x12\xec\x07\0\
\0\0\0\x71\x81\xba\x07\0\0\0\0\x73\x12\xeb\x07\0\0\0\0\x71\x81\xb9\x07\0\0\0\0\
\x73\x12\xea\x07\0\0\0\0\x71\x81\xb8\x07\0\0\0\0\x73\x12\xe9\x07\0\0\0\0\x71\
\x81\xb7\x07\0\0\0\0\x73\x12\xe8\x07\0\0\0\0\x71\x81\xb6\x07\0\0\0\0\x73\x12\
\xe7\x07\0\0\0\0\x71\x81\xb5\x07\0\0\0\0\x73\x12\xe6\x07\0\0\0\0\x71\x81\xb4\
\x07\0\0\0\0\x73\x12\xe5\x07\0\0\0\0\x71\x81\xb3\x07\0\0\0\0\x73\x12\xe4\x07\0\
\0\0\0\x71\x81\xb2\x07\0\0\0\0\x73\x12\xe3\x07\0\0\0\0\x71\x81\xb1\x07\0\0\0\0\
\x73\x12\xe2\x07\0\0\0\0\x71\x81\xb0\x07\0\0\0\0\x73\x12\xe1\x07\0\0\0\0\x71\
\x81\xaf\x07\0\0\0\0\x73\x12\xe0\x07\0\0\0\0\x71\x81\xae\x07\0\0\0\0\x73\x12\
\xdf\x07\0\0\0\0\x71\x81\xad\x07\0\0\0\0\x73\x12\xde\x07\0\0\0\0\x71\x81\xac\
\x07\0\0\0\0\x73\x12\xdd\x07\0\0\0\0\x71\x81\xab\x07\0\0\0\0\x73\x12\xdc\x07\0\
\0\0\0\x71\x81\xaa\x07\0\0\0\0\x73\x12\xdb\x07\0\0\0\0\x71\x81\xa9\x07\0\0\0\0\
\x73\x12\xda\x07\0\0\0\0\x71\x81\xa8\x07\0\0\0\0\x73\x12\xd9\x07\0\0\0\0\x71\
\x81\xa7\x07\0\0\0\0\x73\x12\xd8\x07\0\0\0\0\x71\x81\xa6\x07\0\0\0\0\x73\x12\
\xd7\x07\0\0\0\0\x71\x81\xa5\x07\0\0\0\0\x73\x12\xd6\x07\0\0\0\0\x71\x81\xa4\
\x07\0\0\0\0\x73\x12\xd5\x07\0\0\0\0\x71\x81\xa3\x07\0\0\0\0\x73\x12\xd4\x07\0\
\0\0\0\x71\x81\xa2\x07\0\0\0\0\x73\x12\xd3\x07\0\0\0\0\x71\x81\xa1\x07\0\0\0\0\
\x73\x12\xd2\x07\0\0\0\0\x71\x81\xa0\x07\0\0\0\0\x73\x12\xd1\x07\0\0\0\0\x71\
\x81\x9f\x07\0\0\0\0\x73\x12\xd0\x07\0\0\0\0\x71\x81\x9e\x07\0\0\0\0\x73\x12\
\xcf\x07\0\0\0\0\x71\x81\x9d\x07\0\0\0\0\x73\x12\xce\x07\0\0\0\0\x71\x81\x9c\
\x07\0\0\0\0\x73\x12\xcd\x07\0\0\0\0\x71\x81\x9b\x07\0\0\0\0\x73\x12\xcc\x07\0\
\0\0\0\x71\x81\x9a\x07\0\0\0\0\x73\x12\xcb\x07\0\0\0\0\x71\x81\x99\x07\0\0\0\0\
\x73\x12\xca\x07\0\0\0\0\x71\x81\x98\x07\0\0\0\0\x73\x12\xc9\x07\0\0\0\0\x71\
\x81\x97\x07\0\0\0\0\x73\x12\xc8\x07\0\0\0\0\x71\x81\x96\x07\0\0\0\0\x73\x12\
\xc7\x07\0\0\0\0\x71\x81\x95\x07\0\0\0\0\x73\x12\xc6\x07\0\0\0\0\x71\x81\x94\
\x07\0\0\0\0\x73\x12\xc5\x07\0\0\0\0\x71\x81\x93\x07\0\0\0\0\x73\x12\xc4\x07\0\
\0\0\0\x71\x81\x92\x07\0\0\0\0\x73\x12\xc3\x07\0\0\0\0\x71\x81\x91\x07\0\0\0\0\
\x73\x12\xc2\x07\0\0\0\0\x71\x81\x90\x07\0\0\0\0\x73\x12\xc1\x07\0\0\0\0\x71\
\x81\x8f\x07\0\0\0\0\x73\x12\xc0\x07\0\0\0\0\x71\x81\x8e\x07\0\0\0\0\x73\x12\
\xbf\x07\0\0\0\0\x71\x81\x8d\x07\0\0\0\0\x73\x12\xbe\x07\0\0\0\0\x71\x81\x8c\
\x07\0\0\0\0\x73\x12\xbd\x07\0\0\0\0\x71\x81\x8b\x07\0\0\0\0\x73\x12\xbc\x07\0\
\0\0\0\x71\x81\x8a\x07\0\0\0\0\x73\x12\xbb\x07\0\0\0\0\x71\x81\x89\x07\0\0\0\0\
\x73\x12\xba\x07\0\0\0\0\x71\x81\x88\x07\0\0\0\0\x73\x12\xb9\x07\0\0\0\0\x71\
\x81\x87\x07\0\0\0\0\x73\x12\xb8\x07\0\0\0\0\x71\x81\x86\x07\0\0\0\0\x73\x12\
\xb7\x07\0\0\0\0\x71\x81\x85\x07\0\0\0\0\x73\x12\xb6\x07\0\0\0\0\x71\x81\x84\
\x07\0\0\0\0\x73\x12\xb5\x07\0\0\0\0\x71\x81\x83\x07\0\0\0\0\x73\x12\xb4\x07\0\
\0\0\0\x71\x81\x82\x07\0\0\0\0\x73\x12\xb3\x07\0\0\0\0\x71\x81\x81\x07\0\0\0\0\
\x73\x12\xb2\x07\0\0\0\0\x71\x81\x80\x07\0\0\0\0\x73\x12\xb1\x07\0\0\0\0\x71\
\x81\x7f\x07\0\0\0\0\x73\x12\xb0\x07\0\0\0\0\x71\x81\x7e\x07\0\0\0\0\x73\x12\
\xaf\x07\0\0\0\0\x71\x81\x7d\x07\0\0\0\0\x73\x12\xae\x07\0\0\0\0\x71\x81\x7c\
\x07\0\0\0\0\x73\x12\xad\x07\0\0\0\0\x71\x81\x7b\x07\0\0\0\0\x73\x12\xac\x07\0\
\0\0\0\x71\x81\x7a\x07\0\0\0\0\x73\x12\xab\x07\0\0\0\0\x71\x81\x79\x07\0\0\0\0\
\x73\x12\xaa\x07\0\0\0\0\x71\x81\x78\x07\0\0\0\0\x73\x12\xa9\x07\0\0\0\0\x71\
\x81\x77\x07\0\0\0\0\x73\x12\xa8\x07\0\0\0\0\x71\x81\x76\x07\0\0\0\0\x73\x12\
\xa7\x07\0\0\0\0\x71\x81\x75\x07\0\0\0\0\x73\x12\xa6\x07\0\0\0\0\x71\x81\x74\
\x07\0\0\0\0\x73\x12\xa5\x07\0\0\0\0\x71\x81\x73\x07\0\0\0\0\x73\x12\xa4\x07\0\
\0\0\0\x71\x81\x72\x07\0\0\0\0\x73\x12\xa3\x07\0\0\0\0\x71\x81\x71\x07\0\0\0\0\
\x73\x12\xa2\x07\0\0\0\0\x71\x81\x70\x07\0\0\0\0\x73\x12\xa1\x07\0\0\0\0\x71\
\x81\x6f\x07\0\0\0\0\x73\x12\xa0\x07\0\0\0\0\x71\x81\x6e\x07\0\0\0\0\x73\x12\
\x9f\x07\0\0\0\0\x71\x81\x6d\x07\0\0\0\0\x73\x12\x9e\x07\0\0\0\0\x71\x81\x6c\
\x07\0\0\0\0\x73\x12\x9d\x07\0\0\0\0\x71\x81\x6b\x07\0\0\0\0\x73\x12\x9c\x07\0\
\0\0\0\x71\x81\x6a\x07\0\0\0\0\x73\x12\x9b\x07\0\0\0\0\x71\x81\x69\x07\0\0\0\0\
\x73\x12\x9a\x07\0\0\0\0\x71\x81\x68\x07\0\0\0\0\x73\x12\x99\x07\0\0\0\0\x71\
\x81\x67\x07\0\0\0\0\x73\x12\x98\x07\0\0\0\0\x71\x81\x66\x07\0\0\0\0\x73\x12\
\x97\x07\0\0\0\0\x71\x81\x65\x07\0\0\0\0\x73\x12\x96\x07\0\0\0\0\x71\x81\x64\
\x07\0\0\0\0\x73\x12\x95\x07\0\0\0\0\x71\x81\x63\x07\0\0\0\0\x73\x12\x94\x07\0\
\0\0\0\x71\x81\x62\x07\0\0\0\0\x73\x12\x93\x07\0\0\0\0\x71\x81\x61\x07\0\0\0\0\
\x73\x12\x92\x07\0\0\0\0\x71\x81\x60\x07\0\0\0\0\x73\x12\x91\x07\0\0\0\0\x71\
\x81\x5f\x07\0\0\0\0\x73\x12\x90\x07\0\0\0\0\x71\x81\x5e\x07\0\0\0\0\x73\x12\
\x8f\x07\0\0\0\0\x71\x81\x5d\x07\0\0\0\0\x73\x12\x8e\x07\0\0\0\0\x71\x81\x5c\
\x07\0\0\0\0\x73\x12\x8d\x07\0\0\0\0\x71\x81\x5b\x07\0\0\0\0\x73\x12\x8c\x07\0\
\0\0\0\x71\x81\x5a\x07\0\0\0\0\x73\x12\x8b\x07\0\0\0\0\x71\x81\x59\x07\0\0\0\0\
\x73\x12\x8a\x07\0\0\0\0\x71\x81\x58\x07\0\0\0\0\x73\x12\x89\x07\0\0\0\0\x71\
\x81\x57\x07\0\0\0\0\x73\x12\x88\x07\0\0\0\0\x71\x81\x56\x07\0\0\0\0\x73\x12\
\x87\x07\0\0\0\0\x71\x81\x55\x07\0\0\0\0\x73\x12\x86\x07\0\0\0\0\x71\x81\x54\
\x07\0\0\0\0\x73\x12\x85\x07\0\0\0\0\x71\x81\x53\x07\0\0\0\0\x73\x12\x84\x07\0\
\0\0\0\x71\x81\x52\x07\0\0\0\0\x73\x12\x83\x07\0\0\0\0\x71\x81\x51\x07\0\0\0\0\
\x73\x12\x82\x07\0\0\0\0\x71\x81\x50\x07\0\0\0\0\x73\x12\x81\x07\0\0\0\0\x71\
\x81\x4f\x07\0\0\0\0\x73\x12\x80\x07\0\0\0\0\x71\x81\x4e\x07\0\0\0\0\x73\x12\
\x7f\x07\0\0\0\0\x71\x81\x4d\x07\0\0\0\0\x73\x12\x7e\x07\0\0\0\0\x71\x81\x4c\
\x07\0\0\0\0\x73\x12\x7d\x07\0\0\0\0\x71\x81\x4b\x07\0\0\0\0\x73\x12\x7c\x07\0\
\0\0\0\x71\x81\x4a\x07\0\0\0\0\x73\x12\x7b\x07\0\0\0\0\x71\x81\x49\x07\0\0\0\0\
\x73\x12\x7a\x07\0\0\0\0\x71\x81\x48\x07\0\0\0\0\x73\x12\x79\x07\0\0\0\0\x71\
\x81\x47\x07\0\0\0\0\x73\x12\x78\x07\0\0\0\0\x71\x81\x46\x07\0\0\0\0\x73\x12\
\x77\x07\0\0\0\0\x71\x81\x45\x07\0\0\0\0\x73\x12\x76\x07\0\0\0\0\x71\x81\x44\
\x07\0\0\0\0\x73\x12\x75\x07\0\0\0\0\x71\x81\x43\x07\0\0\0\0\x73\x12\x74\x07\0\
\0\0\0\x71\x81\x42\x07\0\0\0\0\x73\x12\x73\x07\0\0\0\0\x71\x81\x41\x07\0\0\0\0\
\x73\x12\x72\x07\0\0\0\0\x71\x81\x40\x07\0\0\0\0\x73\x12\x71\x07\0\0\0\0\x71\
\x81\x3f\x07\0\0\0\0\x73\x12\x70\x07\0\0\0\0\x71\x81\x3e\x07\0\0\0\0\x73\x12\
\x6f\x07\0\0\0\0\x71\x81\x3d\x07\0\0\0\0\x73\x12\x6e\x07\0\0\0\0\x71\x81\x3c\
\x07\0\0\0\0\x73\x12\x6d\x07\0\0\0\0\x71\x81\x3b\x07\0\0\0\0\x73\x12\x6c\x07\0\
\0\0\0\x71\x81\x3a\x07\0\0\0\0\x73\x12\x6b\x07\0\0\0\0\x71\x81\x39\x07\0\0\0\0\
\x73\x12\x6a\x07\0\0\0\0\x71\x81\x38\x07\0\0\0\0\x73\x12\x69\x07\0\0\0\0\x71\
\x81\x37\x07\0\0\0\0\x73\x12\x68\x07\0\0\0\0\x71\x81\x36\x07\0\0\0\0\x73\x12\
\x67\x07\0\0\0\0\x71\x81\x35\x07\0\0\0\0\x73\x12\x66\x07\0\0\0\0\x71\x81\x34\
\x07\0\0\0\0\x73\x12\x65\x07\0\0\0\0\x71\x81\x33\x07\0\0\0\0\x73\x12\x64\x07\0\
\0\0\0\x71\x81\x32\x07\0\0\0\0\x73\x12\x63\x07\0\0\0\0\x71\x81\x31\x07\0\0\0\0\
\x73\x12\x62\x07\0\0\0\0\x71\x81\x30\x07\0\0\0\0\x73\x12\x61\x07\0\0\0\0\x71\
\x81\x2f\x07\0\0\0\0\x73\x12\x60\x07\0\0\0\0\x71\x81\x2e\x07\0\0\0\0\x73\x12\
\x5f\x07\0\0\0\0\x71\x81\x2d\x07\0\0\0\0\x73\x12\x5e\x07\0\0\0\0\x71\x81\x2c\
\x07\0\0\0\0\x73\x12\x5d\x07\0\0\0\0\x71\x81\x2b\x07\0\0\0\0\x73\x12\x5c\x07\0\
\0\0\0\x71\x81\x2a\x07\0\0\0\0\x73\x12\x5b\x07\0\0\0\0\x71\x81\x29\x07\0\0\0\0\
\x73\x12\x5a\x07\0\0\0\0\x71\x81\x28\x07\0\0\0\0\x73\x12\x59\x07\0\0\0\0\x71\
\x81\x27\x07\0\0\0\0\x73\x12\x58\x07\0\0\0\0\x71\x81\x26\x07\0\0\0\0\x73\x12\
\x57\x07\0\0\0\0\x71\x81\x25\x07\0\0\0\0\x73\x12\x56\x07\0\0\0\0\x71\x81\x24\
\x07\0\0\0\0\x73\x12\x55\x07\0\0\0\0\x71\x81\x23\x07\0\0\0\0\x73\x12\x54\x07\0\
\0\0\0\x71\x81\x22\x07\0\0\0\0\x73\x12\x53\x07\0\0\0\0\x71\x81\x21\x07\0\0\0\0\
\x73\x12\x52\x07\0\0\0\0\x71\x81\x20\x07\0\0\0\0\x73\x12\x51\x07\0\0\0\0\x71\
\x81\x1f\x07\0\0\0\0\x73\x12\x50\x07\0\0\0\0\x71\x81\x1e\x07\0\0\0\0\x73\x12\
\x4f\x07\0\0\0\0\x71\x81\x1d\x07\0\0\0\0\x73\x12\x4e\x07\0\0\0\0\x71\x81\x1c\
\x07\0\0\0\0\x73\x12\x4d\x07\0\0\0\0\x71\x81\x1b\x07\0\0\0\0\x73\x12\x4c\x07\0\
\0\0\0\x71\x81\x1a\x07\0\0\0\0\x73\x12\x4b\x07\0\0\0\0\x71\x81\x19\x07\0\0\0\0\
\x73\x12\x4a\x07\0\0\0\0\x71\x81\x18\x07\0\0\0\0\x73\x12\x49\x07\0\0\0\0\x71\
\x81\x17\x07\0\0\0\0\x73\x12\x48\x07\0\0\0\0\x71\x81\x16\x07\0\0\0\0\x73\x12\
\x47\x07\0\0\0\0\x71\x81\x15\x07\0\0\0\0\x73\x12\x46\x07\0\0\0\0\x71\x81\x14\
\x07\0\0\0\0\x73\x12\x45\x07\0\0\0\0\x71\x81\x13\x07\0\0\0\0\x73\x12\x44\x07\0\
\0\0\0\x71\x81\x12\x07\0\0\0\0\x73\x12\x43\x07\0\0\0\0\x71\x81\x11\x07\0\0\0\0\
\x73\x12\x42\x07\0\0\0\0\x71\x81\x10\x07\0\0\0\0\x73\x12\x41\x07\0\0\0\0\x71\
\x81\x0f\x07\0\0\0\0\x73\x12\x40\x07\0\0\0\0\x71\x81\x0e\x07\0\0\0\0\x73\x12\
\x3f\x07\0\0\0\0\x71\x81\x0d\x07\0\0\0\0\x73\x12\x3e\x07\0\0\0\0\x71\x81\x0c\
\x07\0\0\0\0\x73\x12\x3d\x07\0\0\0\0\x71\x81\x0b\x07\0\0\0\0\x73\x12\x3c\x07\0\
\0\0\0\x71\x81\x0a\x07\0\0\0\0\x73\x12\x3b\x07\0\0\0\0\x71\x81\x09\x07\0\0\0\0\
\x73\x12\x3a\x07\0\0\0\0\x71\x81\x08\x07\0\0\0\0\x73\x12\x39\x07\0\0\0\0\x71\
\x81\x07\x07\0\0\0\0\x73\x12\x38\x07\0\0\0\0\x71\x81\x06\x07\0\0\0\0\x73\x12\
\x37\x07\0\0\0\0\x71\x81\x05\x07\0\0\0\0\x73\x12\x36\x07\0\0\0\0\x71\x81\x04\
\x07\0\0\0\0\x73\x12\x35\x07\0\0\0\0\x71\x81\x03\x07\0\0\0\0\x73\x12\x34\x07\0\
\0\0\0\x71\x81\x02\x07\0\0\0\0\x73\x12\x33\x07\0\0\0\0\x71\x81\x01\x07\0\0\0\0\
\x73\x12\x32\x07\0\0\0\0\x71\x81\0\x07\0\0\0\0\x73\x12\x31\x07\0\0\0\0\xa6\x04\
\x86\x36\x01\x08\0\0\xbf\x81\0\0\0\0\0\0\x07\x01\0\0\0\x09\0\0\x2d\x51\x83\x36\
\0\0\0\0\x71\x81\xff\x08\0\0\0\0\x79\xa2\xb0\xff\0\0\0\0\x73\x12\x30\x09\0\0\0\
\0\x71\x81\xfe\x08\0\0\0\0\x73\x12\x2f\x09\0\0\0\0\x71\x81\xfd\x08\0\0\0\0\x73\
\x12\x2e\x09\0\0\0\0\x71\x81\xfc\x08\0\0\0\0\x73\x12\x2d\x09\0\0\0\0\x71\x81\
\xfb\x08\0\0\0\0\x73\x12\x2c\x09\0\0\0\0\x71\x81\xfa\x08\0\0\0\0\x73\x12\x2b\
\x09\0\0\0\0\x71\x81\xf9\x08\0\0\0\0\x73\x12\x2a\x09\0\0\0\0\x71\x81\xf8\x08\0\
\0\0\0\x73\x12\x29\x09\0\0\0\0\x71\x81\xf7\x08\0\0\0\0\x73\x12\x28\x09\0\0\0\0\
\x71\x81\xf6\x08\0\0\0\0\x73\x12\x27\x09\0\0\0\0\x71\x81\xf5\x08\0\0\0\0\x73\
\x12\x26\x09\0\0\0\0\x71\x81\xf4\x08\0\0\0\0\x73\x12\x25\x09\0\0\0\0\x71\x81\
\xf3\x08\0\0\0\0\x73\x12\x24\x09\0\0\0\0\x71\x81\xf2\x08\0\0\0\0\x73\x12\x23\
\x09\0\0\0\0\x71\x81\xf1\x08\0\0\0\0\x73\x12\x22\x09\0\0\0\0\x71\x81\xf0\x08\0\
\0\0\0\x73\x12\x21\x09\0\0\0\0\x71\x81\xef\x08\0\0\0\0\x73\x12\x20\x09\0\0\0\0\
\x71\x81\xee\x08\0\0\0\0\x73\x12\x1f\x09\0\0\0\0\x71\x81\xed\x08\0\0\0\0\x73\
\x12\x1e\x09\0\0\0\0\x71\x81\xec\x08\0\0\0\0\x73\x12\x1d\x09\0\0\0\0\x71\x81\
\xeb\x08\0\0\0\0\x73\x12\x1c\x09\0\0\0\0\x71\x81\xea\x08\0\0\0\0\x73\x12\x1b\
\x09\0\0\0\0\x71\x81\xe9\x08\0\0\0\0\x73\x12\x1a\x09\0\0\0\0\x71\x81\xe8\x08\0\
\0\0\0\x73\x12\x19\x09\0\0\0\0\x71\x81\xe7\x08\0\0\0\0\x73\x12\x18\x09\0\0\0\0\
\x71\x81\xe6\x08\0\0\0\0\x73\x12\x17\x09\0\0\0\0\x71\x81\xe5\x08\0\0\0\0\x73\
\x12\x16\x09\0\0\0\0\x71\x81\xe4\x08\0\0\0\0\x73\x12\x15\x09\0\0\0\0\x71\x81\
\xe3\x08\0\0\0\0\x73\x12\x14\x09\0\0\0\0\x71\x81\xe2\x08\0\0\0\0\x73\x12\x13\
\x09\0\0\0\0\x71\x81\xe1\x08\0\0\0\0\x73\x12\x12\x09\0\0\0\0\x71\x81\xe0\x08\0\
\0\0\0\x73\x12\x11\x09\0\0\0\0\x71\x81\xdf\x08\0\0\0\0\x73\x12\x10\x09\0\0\0\0\
\x71\x81\xde\x08\0\0\0\0\x73\x12\x0f\x09\0\0\0\0\x71\x81\xdd\x08\0\0\0\0\x73\
\x12\x0e\x09\0\0\0\0\x71\x81\xdc\x08\0\0\0\0\x73\x12\x0d\x09\0\0\0\0\x71\x81\
\xdb\x08\0\0\0\0\x73\x12\x0c\x09\0\0\0\0\x71\x81\xda\x08\0\0\0\0\x73\x12\x0b\
\x09\0\0\0\0\x71\x81\xd9\x08\0\0\0\0\x73\x12\x0a\x09\0\0\0\0\x71\x81\xd8\x08\0\
\0\0\0\x73\x12\x09\x09\0\0\0\0\x71\x81\xd7\x08\0\0\0\0\x73\x12\x08\x09\0\0\0\0\
\x71\x81\xd6\x08\0\0\0\0\x73\x12\x07\x09\0\0\0\0\x71\x81\xd5\x08\0\0\0\0\x73\
\x12\x06\x09\0\0\0\0\x71\x81\xd4\x08\0\0\0\0\x73\x12\x05\x09\0\0\0\0\x71\x81\
\xd3\x08\0\0\0\0\x73\x12\x04\x09\0\0\0\0\x71\x81\xd2\x08\0\0\0\0\x73\x12\x03\
\x09\0\0\0\0\x71\x81\xd1\x08\0\0\0\0\x73\x12\x02\x09\0\0\0\0\x71\x81\xd0\x08\0\
\0\0\0\x73\x12\x01\x09\0\0\0\0\x71\x81\xcf\x08\0\0\0\0\x73\x12\0\x09\0\0\0\0\
\x71\x81\xce\x08\0\0\0\0\x73\x12\xff\x08\0\0\0\0\x71\x81\xcd\x08\0\0\0\0\x73\
\x12\xfe\x08\0\0\0\0\x71\x81\xcc\x08\0\0\0\0\x73\x12\xfd\x08\0\0\0\0\x71\x81\
\xcb\x08\0\0\0\0\x73\x12\xfc\x08\0\0\0\0\x71\x81\xca\x08\0\0\0\0\x73\x12\xfb\
\x08\0\0\0\0\x71\x81\xc9\x08\0\0\0\0\x73\x12\xfa\x08\0\0\0\0\x71\x81\xc8\x08\0\
\0\0\0\x73\x12\xf9\x08\0\0\0\0\x71\x81\xc7\x08\0\0\0\0\x73\x12\xf8\x08\0\0\0\0\
\x71\x81\xc6\x08\0\0\0\0\x73\x12\xf7\x08\0\0\0\0\x71\x81\xc5\x08\0\0\0\0\x73\
\x12\xf6\x08\0\0\0\0\x71\x81\xc4\x08\0\0\0\0\x73\x12\xf5\x08\0\0\0\0\x71\x81\
\xc3\x08\0\0\0\0\x73\x12\xf4\x08\0\0\0\0\x71\x81\xc2\x08\0\0\0\0\x73\x12\xf3\
\x08\0\0\0\0\x71\x81\xc1\x08\0\0\0\0\x73\x12\xf2\x08\0\0\0\0\x71\x81\xc0\x08\0\
\0\0\0\x73\x12\xf1\x08\0\0\0\0\x71\x81\xbf\x08\0\0\0\0\x73\x12\xf0\x08\0\0\0\0\
\x71\x81\xbe\x08\0\0\0\0\x73\x12\xef\x08\0\0\0\0\x71\x81\xbd\x08\0\0\0\0\x73\
\x12\xee\x08\0\0\0\0\x71\x81\xbc\x08\0\0\0\0\x73\x12\xed\x08\0\0\0\0\x71\x81\
\xbb\x08\0\0\0\0\x73\x12\xec\x08\0\0\0\0\x71\x81\xba\x08\0\0\0\0\x73\x12\xeb\
\x08\0\0\0\0\x71\x81\xb9\x08\0\0\0\0\x73\x12\xea\x08\0\0\0\0\x71\x81\xb8\x08\0\
\0\0\0\x73\x12\xe9\x08\0\0\0\0\x71\x81\xb7\x08\0\0\0\0\x73\x12\xe8\x08\0\0\0\0\
\x71\x81\xb6\x08\0\0\0\0\x73\x12\xe7\x08\0\0\0\0\x71\x81\xb5\x08\0\0\0\0\x73\
\x12\xe6\x08\0\0\0\0\x71\x81\xb4\x08\0\0\0\0\x73\x12\xe5\x08\0\0\0\0\x71\x81\
\xb3\x08\0\0\0\0\x73\x12\xe4\x08\0\0\0\0\x71\x81\xb2\x08\0\0\0\0\x73\x12\xe3\
\x08\0\0\0\0\x71\x81\xb1\x08\0\0\0\0\x73\x12\xe2\x08\0\0\0\0\x71\x81\xb0\x08\0\
\0\0\0\x73\x12\xe1\x08\0\0\0\0\x71\x81\xaf\x08\0\0\0\0\x73\x12\xe0\x08\0\0\0\0\
\x71\x81\xae\x08\0\0\0\0\x73\x12\xdf\x08\0\0\0\0\x71\x81\xad\x08\0\0\0\0\x73\
\x12\xde\x08\0\0\0\0\x71\x81\xac\x08\0\0\0\0\x73\x12\xdd\x08\0\0\0\0\x71\x81\
\xab\x08\0\0\0\0\x73\x12\xdc\x08\0\0\0\0\x71\x81\xaa\x08\0\0\0\0\x73\x12\xdb\
\x08\0\0\0\0\x71\x81\xa9\x08\0\0\0\0\x73\x12\xda\x08\0\0\0\0\x71\x81\xa8\x08\0\
\0\0\0\x73\x12\xd9\x08\0\0\0\0\x71\x81\xa7\x08\0\0\0\0\x73\x12\xd8\x08\0\0\0\0\
\x71\x81\xa6\x08\0\0\0\0\x73\x12\xd7\x08\0\0\0\0\x71\x81\xa5\x08\0\0\0\0\x73\
\x12\xd6\x08\0\0\0\0\x71\x81\xa4\x08\0\0\0\0\x73\x12\xd5\x08\0\0\0\0\x71\x81\
\xa3\x08\0\0\0\0\x73\x12\xd4\x08\0\0\0\0\x71\x81\xa2\x08\0\0\0\0\x73\x12\xd3\
\x08\0\0\0\0\x71\x81\xa1\x08\0\0\0\0\x73\x12\xd2\x08\0\0\0\0\x71\x81\xa0\x08\0\
\0\0\0\x73\x12\xd1\x08\0\0\0\0\x71\x81\x9f\x08\0\0\0\0\x73\x12\xd0\x08\0\0\0\0\
\x71\x81\x9e\x08\0\0\0\0\x73\x12\xcf\x08\0\0\0\0\x71\x81\x9d\x08\0\0\0\0\x73\
\x12\xce\x08\0\0\0\0\x71\x81\x9c\x08\0\0\0\0\x73\x12\xcd\x08\0\0\0\0\x71\x81\
\x9b\x08\0\0\0\0\x73\x12\xcc\x08\0\0\0\0\x71\x81\x9a\x08\0\0\0\0\x73\x12\xcb\
\x08\0\0\0\0\x71\x81\x99\x08\0\0\0\0\x73\x12\xca\x08\0\0\0\0\x71\x81\x98\x08\0\
\0\0\0\x73\x12\xc9\x08\0\0\0\0\x71\x81\x97\x08\0\0\0\0\x73\x12\xc8\x08\0\0\0\0\
\x71\x81\x96\x08\0\0\0\0\x73\x12\xc7\x08\0\0\0\0\x71\x81\x95\x08\0\0\0\0\x73\
\x12\xc6\x08\0\0\0\0\x71\x81\x94\x08\0\0\0\0\x73\x12\xc5\x08\0\0\0\0\x71\x81\
\x93\x08\0\0\0\0\x73\x12\xc4\x08\0\0\0\0\x71\x81\x92\x08\0\0\0\0\x73\x12\xc3\
\x08\0\0\0\0\x71\x81\x91\x08\0\0\0\0\x73\x12\xc2\x08\0\0\0\0\x71\x81\x90\x08\0\
\0\0\0\x73\x12\xc1\x08\0\0\0\0\x71\x81\x8f\x08\0\0\0\0\x73\x12\xc0\x08\0\0\0\0\
\x71\x81\x8e\x08\0\0\0\0\x73\x12\xbf\x08\0\0\0\0\x71\x81\x8d\x08\0\0\0\0\x73\
\x12\xbe\x08\0\0\0\0\x71\x81\x8c\x08\0\0\0\0\x73\x12\xbd\x08\0\0\0\0\x71\x81\
\x8b\x08\0\0\0\0\x73\x12\xbc\x08\0\0\0\0\x71\x81\x8a\x08\0\0\0\0\x73\x12\xbb\
\x08\0\0\0\0\x71\x81\x89\x08\0\0\0\0\x73\x12\xba\x08\0\0\0\0\x71\x81\x88\x08\0\
\0\0\0\x73\x12\xb9\x08\0\0\0\0\x71\x81\x87\x08\0\0\0\0\x73\x12\xb8\x08\0\0\0\0\
\x71\x81\x86\x08\0\0\0\0\x73\x12\xb7\x08\0\0\0\0\x71\x81\x85\x08\0\0\0\0\x73\
\x12\xb6\x08\0\0\0\0\x71\x81\x84\x08\0\0\0\0\x73\x12\xb5\x08\0\0\0\0\x71\x81\
\x83\x08\0\0\0\0\x73\x12\xb4\x08\0\0\0\0\x71\x81\x82\x08\0\0\0\0\x73\x12\xb3\
\x08\0\0\0\0\x71\x81\x81\x08\0\0\0\0\x73\x12\xb2\x08\0\0\0\0\x71\x81\x80\x08\0\
\0\0\0\x73\x12\xb1\x08\0\0\0\0\x71\x81\x7f\x08\0\0\0\0\x73\x12\xb0\x08\0\0\0\0\
\x71\x81\x7e\x08\0\0\0\0\x73\x12\xaf\x08\0\0\0\0\x71\x81\x7d\x08\0\0\0\0\x73\
\x12\xae\x08\0\0\0\0\x71\x81\x7c\x08\0\0\0\0\x73\x12\xad\x08\0\0\0\0\x71\x81\
\x7b\x08\0\0\0\0\x73\x12\xac\x08\0\0\0\0\x71\x81\x7a\x08\0\0\0\0\x73\x12\xab\
\x08\0\0\0\0\x71\x81\x79\x08\0\0\0\0\x73\x12\xaa\x08\0\0\0\0\x71\x81\x78\x08\0\
\0\0\0\x73\x12\xa9\x08\0\0\0\0\x71\x81\x77\x08\0\0\0\0\x73\x12\xa8\x08\0\0\0\0\
\x71\x81\x76\x08\0\0\0\0\x73\x12\xa7\x08\0\0\0\0\x71\x81\x75\x08\0\0\0\0\x73\
\x12\xa6\x08\0\0\0\0\x71\x81\x74\x08\0\0\0\0\x73\x12\xa5\x08\0\0\0\0\x71\x81\
\x73\x08\0\0\0\0\x73\x12\xa4\x08\0\0\0\0\x71\x81\x72\x08\0\0\0\0\x73\x12\xa3\
\x08\0\0\0\0\x71\x81\x71\x08\0\0\0\0\x73\x12\xa2\x08\0\0\0\0\x71\x81\x70\x08\0\
\0\0\0\x73\x12\xa1\x08\0\0\0\0\x71\x81\x6f\x08\0\0\0\0\x73\x12\xa0\x08\0\0\0\0\
\x71\x81\x6e\x08\0\0\0\0\x73\x12\x9f\x08\0\0\0\0\x71\x81\x6d\x08\0\0\0\0\x73\
\x12\x9e\x08\0\0\0\0\x71\x81\x6c\x08\0\0\0\0\x73\x12\x9d\x08\0\0\0\0\x71\x81\
\x6b\x08\0\0\0\0\x73\x12\x9c\x08\0\0\0\0\x71\x81\x6a\x08\0\0\0\0\x73\x12\x9b\
\x08\0\0\0\0\x71\x81\x69\x08\0\0\0\0\x73\x12\x9a\x08\0\0\0\0\x71\x81\x68\x08\0\
\0\0\0\x73\x12\x99\x08\0\0\0\0\x71\x81\x67\x08\0\0\0\0\x73\x12\x98\x08\0\0\0\0\
\x71\x81\x66\x08\0\0\0\0\x73\x12\x97\x08\0\0\0\0\x71\x81\x65\x08\0\0\0\0\x73\
\x12\x96\x08\0\0\0\0\x71\x81\x64\x08\0\0\0\0\x73\x12\x95\x08\0\0\0\0\x71\x81\
\x63\x08\0\0\0\0\x73\x12\x94\x08\0\0\0\0\x71\x81\x62\x08\0\0\0\0\x73\x12\x93\
\x08\0\0\0\0\x71\x81\x61\x08\0\0\0\0\x73\x12\x92\x08\0\0\0\0\x71\x81\x60\x08\0\
\0\0\0\x73\x12\x91\x08\0\0\0\0\x71\x81\x5f\x08\0\0\0\0\x73\x12\x90\x08\0\0\0\0\
\x71\x81\x5e\x08\0\0\0\0\x73\x12\x8f\x08\0\0\0\0\x71\x81\x5d\x08\0\0\0\0\x73\
\x12\x8e\x08\0\0\0\0\x71\x81\x5c\x08\0\0\0\0\x73\x12\x8d\x08\0\0\0\0\x71\x81\
\x5b\x08\0\0\0\0\x73\x12\x8c\x08\0\0\0\0\x71\x81\x5a\x08\0\0\0\0\x73\x12\x8b\
\x08\0\0\0\0\x71\x81\x59\x08\0\0\0\0\x73\x12\x8a\x08\0\0\0\0\x71\x81\x58\x08\0\
\0\0\0\x73\x12\x89\x08\0\0\0\0\x71\x81\x57\x08\0\0\0\0\x73\x12\x88\x08\0\0\0\0\
\x71\x81\x56\x08\0\0\0\0\x73\x12\x87\x08\0\0\0\0\x71\x81\x55\x08\0\0\0\0\x73\
\x12\x86\x08\0\0\0\0\x71\x81\x54\x08\0\0\0\0\x73\x12\x85\x08\0\0\0\0\x71\x81\
\x53\x08\0\0\0\0\x73\x12\x84\x08\0\0\0\0\x71\x81\x52\x08\0\0\0\0\x73\x12\x83\
\x08\0\0\0\0\x71\x81\x51\x08\0\0\0\0\x73\x12\x82\x08\0\0\0\0\x71\x81\x50\x08\0\
\0\0\0\x73\x12\x81\x08\0\0\0\0\x71\x81\x4f\x08\0\0\0\0\x73\x12\x80\x08\0\0\0\0\
\x71\x81\x4e\x08\0\0\0\0\x73\x12\x7f\x08\0\0\0\0\x71\x81\x4d\x08\0\0\0\0\x73\
\x12\x7e\x08\0\0\0\0\x71\x81\x4c\x08\0\0\0\0\x73\x12\x7d\x08\0\0\0\0\x71\x81\
\x4b\x08\0\0\0\0\x73\x12\x7c\x08\0\0\0\0\x71\x81\x4a\x08\0\0\0\0\x73\x12\x7b\
\x08\0\0\0\0\x71\x81\x49\x08\0\0\0\0\x73\x12\x7a\x08\0\0\0\0\x71\x81\x48\x08\0\
\0\0\0\x73\x12\x79\x08\0\0\0\0\x71\x81\x47\x08\0\0\0\0\x73\x12\x78\x08\0\0\0\0\
\x71\x81\x46\x08\0\0\0\0\x73\x12\x77\x08\0\0\0\0\x71\x81\x45\x08\0\0\0\0\x73\
\x12\x76\x08\0\0\0\0\x71\x81\x44\x08\0\0\0\0\x73\x12\x75\x08\0\0\0\0\x71\x81\
\x43\x08\0\0\0\0\x73\x12\x74\x08\0\0\0\0\x71\x81\x42\x08\0\0\0\0\x73\x12\x73\
\x08\0\0\0\0\x71\x81\x41\x08\0\0\0\0\x73\x12\x72\x08\0\0\0\0\x71\x81\x40\x08\0\
\0\0\0\x73\x12\x71\x08\0\0\0\0\x71\x81\x3f\x08\0\0\0\0\x73\x12\x70\x08\0\0\0\0\
\x71\x81\x3e\x08\0\0\0\0\x73\x12\x6f\x08\0\0\0\0\x71\x81\x3d\x08\0\0\0\0\x73\
\x12\x6e\x08\0\0\0\0\x71\x81\x3c\x08\0\0\0\0\x73\x12\x6d\x08\0\0\0\0\x71\x81\
\x3b\x08\0\0\0\0\x73\x12\x6c\x08\0\0\0\0\x71\x81\x3a\x08\0\0\0\0\x73\x12\x6b\
\x08\0\0\0\0\x71\x81\x39\x08\0\0\0\0\x73\x12\x6a\x08\0\0\0\0\x71\x81\x38\x08\0\
\0\0\0\x73\x12\x69\x08\0\0\0\0\x71\x81\x37\x08\0\0\0\0\x73\x12\x68\x08\0\0\0\0\
\x71\x81\x36\x08\0\0\0\0\x73\x12\x67\x08\0\0\0\0\x71\x81\x35\x08\0\0\0\0\x73\
\x12\x66\x08\0\0\0\0\x71\x81\x34\x08\0\0\0\0\x73\x12\x65\x08\0\0\0\0\x71\x81\
\x33\x08\0\0\0\0\x73\x12\x64\x08\0\0\0\0\x71\x81\x32\x08\0\0\0\0\x73\x12\x63\
\x08\0\0\0\0\x71\x81\x31\x08\0\0\0\0\x73\x12\x62\x08\0\0\0\0\x71\x81\x30\x08\0\
\0\0\0\x73\x12\x61\x08\0\0\0\0\x71\x81\x2f\x08\0\0\0\0\x73\x12\x60\x08\0\0\0\0\
\x71\x81\x2e\x08\0\0\0\0\x73\x12\x5f\x08\0\0\0\0\x71\x81\x2d\x08\0\0\0\0\x73\
\x12\x5e\x08\0\0\0\0\x71\x81\x2c\x08\0\0\0\0\x73\x12\x5d\x08\0\0\0\0\x71\x81\
\x2b\x08\0\0\0\0\x73\x12\x5c\x08\0\0\0\0\x71\x81\x2a\x08\0\0\0\0\x73\x12\x5b\
\x08\0\0\0\0\x71\x81\x29\x08\0\0\0\0\x73\x12\x5a\x08\0\0\0\0\x71\x81\x28\x08\0\
\0\0\0\x73\x12\x59\x08\0\0\0\0\x71\x81\x27\x08\0\0\0\0\x73\x12\x58\x08\0\0\0\0\
\x71\x81\x26\x08\0\0\0\0\x73\x12\x57\x08\0\0\0\0\x71\x81\x25\x08\0\0\0\0\x73\
\x12\x56\x08\0\0\0\0\x71\x81\x24\x08\0\0\0\0\x73\x12\x55\x08\0\0\0\0\x71\x81\
\x23\x08\0\0\0\0\x73\x12\x54\x08\0\0\0\0\x71\x81\x22\x08\0\0\0\0\x73\x12\x53\
\x08\0\0\0\0\x71\x81\x21\x08\0\0\0\0\x73\x12\x52\x08\0\0\0\0\x71\x81\x20\x08\0\
\0\0\0\x73\x12\x51\x08\0\0\0\0\x71\x81\x1f\x08\0\0\0\0\x73\x12\x50\x08\0\0\0\0\
\x71\x81\x1e\x08\0\0\0\0\x73\x12\x4f\x08\0\0\0\0\x71\x81\x1d\x08\0\0\0\0\x73\
\x12\x4e\x08\0\0\0\0\x71\x81\x1c\x08\0\0\0\0\x73\x12\x4d\x08\0\0\0\0\x71\x81\
\x1b\x08\0\0\0\0\x73\x12\x4c\x08\0\0\0\0\x71\x81\x1a\x08\0\0\0\0\x73\x12\x4b\
\x08\0\0\0\0\x71\x81\x19\x08\0\0\0\0\x73\x12\x4a\x08\0\0\0\0\x71\x81\x18\x08\0\
\0\0\0\x73\x12\x49\x08\0\0\0\0\x71\x81\x17\x08\0\0\0\0\x73\x12\x48\x08\0\0\0\0\
\x71\x81\x16\x08\0\0\0\0\x73\x12\x47\x08\0\0\0\0\x71\x81\x15\x08\0\0\0\0\x73\
\x12\x46\x08\0\0\0\0\x71\x81\x14\x08\0\0\0\0\x73\x12\x45\x08\0\0\0\0\x71\x81\
\x13\x08\0\0\0\0\x73\x12\x44\x08\0\0\0\0\x71\x81\x12\x08\0\0\0\0\x73\x12\x43\
\x08\0\0\0\0\x71\x81\x11\x08\0\0\0\0\x73\x12\x42\x08\0\0\0\0\x71\x81\x10\x08\0\
\0\0\0\x73\x12\x41\x08\0\0\0\0\x71\x81\x0f\x08\0\0\0\0\x73\x12\x40\x08\0\0\0\0\
\x71\x81\x0e\x08\0\0\0\0\x73\x12\x3f\x08\0\0\0\0\x71\x81\x0d\x08\0\0\0\0\x73\
\x12\x3e\x08\0\0\0\0\x71\x81\x0c\x08\0\0\0\0\x73\x12\x3d\x08\0\0\0\0\x71\x81\
\x0b\x08\0\0\0\0\x73\x12\x3c\x08\0\0\0\0\x71\x81\x0a\x08\0\0\0\0\x73\x12\x3b\
\x08\0\0\0\0\x71\x81\x09\x08\0\0\0\0\x73\x12\x3a\x08\0\0\0\0\x71\x81\x08\x08\0\
\0\0\0\x73\x12\x39\x08\0\0\0\0\x71\x81\x07\x08\0\0\0\0\x73\x12\x38\x08\0\0\0\0\
\x71\x81\x06\x08\0\0\0\0\x73\x12\x37\x08\0\0\0\0\x71\x81\x05\x08\0\0\0\0\x73\
\x12\x36\x08\0\0\0\0\x71\x81\x04\x08\0\0\0\0\x73\x12\x35\x08\0\0\0\0\x71\x81\
\x03\x08\0\0\0\0\x73\x12\x34\x08\0\0\0\0\x71\x81\x02\x08\0\0\0\0\x73\x12\x33\
\x08\0\0\0\0\x71\x81\x01\x08\0\0\0\0\x73\x12\x32\x08\0\0\0\0\x71\x81\0\x08\0\0\
\0\0\x73\x12\x31\x08\0\0\0\0\xa6\x04\x81\x34\x01\x09\0\0\xbf\x81\0\0\0\0\0\0\
\x07\x01\0\0\0\x0a\0\0\x2d\x51\x7e\x34\0\0\0\0\x71\x81\xff\x09\0\0\0\0\x79\xa2\
\xb0\xff\0\0\0\0\x73\x12\x30\x0a\0\0\0\0\x71\x81\xfe\x09\0\0\0\0\x73\x12\x2f\
\x0a\0\0\0\0\x71\x81\xfd\x09\0\0\0\0\x73\x12\x2e\x0a\0\0\0\0\x71\x81\xfc\x09\0\
\0\0\0\x73\x12\x2d\x0a\0\0\0\0\x71\x81\xfb\x09\0\0\0\0\x73\x12\x2c\x0a\0\0\0\0\
\x71\x81\xfa\x09\0\0\0\0\x73\x12\x2b\x0a\0\0\0\0\x71\x81\xf9\x09\0\0\0\0\x73\
\x12\x2a\x0a\0\0\0\0\x71\x81\xf8\x09\0\0\0\0\x73\x12\x29\x0a\0\0\0\0\x71\x81\
\xf7\x09\0\0\0\0\x73\x12\x28\x0a\0\0\0\0\x71\x81\xf6\x09\0\0\0\0\x73\x12\x27\
\x0a\0\0\0\0\x71\x81\xf5\x09\0\0\0\0\x73\x12\x26\x0a\0\0\0\0\x71\x81\xf4\x09\0\
\0\0\0\x73\x12\x25\x0a\0\0\0\0\x71\x81\xf3\x09\0\0\0\0\x73\x12\x24\x0a\0\0\0\0\
\x71\x81\xf2\x09\0\0\0\0\x73\x12\x23\x0a\0\0\0\0\x71\x81\xf1\x09\0\0\0\0\x73\
\x12\x22\x0a\0\0\0\0\x71\x81\xf0\x09\0\0\0\0\x73\x12\x21\x0a\0\0\0\0\x71\x81\
\xef\x09\0\0\0\0\x73\x12\x20\x0a\0\0\0\0\x71\x81\xee\x09\0\0\0\0\x73\x12\x1f\
\x0a\0\0\0\0\x71\x81\xed\x09\0\0\0\0\x73\x12\x1e\x0a\0\0\0\0\x71\x81\xec\x09\0\
\0\0\0\x73\x12\x1d\x0a\0\0\0\0\x71\x81\xeb\x09\0\0\0\0\x73\x12\x1c\x0a\0\0\0\0\
\x71\x81\xea\x09\0\0\0\0\x73\x12\x1b\x0a\0\0\0\0\x71\x81\xe9\x09\0\0\0\0\x73\
\x12\x1a\x0a\0\0\0\0\x71\x81\xe8\x09\0\0\0\0\x73\x12\x19\x0a\0\0\0\0\x71\x81\
\xe7\x09\0\0\0\0\x73\x12\x18\x0a\0\0\0\0\x71\x81\xe6\x09\0\0\0\0\x73\x12\x17\
\x0a\0\0\0\0\x71\x81\xe5\x09\0\0\0\0\x73\x12\x16\x0a\0\0\0\0\x71\x81\xe4\x09\0\
\0\0\0\x73\x12\x15\x0a\0\0\0\0\x71\x81\xe3\x09\0\0\0\0\x73\x12\x14\x0a\0\0\0\0\
\x71\x81\xe2\x09\0\0\0\0\x73\x12\x13\x0a\0\0\0\0\x71\x81\xe1\x09\0\0\0\0\x73\
\x12\x12\x0a\0\0\0\0\x71\x81\xe0\x09\0\0\0\0\x73\x12\x11\x0a\0\0\0\0\x71\x81\
\xdf\x09\0\0\0\0\x73\x12\x10\x0a\0\0\0\0\x71\x81\xde\x09\0\0\0\0\x73\x12\x0f\
\x0a\0\0\0\0\x71\x81\xdd\x09\0\0\0\0\x73\x12\x0e\x0a\0\0\0\0\x71\x81\xdc\x09\0\
\0\0\0\x73\x12\x0d\x0a\0\0\0\0\x71\x81\xdb\x09\0\0\0\0\x73\x12\x0c\x0a\0\0\0\0\
\x71\x81\xda\x09\0\0\0\0\x73\x12\x0b\x0a\0\0\0\0\x71\x81\xd9\x09\0\0\0\0\x73\
\x12\x0a\x0a\0\0\0\0\x71\x81\xd8\x09\0\0\0\0\x73\x12\x09\x0a\0\0\0\0\x71\x81\
\xd7\x09\0\0\0\0\x73\x12\x08\x0a\0\0\0\0\x71\x81\xd6\x09\0\0\0\0\x73\x12\x07\
\x0a\0\0\0\0\x71\x81\xd5\x09\0\0\0\0\x73\x12\x06\x0a\0\0\0\0\x71\x81\xd4\x09\0\
\0\0\0\x73\x12\x05\x0a\0\0\0\0\x71\x81\xd3\x09\0\0\0\0\x73\x12\x04\x0a\0\0\0\0\
\x71\x81\xd2\x09\0\0\0\0\x73\x12\x03\x0a\0\0\0\0\x71\x81\xd1\x09\0\0\0\0\x73\
\x12\x02\x0a\0\0\0\0\x71\x81\xd0\x09\0\0\0\0\x73\x12\x01\x0a\0\0\0\0\x71\x81\
\xcf\x09\0\0\0\0\x73\x12\0\x0a\0\0\0\0\x71\x81\xce\x09\0\0\0\0\x73\x12\xff\x09\
\0\0\0\0\x71\x81\xcd\x09\0\0\0\0\x73\x12\xfe\x09\0\0\0\0\x71\x81\xcc\x09\0\0\0\
\0\x73\x12\xfd\x09\0\0\0\0\x71\x81\xcb\x09\0\0\0\0\x73\x12\xfc\x09\0\0\0\0\x71\
\x81\xca\x09\0\0\0\0\x73\x12\xfb\x09\0\0\0\0\x71\x81\xc9\x09\0\0\0\0\x73\x12\
\xfa\x09\0\0\0\0\x71\x81\xc8\x09\0\0\0\0\x73\x12\xf9\x09\0\0\0\0\x71\x81\xc7\
\x09\0\0\0\0\x73\x12\xf8\x09\0\0\0\0\x71\x81\xc6\x09\0\0\0\0\x73\x12\xf7\x09\0\
\0\0\0\x71\x81\xc5\x09\0\0\0\0\x73\x12\xf6\x09\0\0\0\0\x71\x81\xc4\x09\0\0\0\0\
\x73\x12\xf5\x09\0\0\0\0\x71\x81\xc3\x09\0\0\0\0\x73\x12\xf4\x09\0\0\0\0\x71\
\x81\xc2\x09\0\0\0\0\x73\x12\xf3\x09\0\0\0\0\x71\x81\xc1\x09\0\0\0\0\x73\x12\
\xf2\x09\0\0\0\0\x71\x81\xc0\x09\0\0\0\0\x73\x12\xf1\x09\0\0\0\0\x71\x81\xbf\
\x09\0\0\0\0\x73\x12\xf0\x09\0\0\0\0\x71\x81\xbe\x09\0\0\0\0\x73\x12\xef\x09\0\
\0\0\0\x71\x81\xbd\x09\0\0\0\0\x73\x12\xee\x09\0\0\0\0\x71\x81\xbc\x09\0\0\0\0\
\x73\x12\xed\x09\0\0\0\0\x71\x81\xbb\x09\0\0\0\0\x73\x12\xec\x09\0\0\0\0\x71\
\x81\xba\x09\0\0\0\0\x73\x12\xeb\x09\0\0\0\0\x71\x81\xb9\x09\0\0\0\0\x73\x12\
\xea\x09\0\0\0\0\x71\x81\xb8\x09\0\0\0\0\x73\x12\xe9\x09\0\0\0\0\x71\x81\xb7\
\x09\0\0\0\0\x73\x12\xe8\x09\0\0\0\0\x71\x81\xb6\x09\0\0\0\0\x73\x12\xe7\x09\0\
\0\0\0\x71\x81\xb5\x09\0\0\0\0\x73\x12\xe6\x09\0\0\0\0\x71\x81\xb4\x09\0\0\0\0\
\x73\x12\xe5\x09\0\0\0\0\x71\x81\xb3\x09\0\0\0\0\x73\x12\xe4\x09\0\0\0\0\x71\
\x81\xb2\x09\0\0\0\0\x73\x12\xe3\x09\0\0\0\0\x71\x81\xb1\x09\0\0\0\0\x73\x12\
\xe2\x09\0\0\0\0\x71\x81\xb0\x09\0\0\0\0\x73\x12\xe1\x09\0\0\0\0\x71\x81\xaf\
\x09\0\0\0\0\x73\x12\xe0\x09\0\0\0\0\x71\x81\xae\x09\0\0\0\0\x73\x12\xdf\x09\0\
\0\0\0\x71\x81\xad\x09\0\0\0\0\x73\x12\xde\x09\0\0\0\0\x71\x81\xac\x09\0\0\0\0\
\x73\x12\xdd\x09\0\0\0\0\x71\x81\xab\x09\0\0\0\0\x73\x12\xdc\x09\0\0\0\0\x71\
\x81\xaa\x09\0\0\0\0\x73\x12\xdb\x09\0\0\0\0\x71\x81\xa9\x09\0\0\0\0\x73\x12\
\xda\x09\0\0\0\0\x71\x81\xa8\x09\0\0\0\0\x73\x12\xd9\x09\0\0\0\0\x71\x81\xa7\
\x09\0\0\0\0\x73\x12\xd8\x09\0\0\0\0\x71\x81\xa6\x09\0\0\0\0\x73\x12\xd7\x09\0\
\0\0\0\x71\x81\xa5\x09\0\0\0\0\x73\x12\xd6\x09\0\0\0\0\x71\x81\xa4\x09\0\0\0\0\
\x73\x12\xd5\x09\0\0\0\0\x71\x81\xa3\x09\0\0\0\0\x73\x12\xd4\x09\0\0\0\0\x71\
\x81\xa2\x09\0\0\0\0\x73\x12\xd3\x09\0\0\0\0\x71\x81\xa1\x09\0\0\0\0\x73\x12\
\xd2\x09\0\0\0\0\x71\x81\xa0\x09\0\0\0\0\x73\x12\xd1\x09\0\0\0\0\x71\x81\x9f\
\x09\0\0\0\0\x73\x12\xd0\x09\0\0\0\0\x71\x81\x9e\x09\0\0\0\0\x73\x12\xcf\x09\0\
\0\0\0\x71\x81\x9d\x09\0\0\0\0\x73\x12\xce\x09\0\0\0\0\x71\x81\x9c\x09\0\0\0\0\
\x73\x12\xcd\x09\0\0\0\0\x71\x81\x9b\x09\0\0\0\0\x73\x12\xcc\x09\0\0\0\0\x71\
\x81\x9a\x09\0\0\0\0\x73\x12\xcb\x09\0\0\0\0\x71\x81\x99\x09\0\0\0\0\x73\x12\
\xca\x09\0\0\0\0\x71\x81\x98\x09\0\0\0\0\x73\x12\xc9\x09\0\0\0\0\x71\x81\x97\
\x09\0\0\0\0\x73\x12\xc8\x09\0\0\0\0\x71\x81\x96\x09\0\0\0\0\x73\x12\xc7\x09\0\
\0\0\0\x71\x81\x95\x09\0\0\0\0\x73\x12\xc6\x09\0\0\0\0\x71\x81\x94\x09\0\0\0\0\
\x73\x12\xc5\x09\0\0\0\0\x71\x81\x93\x09\0\0\0\0\x73\x12\xc4\x09\0\0\0\0\x71\
\x81\x92\x09\0\0\0\0\x73\x12\xc3\x09\0\0\0\0\x71\x81\x91\x09\0\0\0\0\x73\x12\
\xc2\x09\0\0\0\0\x71\x81\x90\x09\0\0\0\0\x73\x12\xc1\x09\0\0\0\0\x71\x81\x8f\
\x09\0\0\0\0\x73\x12\xc0\x09\0\0\0\0\x71\x81\x8e\x09\0\0\0\0\x73\x12\xbf\x09\0\
\0\0\0\x71\x81\x8d\x09\0\0\0\0\x73\x12\xbe\x09\0\0\0\0\x71\x81\x8c\x09\0\0\0\0\
\x73\x12\xbd\x09\0\0\0\0\x71\x81\x8b\x09\0\0\0\0\x73\x12\xbc\x09\0\0\0\0\x71\
\x81\x8a\x09\0\0\0\0\x73\x12\xbb\x09\0\0\0\0\x71\x81\x89\x09\0\0\0\0\x73\x12\
\xba\x09\0\0\0\0\x71\x81\x88\x09\0\0\0\0\x73\x12\xb9\x09\0\0\0\0\x71\x81\x87\
\x09\0\0\0\0\x73\x12\xb8\x09\0\0\0\0\x71\x81\x86\x09\0\0\0\0\x73\x12\xb7\x09\0\
\0\0\0\x71\x81\x85\x09\0\0\0\0\x73\x12\xb6\x09\0\0\0\0\x71\x81\x84\x09\0\0\0\0\
\x73\x12\xb5\x09\0\0\0\0\x71\x81\x83\x09\0\0\0\0\x73\x12\xb4\x09\0\0\0\0\x71\
\x81\x82\x09\0\0\0\0\x73\x12\xb3\x09\0\0\0\0\x71\x81\x81\x09\0\0\0\0\x73\x12\
\xb2\x09\0\0\0\0\x71\x81\x80\x09\0\0\0\0\x73\x12\xb1\x09\0\0\0\0\x71\x81\x7f\
\x09\0\0\0\0\x73\x12\xb0\x09\0\0\0\0\x71\x81\x7e\x09\0\0\0\0\x73\x12\xaf\x09\0\
\0\0\0\x71\x81\x7d\x09\0\0\0\0\x73\x12\xae\x09\0\0\0\0\x71\x81\x7c\x09\0\0\0\0\
\x73\x12\xad\x09\0\0\0\0\x71\x81\x7b\x09\0\0\0\0\x73\x12\xac\x09\0\0\0\0\x71\
\x81\x7a\x09\0\0\0\0\x73\x12\xab\x09\0\0\0\0\x71\x81\x79\x09\0\0\0\0\x73\x12\
\xaa\x09\0\0\0\0\x71\x81\x78\x09\0\0\0\0\x73\x12\xa9\x09\0\0\0\0\x71\x81\x77\
\x09\0\0\0\0\x73\x12\xa8\x09\0\0\0\0\x71\x81\x76\x09\0\0\0\0\x73\x12\xa7\x09\0\
\0\0\0\x71\x81\x75\x09\0\0\0\0\x73\x12\xa6\x09\0\0\0\0\x71\x81\x74\x09\0\0\0\0\
\x73\x12\xa5\x09\0\0\0\0\x71\x81\x73\x09\0\0\0\0\x73\x12\xa4\x09\0\0\0\0\x71\
\x81\x72\x09\0\0\0\0\x73\x12\xa3\x09\0\0\0\0\x71\x81\x71\x09\0\0\0\0\x73\x12\
\xa2\x09\0\0\0\0\x71\x81\x70\x09\0\0\0\0\x73\x12\xa1\x09\0\0\0\0\x71\x81\x6f\
\x09\0\0\0\0\x73\x12\xa0\x09\0\0\0\0\x71\x81\x6e\x09\0\0\0\0\x73\x12\x9f\x09\0\
\0\0\0\x71\x81\x6d\x09\0\0\0\0\x73\x12\x9e\x09\0\0\0\0\x71\x81\x6c\x09\0\0\0\0\
\x73\x12\x9d\x09\0\0\0\0\x71\x81\x6b\x09\0\0\0\0\x73\x12\x9c\x09\0\0\0\0\x71\
\x81\x6a\x09\0\0\0\0\x73\x12\x9b\x09\0\0\0\0\x71\x81\x69\x09\0\0\0\0\x73\x12\
\x9a\x09\0\0\0\0\x71\x81\x68\x09\0\0\0\0\x73\x12\x99\x09\0\0\0\0\x71\x81\x67\
\x09\0\0\0\0\x73\x12\x98\x09\0\0\0\0\x71\x81\x66\x09\0\0\0\0\x73\x12\x97\x09\0\
\0\0\0\x71\x81\x65\x09\0\0\0\0\x73\x12\x96\x09\0\0\0\0\x71\x81\x64\x09\0\0\0\0\
\x73\x12\x95\x09\0\0\0\0\x71\x81\x63\x09\0\0\0\0\x73\x12\x94\x09\0\0\0\0\x71\
\x81\x62\x09\0\0\0\0\x73\x12\x93\x09\0\0\0\0\x71\x81\x61\x09\0\0\0\0\x73\x12\
\x92\x09\0\0\0\0\x71\x81\x60\x09\0\0\0\0\x73\x12\x91\x09\0\0\0\0\x71\x81\x5f\
\x09\0\0\0\0\x73\x12\x90\x09\0\0\0\0\x71\x81\x5e\x09\0\0\0\0\x73\x12\x8f\x09\0\
\0\0\0\x71\x81\x5d\x09\0\0\0\0\x73\x12\x8e\x09\0\0\0\0\x71\x81\x5c\x09\0\0\0\0\
\x73\x12\x8d\x09\0\0\0\0\x71\x81\x5b\x09\0\0\0\0\x73\x12\x8c\x09\0\0\0\0\x71\
\x81\x5a\x09\0\0\0\0\x73\x12\x8b\x09\0\0\0\0\x71\x81\x59\x09\0\0\0\0\x73\x12\
\x8a\x09\0\0\0\0\x71\x81\x58\x09\0\0\0\0\x73\x12\x89\x09\0\0\0\0\x71\x81\x57\
\x09\0\0\0\0\x73\x12\x88\x09\0\0\0\0\x71\x81\x56\x09\0\0\0\0\x73\x12\x87\x09\0\
\0\0\0\x71\x81\x55\x09\0\0\0\0\x73\x12\x86\x09\0\0\0\0\x71\x81\x54\x09\0\0\0\0\
\x73\x12\x85\x09\0\0\0\0\x71\x81\x53\x09\0\0\0\0\x73\x12\x84\x09\0\0\0\0\x71\
\x81\x52\x09\0\0\0\0\x73\x12\x83\x09\0\0\0\0\x71\x81\x51\x09\0\0\0\0\x73\x12\
\x82\x09\0\0\0\0\x71\x81\x50\x09\0\0\0\0\x73\x12\x81\x09\0\0\0\0\x71\x81\x4f\
\x09\0\0\0\0\x73\x12\x80\x09\0\0\0\0\x71\x81\x4e\x09\0\0\0\0\x73\x12\x7f\x09\0\
\0\0\0\x71\x81\x4d\x09\0\0\0\0\x73\x12\x7e\x09\0\0\0\0\x71\x81\x4c\x09\0\0\0\0\
\x73\x12\x7d\x09\0\0\0\0\x71\x81\x4b\x09\0\0\0\0\x73\x12\x7c\x09\0\0\0\0\x71\
\x81\x4a\x09\0\0\0\0\x73\x12\x7b\x09\0\0\0\0\x71\x81\x49\x09\0\0\0\0\x73\x12\
\x7a\x09\0\0\0\0\x71\x81\x48\x09\0\0\0\0\x73\x12\x79\x09\0\0\0\0\x71\x81\x47\
\x09\0\0\0\0\x73\x12\x78\x09\0\0\0\0\x71\x81\x46\x09\0\0\0\0\x73\x12\x77\x09\0\
\0\0\0\x71\x81\x45\x09\0\0\0\0\x73\x12\x76\x09\0\0\0\0\x71\x81\x44\x09\0\0\0\0\
\x73\x12\x75\x09\0\0\0\0\x71\x81\x43\x09\0\0\0\0\x73\x12\x74\x09\0\0\0\0\x71\
\x81\x42\x09\0\0\0\0\x73\x12\x73\x09\0\0\0\0\x71\x81\x41\x09\0\0\0\0\x73\x12\
\x72\x09\0\0\0\0\x71\x81\x40\x09\0\0\0\0\x73\x12\x71\x09\0\0\0\0\x71\x81\x3f\
\x09\0\0\0\0\x73\x12\x70\x09\0\0\0\0\x71\x81\x3e\x09\0\0\0\0\x73\x12\x6f\x09\0\
\0\0\0\x71\x81\x3d\x09\0\0\0\0\x73\x12\x6e\x09\0\0\0\0\x71\x81\x3c\x09\0\0\0\0\
\x73\x12\x6d\x09\0\0\0\0\x71\x81\x3b\x09\0\0\0\0\x73\x12\x6c\x09\0\0\0\0\x71\
\x81\x3a\x09\0\0\0\0\x73\x12\x6b\x09\0\0\0\0\x71\x81\x39\x09\0\0\0\0\x73\x12\
\x6a\x09\0\0\0\0\x71\x81\x38\x09\0\0\0\0\x73\x12\x69\x09\0\0\0\0\x71\x81\x37\
\x09\0\0\0\0\x73\x12\x68\x09\0\0\0\0\x71\x81\x36\x09\0\0\0\0\x73\x12\x67\x09\0\
\0\0\0\x71\x81\x35\x09\0\0\0\0\x73\x12\x66\x09\0\0\0\0\x71\x81\x34\x09\0\0\0\0\
\x73\x12\x65\x09\0\0\0\0\x71\x81\x33\x09\0\0\0\0\x73\x12\x64\x09\0\0\0\0\x71\
\x81\x32\x09\0\0\0\0\x73\x12\x63\x09\0\0\0\0\x71\x81\x31\x09\0\0\0\0\x73\x12\
\x62\x09\0\0\0\0\x71\x81\x30\x09\0\0\0\0\x73\x12\x61\x09\0\0\0\0\x71\x81\x2f\
\x09\0\0\0\0\x73\x12\x60\x09\0\0\0\0\x71\x81\x2e\x09\0\0\0\0\x73\x12\x5f\x09\0\
\0\0\0\x71\x81\x2d\x09\0\0\0\0\x73\x12\x5e\x09\0\0\0\0\x71\x81\x2c\x09\0\0\0\0\
\x73\x12\x5d\x09\0\0\0\0\x71\x81\x2b\x09\0\0\0\0\x73\x12\x5c\x09\0\0\0\0\x71\
\x81\x2a\x09\0\0\0\0\x73\x12\x5b\x09\0\0\0\0\x71\x81\x29\x09\0\0\0\0\x73\x12\
\x5a\x09\0\0\0\0\x71\x81\x28\x09\0\0\0\0\x73\x12\x59\x09\0\0\0\0\x71\x81\x27\
\x09\0\0\0\0\x73\x12\x58\x09\0\0\0\0\x71\x81\x26\x09\0\0\0\0\x73\x12\x57\x09\0\
\0\0\0\x71\x81\x25\x09\0\0\0\0\x73\x12\x56\x09\0\0\0\0\x71\x81\x24\x09\0\0\0\0\
\x73\x12\x55\x09\0\0\0\0\x71\x81\x23\x09\0\0\0\0\x73\x12\x54\x09\0\0\0\0\x71\
\x81\x22\x09\0\0\0\0\x73\x12\x53\x09\0\0\0\0\x71\x81\x21\x09\0\0\0\0\x73\x12\
\x52\x09\0\0\0\0\x71\x81\x20\x09\0\0\0\0\x73\x12\x51\x09\0\0\0\0\x71\x81\x1f\
\x09\0\0\0\0\x73\x12\x50\x09\0\0\0\0\x71\x81\x1e\x09\0\0\0\0\x73\x12\x4f\x09\0\
\0\0\0\x71\x81\x1d\x09\0\0\0\0\x73\x12\x4e\x09\0\0\0\0\x71\x81\x1c\x09\0\0\0\0\
\x73\x12\x4d\x09\0\0\0\0\x71\x81\x1b\x09\0\0\0\0\x73\x12\x4c\x09\0\0\0\0\x71\
\x81\x1a\x09\0\0\0\0\x73\x12\x4b\x09\0\0\0\0\x71\x81\x19\x09\0\0\0\0\x73\x12\
\x4a\x09\0\0\0\0\x71\x81\x18\x09\0\0\0\0\x73\x12\x49\x09\0\0\0\0\x71\x81\x17\
\x09\0\0\0\0\x73\x12\x48\x09\0\0\0\0\x71\x81\x16\x09\0\0\0\0\x73\x12\x47\x09\0\
\0\0\0\x71\x81\x15\x09\0\0\0\0\x73\x12\x46\x09\0\0\0\0\x71\x81\x14\x09\0\0\0\0\
\x73\x12\x45\x09\0\0\0\0\x71\x81\x13\x09\0\0\0\0\x73\x12\x44\x09\0\0\0\0\x71\
\x81\x12\x09\0\0\0\0\x73\x12\x43\x09\0\0\0\0\x71\x81\x11\x09\0\0\0\0\x73\x12\
\x42\x09\0\0\0\0\x71\x81\x10\x09\0\0\0\0\x73\x12\x41\x09\0\0\0\0\x71\x81\x0f\
\x09\0\0\0\0\x73\x12\x40\x09\0\0\0\0\x71\x81\x0e\x09\0\0\0\0\x73\x12\x3f\x09\0\
\0\0\0\x71\x81\x0d\x09\0\0\0\0\x73\x12\x3e\x09\0\0\0\0\x71\x81\x0c\x09\0\0\0\0\
\x73\x12\x3d\x09\0\0\0\0\x71\x81\x0b\x09\0\0\0\0\x73\x12\x3c\x09\0\0\0\0\x71\
\x81\x0a\x09\0\0\0\0\x73\x12\x3b\x09\0\0\0\0\x71\x81\x09\x09\0\0\0\0\x73\x12\
\x3a\x09\0\0\0\0\x71\x81\x08\x09\0\0\0\0\x73\x12\x39\x09\0\0\0\0\x71\x81\x07\
\x09\0\0\0\0\x73\x12\x38\x09\0\0\0\0\x71\x81\x06\x09\0\0\0\0\x73\x12\x37\x09\0\
\0\0\0\x71\x81\x05\x09\0\0\0\0\x73\x12\x36\x09\0\0\0\0\x71\x81\x04\x09\0\0\0\0\
\x73\x12\x35\x09\0\0\0\0\x71\x81\x03\x09\0\0\0\0\x73\x12\x34\x09\0\0\0\0\x71\
\x81\x02\x09\0\0\0\0\x73\x12\x33\x09\0\0\0\0\x71\x81\x01\x09\0\0\0\0\x73\x12\
\x32\x09\0\0\0\0\x71\x81\0\x09\0\0\0\0\x73\x12\x31\x09\0\0\0\0\xa6\x04\x7c\x32\
\x01\x0a\0\0\xbf\x81\0\0\0\0\0\0\x07\x01\0\0\0\x0b\0\0\x2d\x51\x79\x32\0\0\0\0\
\x71\x81\xff\x0a\0\0\0\0\x79\xa2\xb0\xff\0\0\0\0\x73\x12\x30\x0b\0\0\0\0\x71\
\x81\xfe\x0a\0\0\0\0\x73\x12\x2f\x0b\0\0\0\0\x71\x81\xfd\x0a\0\0\0\0\x73\x12\
\x2e\x0b\0\0\0\0\x71\x81\xfc\x0a\0\0\0\0\x73\x12\x2d\x0b\0\0\0\0\x71\x81\xfb\
\x0a\0\0\0\0\x73\x12\x2c\x0b\0\0\0\0\x71\x81\xfa\x0a\0\0\0\0\x73\x12\x2b\x0b\0\
\0\0\0\x71\x81\xf9\x0a\0\0\0\0\x73\x12\x2a\x0b\0\0\0\0\x71\x81\xf8\x0a\0\0\0\0\
\x73\x12\x29\x0b\0\0\0\0\x71\x81\xf7\x0a\0\0\0\0\x73\x12\x28\x0b\0\0\0\0\x71\
\x81\xf6\x0a\0\0\0\0\x73\x12\x27\x0b\0\0\0\0\x71\x81\xf5\x0a\0\0\0\0\x73\x12\
\x26\x0b\0\0\0\0\x71\x81\xf4\x0a\0\0\0\0\x73\x12\x25\x0b\0\0\0\0\x71\x81\xf3\
\x0a\0\0\0\0\x73\x12\x24\x0b\0\0\0\0\x71\x81\xf2\x0a\0\0\0\0\x73\x12\x23\x0b\0\
\0\0\0\x71\x81\xf1\x0a\0\0\0\0\x73\x12\x22\x0b\0\0\0\0\x71\x81\xf0\x0a\0\0\0\0\
\x73\x12\x21\x0b\0\0\0\0\x71\x81\xef\x0a\0\0\0\0\x73\x12\x20\x0b\0\0\0\0\x71\
\x81\xee\x0a\0\0\0\0\x73\x12\x1f\x0b\0\0\0\0\x71\x81\xed\x0a\0\0\0\0\x73\x12\
\x1e\x0b\0\0\0\0\x71\x81\xec\x0a\0\0\0\0\x73\x12\x1d\x0b\0\0\0\0\x71\x81\xeb\
\x0a\0\0\0\0\x73\x12\x1c\x0b\0\0\0\0\x71\x81\xea\x0a\0\0\0\0\x73\x12\x1b\x0b\0\
\0\0\0\x71\x81\xe9\x0a\0\0\0\0\x73\x12\x1a\x0b\0\0\0\0\x71\x81\xe8\x0a\0\0\0\0\
\x73\x12\x19\x0b\0\0\0\0\x71\x81\xe7\x0a\0\0\0\0\x73\x12\x18\x0b\0\0\0\0\x71\
\x81\xe6\x0a\0\0\0\0\x73\x12\x17\x0b\0\0\0\0\x71\x81\xe5\x0a\0\0\0\0\x73\x12\
\x16\x0b\0\0\0\0\x71\x81\xe4\x0a\0\0\0\0\x73\x12\x15\x0b\0\0\0\0\x71\x81\xe3\
\x0a\0\0\0\0\x73\x12\x14\x0b\0\0\0\0\x71\x81\xe2\x0a\0\0\0\0\x73\x12\x13\x0b\0\
\0\0\0\x71\x81\xe1\x0a\0\0\0\0\x73\x12\x12\x0b\0\0\0\0\x71\x81\xe0\x0a\0\0\0\0\
\x73\x12\x11\x0b\0\0\0\0\x71\x81\xdf\x0a\0\0\0\0\x73\x12\x10\x0b\0\0\0\0\x71\
\x81\xde\x0a\0\0\0\0\x73\x12\x0f\x0b\0\0\0\0\x71\x81\xdd\x0a\0\0\0\0\x73\x12\
\x0e\x0b\0\0\0\0\x71\x81\xdc\x0a\0\0\0\0\x73\x12\x0d\x0b\0\0\0\0\x71\x81\xdb\
\x0a\0\0\0\0\x73\x12\x0c\x0b\0\0\0\0\x71\x81\xda\x0a\0\0\0\0\x73\x12\x0b\x0b\0\
\0\0\0\x71\x81\xd9\x0a\0\0\0\0\x73\x12\x0a\x0b\0\0\0\0\x71\x81\xd8\x0a\0\0\0\0\
\x73\x12\x09\x0b\0\0\0\0\x71\x81\xd7\x0a\0\0\0\0\x73\x12\x08\x0b\0\0\0\0\x71\
\x81\xd6\x0a\0\0\0\0\x73\x12\x07\x0b\0\0\0\0\x71\x81\xd5\x0a\0\0\0\0\x73\x12\
\x06\x0b\0\0\0\0\x71\x81\xd4\x0a\0\0\0\0\x73\x12\x05\x0b\0\0\0\0\x71\x81\xd3\
\x0a\0\0\0\0\x73\x12\x04\x0b\0\0\0\0\x71\x81\xd2\x0a\0\0\0\0\x73\x12\x03\x0b\0\
\0\0\0\x71\x81\xd1\x0a\0\0\0\0\x73\x12\x02\x0b\0\0\0\0\x71\x81\xd0\x0a\0\0\0\0\
\x73\x12\x01\x0b\0\0\0\0\x71\x81\xcf\x0a\0\0\0\0\x73\x12\0\x0b\0\0\0\0\x71\x81\
\xce\x0a\0\0\0\0\x73\x12\xff\x0a\0\0\0\0\x71\x81\xcd\x0a\0\0\0\0\x73\x12\xfe\
\x0a\0\0\0\0\x71\x81\xcc\x0a\0\0\0\0\x73\x12\xfd\x0a\0\0\0\0\x71\x81\xcb\x0a\0\
\0\0\0\x73\x12\xfc\x0a\0\0\0\0\x71\x81\xca\x0a\0\0\0\0\x73\x12\xfb\x0a\0\0\0\0\
\x71\x81\xc9\x0a\0\0\0\0\x73\x12\xfa\x0a\0\0\0\0\x71\x81\xc8\x0a\0\0\0\0\x73\
\x12\xf9\x0a\0\0\0\0\x71\x81\xc7\x0a\0\0\0\0\x73\x12\xf8\x0a\0\0\0\0\x71\x81\
\xc6\x0a\0\0\0\0\x73\x12\xf7\x0a\0\0\0\0\x71\x81\xc5\x0a\0\0\0\0\x73\x12\xf6\
\x0a\0\0\0\0\x71\x81\xc4\x0a\0\0\0\0\x73\x12\xf5\x0a\0\0\0\0\x71\x81\xc3\x0a\0\
\0\0\0\x73\x12\xf4\x0a\0\0\0\0\x71\x81\xc2\x0a\0\0\0\0\x73\x12\xf3\x0a\0\0\0\0\
\x71\x81\xc1\x0a\0\0\0\0\x73\x12\xf2\x0a\0\0\0\0\x71\x81\xc0\x0a\0\0\0\0\x73\
\x12\xf1\x0a\0\0\0\0\x71\x81\xbf\x0a\0\0\0\0\x73\x12\xf0\x0a\0\0\0\0\x71\x81\
\xbe\x0a\0\0\0\0\x73\x12\xef\x0a\0\0\0\0\x71\x81\xbd\x0a\0\0\0\0\x73\x12\xee\
\x0a\0\0\0\0\x71\x81\xbc\x0a\0\0\0\0\x73\x12\xed\x0a\0\0\0\0\x71\x81\xbb\x0a\0\
\0\0\0\x73\x12\xec\x0a\0\0\0\0\x71\x81\xba\x0a\0\0\0\0\x73\x12\xeb\x0a\0\0\0\0\
\x71\x81\xb9\x0a\0\0\0\0\x73\x12\xea\x0a\0\0\0\0\x71\x81\xb8\x0a\0\0\0\0\x73\
\x12\xe9\x0a\0\0\0\0\x71\x81\xb7\x0a\0\0\0\0\x73\x12\xe8\x0a\0\0\0\0\x71\x81\
\xb6\x0a\0\0\0\0\x73\x12\xe7\x0a\0\0\0\0\x71\x81\xb5\x0a\0\0\0\0\x73\x12\xe6\
\x0a\0\0\0\0\x71\x81\xb4\x0a\0\0\0\0\x73\x12\xe5\x0a\0\0\0\0\x71\x81\xb3\x0a\0\
\0\0\0\x73\x12\xe4\x0a\0\0\0\0\x71\x81\xb2\x0a\0\0\0\0\x73\x12\xe3\x0a\0\0\0\0\
\x71\x81\xb1\x0a\0\0\0\0\x73\x12\xe2\x0a\0\0\0\0\x71\x81\xb0\x0a\0\0\0\0\x73\
\x12\xe1\x0a\0\0\0\0\x71\x81\xaf\x0a\0\0\0\0\x73\x12\xe0\x0a\0\0\0\0\x71\x81\
\xae\x0a\0\0\0\0\x73\x12\xdf\x0a\0\0\0\0\x71\x81\xad\x0a\0\0\0\0\x73\x12\xde\
\x0a\0\0\0\0\x71\x81\xac\x0a\0\0\0\0\x73\x12\xdd\x0a\0\0\0\0\x71\x81\xab\x0a\0\
\0\0\0\x73\x12\xdc\x0a\0\0\0\0\x71\x81\xaa\x0a\0\0\0\0\x73\x12\xdb\x0a\0\0\0\0\
\x71\x81\xa9\x0a\0\0\0\0\x73\x12\xda\x0a\0\0\0\0\x71\x81\xa8\x0a\0\0\0\0\x73\
\x12\xd9\x0a\0\0\0\0\x71\x81\xa7\x0a\0\0\0\0\x73\x12\xd8\x0a\0\0\0\0\x71\x81\
\xa6\x0a\0\0\0\0\x73\x12\xd7\x0a\0\0\0\0\x71\x81\xa5\x0a\0\0\0\0\x73\x12\xd6\
\x0a\0\0\0\0\x71\x81\xa4\x0a\0\0\0\0\x73\x12\xd5\x0a\0\0\0\0\x71\x81\xa3\x0a\0\
\0\0\0\x73\x12\xd4\x0a\0\0\0\0\x71\x81\xa2\x0a\0\0\0\0\x73\x12\xd3\x0a\0\0\0\0\
\x71\x81\xa1\x0a\0\0\0\0\x73\x12\xd2\x0a\0\0\0\0\x71\x81\xa0\x0a\0\0\0\0\x73\
\x12\xd1\x0a\0\0\0\0\x71\x81\x9f\x0a\0\0\0\0\x73\x12\xd0\x0a\0\0\0\0\x71\x81\
\x9e\x0a\0\0\0\0\x73\x12\xcf\x0a\0\0\0\0\x71\x81\x9d\x0a\0\0\0\0\x73\x12\xce\
\x0a\0\0\0\0\x71\x81\x9c\x0a\0\0\0\0\x73\x12\xcd\x0a\0\0\0\0\x71\x81\x9b\x0a\0\
\0\0\0\x73\x12\xcc\x0a\0\0\0\0\x71\x81\x9a\x0a\0\0\0\0\x73\x12\xcb\x0a\0\0\0\0\
\x71\x81\x99\x0a\0\0\0\0\x73\x12\xca\x0a\0\0\0\0\x71\x81\x98\x0a\0\0\0\0\x73\
\x12\xc9\x0a\0\0\0\0\x71\x81\x97\x0a\0\0\0\0\x73\x12\xc8\x0a\0\0\0\0\x71\x81\
\x96\x0a\0\0\0\0\x73\x12\xc7\x0a\0\0\0\0\x71\x81\x95\x0a\0\0\0\0\x73\x12\xc6\
\x0a\0\0\0\0\x71\x81\x94\x0a\0\0\0\0\x73\x12\xc5\x0a\0\0\0\0\x71\x81\x93\x0a\0\
\0\0\0\x73\x12\xc4\x0a\0\0\0\0\x71\x81\x92\x0a\0\0\0\0\x73\x12\xc3\x0a\0\0\0\0\
\x71\x81\x91\x0a\0\0\0\0\x73\x12\xc2\x0a\0\0\0\0\x71\x81\x90\x0a\0\0\0\0\x73\
\x12\xc1\x0a\0\0\0\0\x71\x81\x8f\x0a\0\0\0\0\x73\x12\xc0\x0a\0\0\0\0\x71\x81\
\x8e\x0a\0\0\0\0\x73\x12\xbf\x0a\0\0\0\0\x71\x81\x8d\x0a\0\0\0\0\x73\x12\xbe\
\x0a\0\0\0\0\x71\x81\x8c\x0a\0\0\0\0\x73\x12\xbd\x0a\0\0\0\0\x71\x81\x8b\x0a\0\
\0\0\0\x73\x12\xbc\x0a\0\0\0\0\x71\x81\x8a\x0a\0\0\0\0\x73\x12\xbb\x0a\0\0\0\0\
\x71\x81\x89\x0a\0\0\0\0\x73\x12\xba\x0a\0\0\0\0\x71\x81\x88\x0a\0\0\0\0\x73\
\x12\xb9\x0a\0\0\0\0\x71\x81\x87\x0a\0\0\0\0\x73\x12\xb8\x0a\0\0\0\0\x71\x81\
\x86\x0a\0\0\0\0\x73\x12\xb7\x0a\0\0\0\0\x71\x81\x85\x0a\0\0\0\0\x73\x12\xb6\
\x0a\0\0\0\0\x71\x81\x84\x0a\0\0\0\0\x73\x12\xb5\x0a\0\0\0\0\x71\x81\x83\x0a\0\
\0\0\0\x73\x12\xb4\x0a\0\0\0\0\x71\x81\x82\x0a\0\0\0\0\x73\x12\xb3\x0a\0\0\0\0\
\x71\x81\x81\x0a\0\0\0\0\x73\x12\xb2\x0a\0\0\0\0\x71\x81\x80\x0a\0\0\0\0\x73\
\x12\xb1\x0a\0\0\0\0\x71\x81\x7f\x0a\0\0\0\0\x73\x12\xb0\x0a\0\0\0\0\x71\x81\
\x7e\x0a\0\0\0\0\x73\x12\xaf\x0a\0\0\0\0\x71\x81\x7d\x0a\0\0\0\0\x73\x12\xae\
\x0a\0\0\0\0\x71\x81\x7c\x0a\0\0\0\0\x73\x12\xad\x0a\0\0\0\0\x71\x81\x7b\x0a\0\
\0\0\0\x73\x12\xac\x0a\0\0\0\0\x71\x81\x7a\x0a\0\0\0\0\x73\x12\xab\x0a\0\0\0\0\
\x71\x81\x79\x0a\0\0\0\0\x73\x12\xaa\x0a\0\0\0\0\x71\x81\x78\x0a\0\0\0\0\x73\
\x12\xa9\x0a\0\0\0\0\x71\x81\x77\x0a\0\0\0\0\x73\x12\xa8\x0a\0\0\0\0\x71\x81\
\x76\x0a\0\0\0\0\x73\x12\xa7\x0a\0\0\0\0\x71\x81\x75\x0a\0\0\0\0\x73\x12\xa6\
\x0a\0\0\0\0\x71\x81\x74\x0a\0\0\0\0\x73\x12\xa5\x0a\0\0\0\0\x71\x81\x73\x0a\0\
\0\0\0\x73\x12\xa4\x0a\0\0\0\0\x71\x81\x72\x0a\0\0\0\0\x73\x12\xa3\x0a\0\0\0\0\
\x71\x81\x71\x0a\0\0\0\0\x73\x12\xa2\x0a\0\0\0\0\x71\x81\x70\x0a\0\0\0\0\x73\
\x12\xa1\x0a\0\0\0\0\x71\x81\x6f\x0a\0\0\0\0\x73\x12\xa0\x0a\0\0\0\0\x71\x81\
\x6e\x0a\0\0\0\0\x73\x12\x9f\x0a\0\0\0\0\x71\x81\x6d\x0a\0\0\0\0\x73\x12\x9e\
\x0a\0\0\0\0\x71\x81\x6c\x0a\0\0\0\0\x73\x12\x9d\x0a\0\0\0\0\x71\x81\x6b\x0a\0\
\0\0\0\x73\x12\x9c\x0a\0\0\0\0\x71\x81\x6a\x0a\0\0\0\0\x73\x12\x9b\x0a\0\0\0\0\
\x71\x81\x69\x0a\0\0\0\0\x73\x12\x9a\x0a\0\0\0\0\x71\x81\x68\x0a\0\0\0\0\x73\
\x12\x99\x0a\0\0\0\0\x71\x81\x67\x0a\0\0\0\0\x73\x12\x98\x0a\0\0\0\0\x71\x81\
\x66\x0a\0\0\0\0\x73\x12\x97\x0a\0\0\0\0\x71\x81\x65\x0a\0\0\0\0\x73\x12\x96\
\x0a\0\0\0\0\x71\x81\x64\x0a\0\0\0\0\x73\x12\x95\x0a\0\0\0\0\x71\x81\x63\x0a\0\
\0\0\0\x73\x12\x94\x0a\0\0\0\0\x71\x81\x62\x0a\0\0\0\0\x73\x12\x93\x0a\0\0\0\0\
\x71\x81\x61\x0a\0\0\0\0\x73\x12\x92\x0a\0\0\0\0\x71\x81\x60\x0a\0\0\0\0\x73\
\x12\x91\x0a\0\0\0\0\x71\x81\x5f\x0a\0\0\0\0\x73\x12\x90\x0a\0\0\0\0\x71\x81\
\x5e\x0a\0\0\0\0\x73\x12\x8f\x0a\0\0\0\0\x71\x81\x5d\x0a\0\0\0\0\x73\x12\x8e\
\x0a\0\0\0\0\x71\x81\x5c\x0a\0\0\0\0\x73\x12\x8d\x0a\0\0\0\0\x71\x81\x5b\x0a\0\
\0\0\0\x73\x12\x8c\x0a\0\0\0\0\x71\x81\x5a\x0a\0\0\0\0\x73\x12\x8b\x0a\0\0\0\0\
\x71\x81\x59\x0a\0\0\0\0\x73\x12\x8a\x0a\0\0\0\0\x71\x81\x58\x0a\0\0\0\0\x73\
\x12\x89\x0a\0\0\0\0\x71\x81\x57\x0a\0\0\0\0\x73\x12\x88\x0a\0\0\0\0\x71\x81\
\x56\x0a\0\0\0\0\x73\x12\x87\x0a\0\0\0\0\x71\x81\x55\x0a\0\0\0\0\x73\x12\x86\
\x0a\0\0\0\0\x71\x81\x54\x0a\0\0\0\0\x73\x12\x85\x0a\0\0\0\0\x71\x81\x53\x0a\0\
\0\0\0\x73\x12\x84\x0a\0\0\0\0\x71\x81\x52\x0a\0\0\0\0\x73\x12\x83\x0a\0\0\0\0\
\x71\x81\x51\x0a\0\0\0\0\x73\x12\x82\x0a\0\0\0\0\x71\x81\x50\x0a\0\0\0\0\x73\
\x12\x81\x0a\0\0\0\0\x71\x81\x4f\x0a\0\0\0\0\x73\x12\x80\x0a\0\0\0\0\x71\x81\
\x4e\x0a\0\0\0\0\x73\x12\x7f\x0a\0\0\0\0\x71\x81\x4d\x0a\0\0\0\0\x73\x12\x7e\
\x0a\0\0\0\0\x71\x81\x4c\x0a\0\0\0\0\x73\x12\x7d\x0a\0\0\0\0\x71\x81\x4b\x0a\0\
\0\0\0\x73\x12\x7c\x0a\0\0\0\0\x71\x81\x4a\x0a\0\0\0\0\x73\x12\x7b\x0a\0\0\0\0\
\x71\x81\x49\x0a\0\0\0\0\x73\x12\x7a\x0a\0\0\0\0\x71\x81\x48\x0a\0\0\0\0\x73\
\x12\x79\x0a\0\0\0\0\x71\x81\x47\x0a\0\0\0\0\x73\x12\x78\x0a\0\0\0\0\x71\x81\
\x46\x0a\0\0\0\0\x73\x12\x77\x0a\0\0\0\0\x71\x81\x45\x0a\0\0\0\0\x73\x12\x76\
\x0a\0\0\0\0\x71\x81\x44\x0a\0\0\0\0\x73\x12\x75\x0a\0\0\0\0\x71\x81\x43\x0a\0\
\0\0\0\x73\x12\x74\x0a\0\0\0\0\x71\x81\x42\x0a\0\0\0\0\x73\x12\x73\x0a\0\0\0\0\
\x71\x81\x41\x0a\0\0\0\0\x73\x12\x72\x0a\0\0\0\0\x71\x81\x40\x0a\0\0\0\0\x73\
\x12\x71\x0a\0\0\0\0\x71\x81\x3f\x0a\0\0\0\0\x73\x12\x70\x0a\0\0\0\0\x71\x81\
\x3e\x0a\0\0\0\0\x73\x12\x6f\x0a\0\0\0\0\x71\x81\x3d\x0a\0\0\0\0\x73\x12\x6e\
\x0a\0\0\0\0\x71\x81\x3c\x0a\0\0\0\0\x73\x12\x6d\x0a\0\0\0\0\x71\x81\x3b\x0a\0\
\0\0\0\x73\x12\x6c\x0a\0\0\0\0\x71\x81\x3a\x0a\0\0\0\0\x73\x12\x6b\x0a\0\0\0\0\
\x71\x81\x39\x0a\0\0\0\0\x73\x12\x6a\x0a\0\0\0\0\x71\x81\x38\x0a\0\0\0\0\x73\
\x12\x69\x0a\0\0\0\0\x71\x81\x37\x0a\0\0\0\0\x73\x12\x68\x0a\0\0\0\0\x71\x81\
\x36\x0a\0\0\0\0\x73\x12\x67\x0a\0\0\0\0\x71\x81\x35\x0a\0\0\0\0\x73\x12\x66\
\x0a\0\0\0\0\x71\x81\x34\x0a\0\0\0\0\x73\x12\x65\x0a\0\0\0\0\x71\x81\x33\x0a\0\
\0\0\0\x73\x12\x64\x0a\0\0\0\0\x71\x81\x32\x0a\0\0\0\0\x73\x12\x63\x0a\0\0\0\0\
\x71\x81\x31\x0a\0\0\0\0\x73\x12\x62\x0a\0\0\0\0\x71\x81\x30\x0a\0\0\0\0\x73\
\x12\x61\x0a\0\0\0\0\x71\x81\x2f\x0a\0\0\0\0\x73\x12\x60\x0a\0\0\0\0\x71\x81\
\x2e\x0a\0\0\0\0\x73\x12\x5f\x0a\0\0\0\0\x71\x81\x2d\x0a\0\0\0\0\x73\x12\x5e\
\x0a\0\0\0\0\x71\x81\x2c\x0a\0\0\0\0\x73\x12\x5d\x0a\0\0\0\0\x71\x81\x2b\x0a\0\
\0\0\0\x73\x12\x5c\x0a\0\0\0\0\x71\x81\x2a\x0a\0\0\0\0\x73\x12\x5b\x0a\0\0\0\0\
\x71\x81\x29\x0a\0\0\0\0\x73\x12\x5a\x0a\0\0\0\0\x71\x81\x28\x0a\0\0\0\0\x73\
\x12\x59\x0a\0\0\0\0\x71\x81\x27\x0a\0\0\0\0\x73\x12\x58\x0a\0\0\0\0\x71\x81\
\x26\x0a\0\0\0\0\x73\x12\x57\x0a\0\0\0\0\x71\x81\x25\x0a\0\0\0\0\x73\x12\x56\
\x0a\0\0\0\0\x71\x81\x24\x0a\0\0\0\0\x73\x12\x55\x0a\0\0\0\0\x71\x81\x23\x0a\0\
\0\0\0\x73\x12\x54\x0a\0\0\0\0\x71\x81\x22\x0a\0\0\0\0\x73\x12\x53\x0a\0\0\0\0\
\x71\x81\x21\x0a\0\0\0\0\x73\x12\x52\x0a\0\0\0\0\x71\x81\x20\x0a\0\0\0\0\x73\
\x12\x51\x0a\0\0\0\0\x71\x81\x1f\x0a\0\0\0\0\x73\x12\x50\x0a\0\0\0\0\x71\x81\
\x1e\x0a\0\0\0\0\x73\x12\x4f\x0a\0\0\0\0\x71\x81\x1d\x0a\0\0\0\0\x73\x12\x4e\
\x0a\0\0\0\0\x71\x81\x1c\x0a\0\0\0\0\x73\x12\x4d\x0a\0\0\0\0\x71\x81\x1b\x0a\0\
\0\0\0\x73\x12\x4c\x0a\0\0\0\0\x71\x81\x1a\x0a\0\0\0\0\x73\x12\x4b\x0a\0\0\0\0\
\x71\x81\x19\x0a\0\0\0\0\x73\x12\x4a\x0a\0\0\0\0\x71\x81\x18\x0a\0\0\0\0\x73\
\x12\x49\x0a\0\0\0\0\x71\x81\x17\x0a\0\0\0\0\x73\x12\x48\x0a\0\0\0\0\x71\x81\
\x16\x0a\0\0\0\0\x73\x12\x47\x0a\0\0\0\0\x71\x81\x15\x0a\0\0\0\0\x73\x12\x46\
\x0a\0\0\0\0\x71\x81\x14\x0a\0\0\0\0\x73\x12\x45\x0a\0\0\0\0\x71\x81\x13\x0a\0\
\0\0\0\x73\x12\x44\x0a\0\0\0\0\x71\x81\x12\x0a\0\0\0\0\x73\x12\x43\x0a\0\0\0\0\
\x71\x81\x11\x0a\0\0\0\0\x73\x12\x42\x0a\0\0\0\0\x71\x81\x10\x0a\0\0\0\0\x73\
\x12\x41\x0a\0\0\0\0\x71\x81\x0f\x0a\0\0\0\0\x73\x12\x40\x0a\0\0\0\0\x71\x81\
\x0e\x0a\0\0\0\0\x73\x12\x3f\x0a\0\0\0\0\x71\x81\x0d\x0a\0\0\0\0\x73\x12\x3e\
\x0a\0\0\0\0\x71\x81\x0c\x0a\0\0\0\0\x73\x12\x3d\x0a\0\0\0\0\x71\x81\x0b\x0a\0\
\0\0\0\x73\x12\x3c\x0a\0\0\0\0\x71\x81\x0a\x0a\0\0\0\0\x73\x12\x3b\x0a\0\0\0\0\
\x71\x81\x09\x0a\0\0\0\0\x73\x12\x3a\x0a\0\0\0\0\x71\x81\x08\x0a\0\0\0\0\x73\
\x12\x39\x0a\0\0\0\0\x71\x81\x07\x0a\0\0\0\0\x73\x12\x38\x0a\0\0\0\0\x71\x81\
\x06\x0a\0\0\0\0\x73\x12\x37\x0a\0\0\0\0\x71\x81\x05\x0a\0\0\0\0\x73\x12\x36\
\x0a\0\0\0\0\x71\x81\x04\x0a\0\0\0\0\x73\x12\x35\x0a\0\0\0\0\x71\x81\x03\x0a\0\
\0\0\0\x73\x12\x34\x0a\0\0\0\0\x71\x81\x02\x0a\0\0\0\0\x73\x12\x33\x0a\0\0\0\0\
\x71\x81\x01\x0a\0\0\0\0\x73\x12\x32\x0a\0\0\0\0\x71\x81\0\x0a\0\0\0\0\x73\x12\
\x31\x0a\0\0\0\0\xa6\x04\x77\x30\x01\x0b\0\0\xbf\x81\0\0\0\0\0\0\x07\x01\0\0\0\
\x0c\0\0\x2d\x51\x74\x30\0\0\0\0\x71\x81\xff\x0b\0\0\0\0\x79\xa2\xb0\xff\0\0\0\
\0\x73\x12\x30\x0c\0\0\0\0\x71\x81\xfe\x0b\0\0\0\0\x73\x12\x2f\x0c\0\0\0\0\x71\
\x81\xfd\x0b\0\0\0\0\x73\x12\x2e\x0c\0\0\0\0\x71\x81\xfc\x0b\0\0\0\0\x73\x12\
\x2d\x0c\0\0\0\0\x71\x81\xfb\x0b\0\0\0\0\x73\x12\x2c\x0c\0\0\0\0\x71\x81\xfa\
\x0b\0\0\0\0\x73\x12\x2b\x0c\0\0\0\0\x71\x81\xf9\x0b\0\0\0\0\x73\x12\x2a\x0c\0\
\0\0\0\x71\x81\xf8\x0b\0\0\0\0\x73\x12\x29\x0c\0\0\0\0\x71\x81\xf7\x0b\0\0\0\0\
\x73\x12\x28\x0c\0\0\0\0\x71\x81\xf6\x0b\0\0\0\0\x73\x12\x27\x0c\0\0\0\0\x71\
\x81\xf5\x0b\0\0\0\0\x73\x12\x26\x0c\0\0\0\0\x71\x81\xf4\x0b\0\0\0\0\x73\x12\
\x25\x0c\0\0\0\0\x71\x81\xf3\x0b\0\0\0\0\x73\x12\x24\x0c\0\0\0\0\x71\x81\xf2\
\x0b\0\0\0\0\x73\x12\x23\x0c\0\0\0\0\x71\x81\xf1\x0b\0\0\0\0\x73\x12\x22\x0c\0\
\0\0\0\x71\x81\xf0\x0b\0\0\0\0\x73\x12\x21\x0c\0\0\0\0\x71\x81\xef\x0b\0\0\0\0\
\x73\x12\x20\x0c\0\0\0\0\x71\x81\xee\x0b\0\0\0\0\x73\x12\x1f\x0c\0\0\0\0\x71\
\x81\xed\x0b\0\0\0\0\x73\x12\x1e\x0c\0\0\0\0\x71\x81\xec\x0b\0\0\0\0\x73\x12\
\x1d\x0c\0\0\0\0\x71\x81\xeb\x0b\0\0\0\0\x73\x12\x1c\x0c\0\0\0\0\x71\x81\xea\
\x0b\0\0\0\0\x73\x12\x1b\x0c\0\0\0\0\x71\x81\xe9\x0b\0\0\0\0\x73\x12\x1a\x0c\0\
\0\0\0\x71\x81\xe8\x0b\0\0\0\0\x73\x12\x19\x0c\0\0\0\0\x71\x81\xe7\x0b\0\0\0\0\
\x73\x12\x18\x0c\0\0\0\0\x71\x81\xe6\x0b\0\0\0\0\x73\x12\x17\x0c\0\0\0\0\x71\
\x81\xe5\x0b\0\0\0\0\x73\x12\x16\x0c\0\0\0\0\x71\x81\xe4\x0b\0\0\0\0\x73\x12\
\x15\x0c\0\0\0\0\x71\x81\xe3\x0b\0\0\0\0\x73\x12\x14\x0c\0\0\0\0\x71\x81\xe2\
\x0b\0\0\0\0\x73\x12\x13\x0c\0\0\0\0\x71\x81\xe1\x0b\0\0\0\0\x73\x12\x12\x0c\0\
\0\0\0\x71\x81\xe0\x0b\0\0\0\0\x73\x12\x11\x0c\0\0\0\0\x71\x81\xdf\x0b\0\0\0\0\
\x73\x12\x10\x0c\0\0\0\0\x71\x81\xde\x0b\0\0\0\0\x73\x12\x0f\x0c\0\0\0\0\x71\
\x81\xdd\x0b\0\0\0\0\x73\x12\x0e\x0c\0\0\0\0\x71\x81\xdc\x0b\0\0\0\0\x73\x12\
\x0d\x0c\0\0\0\0\x71\x81\xdb\x0b\0\0\0\0\x73\x12\x0c\x0c\0\0\0\0\x71\x81\xda\
\x0b\0\0\0\0\x73\x12\x0b\x0c\0\0\0\0\x71\x81\xd9\x0b\0\0\0\0\x73\x12\x0a\x0c\0\
\0\0\0\x71\x81\xd8\x0b\0\0\0\0\x73\x12\x09\x0c\0\0\0\0\x71\x81\xd7\x0b\0\0\0\0\
\x73\x12\x08\x0c\0\0\0\0\x71\x81\xd6\x0b\0\0\0\0\x73\x12\x07\x0c\0\0\0\0\x71\
\x81\xd5\x0b\0\0\0\0\x73\x12\x06\x0c\0\0\0\0\x71\x81\xd4\x0b\0\0\0\0\x73\x12\
\x05\x0c\0\0\0\0\x71\x81\xd3\x0b\0\0\0\0\x73\x12\x04\x0c\0\0\0\0\x71\x81\xd2\
\x0b\0\0\0\0\x73\x12\x03\x0c\0\0\0\0\x71\x81\xd1\x0b\0\0\0\0\x73\x12\x02\x0c\0\
\0\0\0\x71\x81\xd0\x0b\0\0\0\0\x73\x12\x01\x0c\0\0\0\0\x71\x81\xcf\x0b\0\0\0\0\
\x73\x12\0\x0c\0\0\0\0\x71\x81\xce\x0b\0\0\0\0\x73\x12\xff\x0b\0\0\0\0\x71\x81\
\xcd\x0b\0\0\0\0\x73\x12\xfe\x0b\0\0\0\0\x71\x81\xcc\x0b\0\0\0\0\x73\x12\xfd\
\x0b\0\0\0\0\x71\x81\xcb\x0b\0\0\0\0\x73\x12\xfc\x0b\0\0\0\0\x71\x81\xca\x0b\0\
\0\0\0\x73\x12\xfb\x0b\0\0\0\0\x71\x81\xc9\x0b\0\0\0\0\x73\x12\xfa\x0b\0\0\0\0\
\x71\x81\xc8\x0b\0\0\0\0\x73\x12\xf9\x0b\0\0\0\0\x71\x81\xc7\x0b\0\0\0\0\x73\
\x12\xf8\x0b\0\0\0\0\x71\x81\xc6\x0b\0\0\0\0\x73\x12\xf7\x0b\0\0\0\0\x71\x81\
\xc5\x0b\0\0\0\0\x73\x12\xf6\x0b\0\0\0\0\x71\x81\xc4\x0b\0\0\0\0\x73\x12\xf5\
\x0b\0\0\0\0\x71\x81\xc3\x0b\0\0\0\0\x73\x12\xf4\x0b\0\0\0\0\x71\x81\xc2\x0b\0\
\0\0\0\x73\x12\xf3\x0b\0\0\0\0\x71\x81\xc1\x0b\0\0\0\0\x73\x12\xf2\x0b\0\0\0\0\
\x71\x81\xc0\x0b\0\0\0\0\x73\x12\xf1\x0b\0\0\0\0\x71\x81\xbf\x0b\0\0\0\0\x73\
\x12\xf0\x0b\0\0\0\0\x71\x81\xbe\x0b\0\0\0\0\x73\x12\xef\x0b\0\0\0\0\x71\x81\
\xbd\x0b\0\0\0\0\x73\x12\xee\x0b\0\0\0\0\x71\x81\xbc\x0b\0\0\0\0\x73\x12\xed\
\x0b\0\0\0\0\x71\x81\xbb\x0b\0\0\0\0\x73\x12\xec\x0b\0\0\0\0\x71\x81\xba\x0b\0\
\0\0\0\x73\x12\xeb\x0b\0\0\0\0\x71\x81\xb9\x0b\0\0\0\0\x73\x12\xea\x0b\0\0\0\0\
\x71\x81\xb8\x0b\0\0\0\0\x73\x12\xe9\x0b\0\0\0\0\x71\x81\xb7\x0b\0\0\0\0\x73\
\x12\xe8\x0b\0\0\0\0\x71\x81\xb6\x0b\0\0\0\0\x73\x12\xe7\x0b\0\0\0\0\x71\x81\
\xb5\x0b\0\0\0\0\x73\x12\xe6\x0b\0\0\0\0\x71\x81\xb4\x0b\0\0\0\0\x73\x12\xe5\
\x0b\0\0\0\0\x71\x81\xb3\x0b\0\0\0\0\x73\x12\xe4\x0b\0\0\0\0\x71\x81\xb2\x0b\0\
\0\0\0\x73\x12\xe3\x0b\0\0\0\0\x71\x81\xb1\x0b\0\0\0\0\x73\x12\xe2\x0b\0\0\0\0\
\x71\x81\xb0\x0b\0\0\0\0\x73\x12\xe1\x0b\0\0\0\0\x71\x81\xaf\x0b\0\0\0\0\x73\
\x12\xe0\x0b\0\0\0\0\x71\x81\xae\x0b\0\0\0\0\x73\x12\xdf\x0b\0\0\0\0\x71\x81\
\xad\x0b\0\0\0\0\x73\x12\xde\x0b\0\0\0\0\x71\x81\xac\x0b\0\0\0\0\x73\x12\xdd\
\x0b\0\0\0\0\x71\x81\xab\x0b\0\0\0\0\x73\x12\xdc\x0b\0\0\0\0\x71\x81\xaa\x0b\0\
\0\0\0\x73\x12\xdb\x0b\0\0\0\0\x71\x81\xa9\x0b\0\0\0\0\x73\x12\xda\x0b\0\0\0\0\
\x71\x81\xa8\x0b\0\0\0\0\x73\x12\xd9\x0b\0\0\0\0\x71\x81\xa7\x0b\0\0\0\0\x73\
\x12\xd8\x0b\0\0\0\0\x71\x81\xa6\x0b\0\0\0\0\x73\x12\xd7\x0b\0\0\0\0\x71\x81\
\xa5\x0b\0\0\0\0\x73\x12\xd6\x0b\0\0\0\0\x71\x81\xa4\x0b\0\0\0\0\x73\x12\xd5\
\x0b\0\0\0\0\x71\x81\xa3\x0b\0\0\0\0\x73\x12\xd4\x0b\0\0\0\0\x71\x81\xa2\x0b\0\
\0\0\0\x73\x12\xd3\x0b\0\0\0\0\x71\x81\xa1\x0b\0\0\0\0\x73\x12\xd2\x0b\0\0\0\0\
\x71\x81\xa0\x0b\0\0\0\0\x73\x12\xd1\x0b\0\0\0\0\x71\x81\x9f\x0b\0\0\0\0\x73\
\x12\xd0\x0b\0\0\0\0\x71\x81\x9e\x0b\0\0\0\0\x73\x12\xcf\x0b\0\0\0\0\x71\x81\
\x9d\x0b\0\0\0\0\x73\x12\xce\x0b\0\0\0\0\x71\x81\x9c\x0b\0\0\0\0\x73\x12\xcd\
\x0b\0\0\0\0\x71\x81\x9b\x0b\0\0\0\0\x73\x12\xcc\x0b\0\0\0\0\x71\x81\x9a\x0b\0\
\0\0\0\x73\x12\xcb\x0b\0\0\0\0\x71\x81\x99\x0b\0\0\0\0\x73\x12\xca\x0b\0\0\0\0\
\x71\x81\x98\x0b\0\0\0\0\x73\x12\xc9\x0b\0\0\0\0\x71\x81\x97\x0b\0\0\0\0\x73\
\x12\xc8\x0b\0\0\0\0\x71\x81\x96\x0b\0\0\0\0\x73\x12\xc7\x0b\0\0\0\0\x71\x81\
\x95\x0b\0\0\0\0\x73\x12\xc6\x0b\0\0\0\0\x71\x81\x94\x0b\0\0\0\0\x73\x12\xc5\
\x0b\0\0\0\0\x71\x81\x93\x0b\0\0\0\0\x73\x12\xc4\x0b\0\0\0\0\x71\x81\x92\x0b\0\
\0\0\0\x73\x12\xc3\x0b\0\0\0\0\x71\x81\x91\x0b\0\0\0\0\x73\x12\xc2\x0b\0\0\0\0\
\x71\x81\x90\x0b\0\0\0\0\x73\x12\xc1\x0b\0\0\0\0\x71\x81\x8f\x0b\0\0\0\0\x73\
\x12\xc0\x0b\0\0\0\0\x71\x81\x8e\x0b\0\0\0\0\x73\x12\xbf\x0b\0\0\0\0\x71\x81\
\x8d\x0b\0\0\0\0\x73\x12\xbe\x0b\0\0\0\0\x71\x81\x8c\x0b\0\0\0\0\x73\x12\xbd\
\x0b\0\0\0\0\x71\x81\x8b\x0b\0\0\0\0\x73\x12\xbc\x0b\0\0\0\0\x71\x81\x8a\x0b\0\
\0\0\0\x73\x12\xbb\x0b\0\0\0\0\x71\x81\x89\x0b\0\0\0\0\x73\x12\xba\x0b\0\0\0\0\
\x71\x81\x88\x0b\0\0\0\0\x73\x12\xb9\x0b\0\0\0\0\x71\x81\x87\x0b\0\0\0\0\x73\
\x12\xb8\x0b\0\0\0\0\x71\x81\x86\x0b\0\0\0\0\x73\x12\xb7\x0b\0\0\0\0\x71\x81\
\x85\x0b\0\0\0\0\x73\x12\xb6\x0b\0\0\0\0\x71\x81\x84\x0b\0\0\0\0\x73\x12\xb5\
\x0b\0\0\0\0\x71\x81\x83\x0b\0\0\0\0\x73\x12\xb4\x0b\0\0\0\0\x71\x81\x82\x0b\0\
\0\0\0\x73\x12\xb3\x0b\0\0\0\0\x71\x81\x81\x0b\0\0\0\0\x73\x12\xb2\x0b\0\0\0\0\
\x71\x81\x80\x0b\0\0\0\0\x73\x12\xb1\x0b\0\0\0\0\x71\x81\x7f\x0b\0\0\0\0\x73\
\x12\xb0\x0b\0\0\0\0\x71\x81\x7e\x0b\0\0\0\0\x73\x12\xaf\x0b\0\0\0\0\x71\x81\
\x7d\x0b\0\0\0\0\x73\x12\xae\x0b\0\0\0\0\x71\x81\x7c\x0b\0\0\0\0\x73\x12\xad\
\x0b\0\0\0\0\x71\x81\x7b\x0b\0\0\0\0\x73\x12\xac\x0b\0\0\0\0\x71\x81\x7a\x0b\0\
\0\0\0\x73\x12\xab\x0b\0\0\0\0\x71\x81\x79\x0b\0\0\0\0\x73\x12\xaa\x0b\0\0\0\0\
\x71\x81\x78\x0b\0\0\0\0\x73\x12\xa9\x0b\0\0\0\0\x71\x81\x77\x0b\0\0\0\0\x73\
\x12\xa8\x0b\0\0\0\0\x71\x81\x76\x0b\0\0\0\0\x73\x12\xa7\x0b\0\0\0\0\x71\x81\
\x75\x0b\0\0\0\0\x73\x12\xa6\x0b\0\0\0\0\x71\x81\x74\x0b\0\0\0\0\x73\x12\xa5\
\x0b\0\0\0\0\x71\x81\x73\x0b\0\0\0\0\x73\x12\xa4\x0b\0\0\0\0\x71\x81\x72\x0b\0\
\0\0\0\x73\x12\xa3\x0b\0\0\0\0\x71\x81\x71\x0b\0\0\0\0\x73\x12\xa2\x0b\0\0\0\0\
\x71\x81\x70\x0b\0\0\0\0\x73\x12\xa1\x0b\0\0\0\0\x71\x81\x6f\x0b\0\0\0\0\x73\
\x12\xa0\x0b\0\0\0\0\x71\x81\x6e\x0b\0\0\0\0\x73\x12\x9f\x0b\0\0\0\0\x71\x81\
\x6d\x0b\0\0\0\0\x73\x12\x9e\x0b\0\0\0\0\x71\x81\x6c\x0b\0\0\0\0\x73\x12\x9d\
\x0b\0\0\0\0\x71\x81\x6b\x0b\0\0\0\0\x73\x12\x9c\x0b\0\0\0\0\x71\x81\x6a\x0b\0\
\0\0\0\x73\x12\x9b\x0b\0\0\0\0\x71\x81\x69\x0b\0\0\0\0\x73\x12\x9a\x0b\0\0\0\0\
\x71\x81\x68\x0b\0\0\0\0\x73\x12\x99\x0b\0\0\0\0\x71\x81\x67\x0b\0\0\0\0\x73\
\x12\x98\x0b\0\0\0\0\x71\x81\x66\x0b\0\0\0\0\x73\x12\x97\x0b\0\0\0\0\x71\x81\
\x65\x0b\0\0\0\0\x73\x12\x96\x0b\0\0\0\0\x71\x81\x64\x0b\0\0\0\0\x73\x12\x95\
\x0b\0\0\0\0\x71\x81\x63\x0b\0\0\0\0\x73\x12\x94\x0b\0\0\0\0\x71\x81\x62\x0b\0\
\0\0\0\x73\x12\x93\x0b\0\0\0\0\x71\x81\x61\x0b\0\0\0\0\x73\x12\x92\x0b\0\0\0\0\
\x71\x81\x60\x0b\0\0\0\0\x73\x12\x91\x0b\0\0\0\0\x71\x81\x5f\x0b\0\0\0\0\x73\
\x12\x90\x0b\0\0\0\0\x71\x81\x5e\x0b\0\0\0\0\x73\x12\x8f\x0b\0\0\0\0\x71\x81\
\x5d\x0b\0\0\0\0\x73\x12\x8e\x0b\0\0\0\0\x71\x81\x5c\x0b\0\0\0\0\x73\x12\x8d\
\x0b\0\0\0\0\x71\x81\x5b\x0b\0\0\0\0\x73\x12\x8c\x0b\0\0\0\0\x71\x81\x5a\x0b\0\
\0\0\0\x73\x12\x8b\x0b\0\0\0\0\x71\x81\x59\x0b\0\0\0\0\x73\x12\x8a\x0b\0\0\0\0\
\x71\x81\x58\x0b\0\0\0\0\x73\x12\x89\x0b\0\0\0\0\x71\x81\x57\x0b\0\0\0\0\x73\
\x12\x88\x0b\0\0\0\0\x71\x81\x56\x0b\0\0\0\0\x73\x12\x87\x0b\0\0\0\0\x71\x81\
\x55\x0b\0\0\0\0\x73\x12\x86\x0b\0\0\0\0\x71\x81\x54\x0b\0\0\0\0\x73\x12\x85\
\x0b\0\0\0\0\x71\x81\x53\x0b\0\0\0\0\x73\x12\x84\x0b\0\0\0\0\x71\x81\x52\x0b\0\
\0\0\0\x73\x12\x83\x0b\0\0\0\0\x71\x81\x51\x0b\0\0\0\0\x73\x12\x82\x0b\0\0\0\0\
\x71\x81\x50\x0b\0\0\0\0\x73\x12\x81\x0b\0\0\0\0\x71\x81\x4f\x0b\0\0\0\0\x73\
\x12\x80\x0b\0\0\0\0\x71\x81\x4e\x0b\0\0\0\0\x73\x12\x7f\x0b\0\0\0\0\x71\x81\
\x4d\x0b\0\0\0\0\x73\x12\x7e\x0b\0\0\0\0\x71\x81\x4c\x0b\0\0\0\0\x73\x12\x7d\
\x0b\0\0\0\0\x71\x81\x4b\x0b\0\0\0\0\x73\x12\x7c\x0b\0\0\0\0\x71\x81\x4a\x0b\0\
\0\0\0\x73\x12\x7b\x0b\0\0\0\0\x71\x81\x49\x0b\0\0\0\0\x73\x12\x7a\x0b\0\0\0\0\
\x71\x81\x48\x0b\0\0\0\0\x73\x12\x79\x0b\0\0\0\0\x71\x81\x47\x0b\0\0\0\0\x73\
\x12\x78\x0b\0\0\0\0\x71\x81\x46\x0b\0\0\0\0\x73\x12\x77\x0b\0\0\0\0\x71\x81\
\x45\x0b\0\0\0\0\x73\x12\x76\x0b\0\0\0\0\x71\x81\x44\x0b\0\0\0\0\x73\x12\x75\
\x0b\0\0\0\0\x71\x81\x43\x0b\0\0\0\0\x73\x12\x74\x0b\0\0\0\0\x71\x81\x42\x0b\0\
\0\0\0\x73\x12\x73\x0b\0\0\0\0\x71\x81\x41\x0b\0\0\0\0\x73\x12\x72\x0b\0\0\0\0\
\x71\x81\x40\x0b\0\0\0\0\x73\x12\x71\x0b\0\0\0\0\x71\x81\x3f\x0b\0\0\0\0\x73\
\x12\x70\x0b\0\0\0\0\x71\x81\x3e\x0b\0\0\0\0\x73\x12\x6f\x0b\0\0\0\0\x71\x81\
\x3d\x0b\0\0\0\0\x73\x12\x6e\x0b\0\0\0\0\x71\x81\x3c\x0b\0\0\0\0\x73\x12\x6d\
\x0b\0\0\0\0\x71\x81\x3b\x0b\0\0\0\0\x73\x12\x6c\x0b\0\0\0\0\x71\x81\x3a\x0b\0\
\0\0\0\x73\x12\x6b\x0b\0\0\0\0\x71\x81\x39\x0b\0\0\0\0\x73\x12\x6a\x0b\0\0\0\0\
\x71\x81\x38\x0b\0\0\0\0\x73\x12\x69\x0b\0\0\0\0\x71\x81\x37\x0b\0\0\0\0\x73\
\x12\x68\x0b\0\0\0\0\x71\x81\x36\x0b\0\0\0\0\x73\x12\x67\x0b\0\0\0\0\x71\x81\
\x35\x0b\0\0\0\0\x73\x12\x66\x0b\0\0\0\0\x71\x81\x34\x0b\0\0\0\0\x73\x12\x65\
\x0b\0\0\0\0\x71\x81\x33\x0b\0\0\0\0\x73\x12\x64\x0b\0\0\0\0\x71\x81\x32\x0b\0\
\0\0\0\x73\x12\x63\x0b\0\0\0\0\x71\x81\x31\x0b\0\0\0\0\x73\x12\x62\x0b\0\0\0\0\
\x71\x81\x30\x0b\0\0\0\0\x73\x12\x61\x0b\0\0\0\0\x71\x81\x2f\x0b\0\0\0\0\x73\
\x12\x60\x0b\0\0\0\0\x71\x81\x2e\x0b\0\0\0\0\x73\x12\x5f\x0b\0\0\0\0\x71\x81\
\x2d\x0b\0\0\0\0\x73\x12\x5e\x0b\0\0\0\0\x71\x81\x2c\x0b\0\0\0\0\x73\x12\x5d\
\x0b\0\0\0\0\x71\x81\x2b\x0b\0\0\0\0\x73\x12\x5c\x0b\0\0\0\0\x71\x81\x2a\x0b\0\
\0\0\0\x73\x12\x5b\x0b\0\0\0\0\x71\x81\x29\x0b\0\0\0\0\x73\x12\x5a\x0b\0\0\0\0\
\x71\x81\x28\x0b\0\0\0\0\x73\x12\x59\x0b\0\0\0\0\x71\x81\x27\x0b\0\0\0\0\x73\
\x12\x58\x0b\0\0\0\0\x71\x81\x26\x0b\0\0\0\0\x73\x12\x57\x0b\0\0\0\0\x71\x81\
\x25\x0b\0\0\0\0\x73\x12\x56\x0b\0\0\0\0\x71\x81\x24\x0b\0\0\0\0\x73\x12\x55\
\x0b\0\0\0\0\x71\x81\x23\x0b\0\0\0\0\x73\x12\x54\x0b\0\0\0\0\x71\x81\x22\x0b\0\
\0\0\0\x73\x12\x53\x0b\0\0\0\0\x71\x81\x21\x0b\0\0\0\0\x73\x12\x52\x0b\0\0\0\0\
\x71\x81\x20\x0b\0\0\0\0\x73\x12\x51\x0b\0\0\0\0\x71\x81\x1f\x0b\0\0\0\0\x73\
\x12\x50\x0b\0\0\0\0\x71\x81\x1e\x0b\0\0\0\0\x73\x12\x4f\x0b\0\0\0\0\x71\x81\
\x1d\x0b\0\0\0\0\x73\x12\x4e\x0b\0\0\0\0\x71\x81\x1c\x0b\0\0\0\0\x73\x12\x4d\
\x0b\0\0\0\0\x71\x81\x1b\x0b\0\0\0\0\x73\x12\x4c\x0b\0\0\0\0\x71\x81\x1a\x0b\0\
\0\0\0\x73\x12\x4b\x0b\0\0\0\0\x71\x81\x19\x0b\0\0\0\0\x73\x12\x4a\x0b\0\0\0\0\
\x71\x81\x18\x0b\0\0\0\0\x73\x12\x49\x0b\0\0\0\0\x71\x81\x17\x0b\0\0\0\0\x73\
\x12\x48\x0b\0\0\0\0\x71\x81\x16\x0b\0\0\0\0\x73\x12\x47\x0b\0\0\0\0\x71\x81\
\x15\x0b\0\0\0\0\x73\x12\x46\x0b\0\0\0\0\x71\x81\x14\x0b\0\0\0\0\x73\x12\x45\
\x0b\0\0\0\0\x71\x81\x13\x0b\0\0\0\0\x73\x12\x44\x0b\0\0\0\0\x71\x81\x12\x0b\0\
\0\0\0\x73\x12\x43\x0b\0\0\0\0\x71\x81\x11\x0b\0\0\0\0\x73\x12\x42\x0b\0\0\0\0\
\x71\x81\x10\x0b\0\0\0\0\x73\x12\x41\x0b\0\0\0\0\x71\x81\x0f\x0b\0\0\0\0\x73\
\x12\x40\x0b\0\0\0\0\x71\x81\x0e\x0b\0\0\0\0\x73\x12\x3f\x0b\0\0\0\0\x71\x81\
\x0d\x0b\0\0\0\0\x73\x12\x3e\x0b\0\0\0\0\x71\x81\x0c\x0b\0\0\0\0\x73\x12\x3d\
\x0b\0\0\0\0\x71\x81\x0b\x0b\0\0\0\0\x73\x12\x3c\x0b\0\0\0\0\x71\x81\x0a\x0b\0\
\0\0\0\x73\x12\x3b\x0b\0\0\0\0\x71\x81\x09\x0b\0\0\0\0\x73\x12\x3a\x0b\0\0\0\0\
\x71\x81\x08\x0b\0\0\0\0\x73\x12\x39\x0b\0\0\0\0\x71\x81\x07\x0b\0\0\0\0\x73\
\x12\x38\x0b\0\0\0\0\x71\x81\x06\x0b\0\0\0\0\x73\x12\x37\x0b\0\0\0\0\x71\x81\
\x05\x0b\0\0\0\0\x73\x12\x36\x0b\0\0\0\0\x71\x81\x04\x0b\0\0\0\0\x73\x12\x35\
\x0b\0\0\0\0\x71\x81\x03\x0b\0\0\0\0\x73\x12\x34\x0b\0\0\0\0\x71\x81\x02\x0b\0\
\0\0\0\x73\x12\x33\x0b\0\0\0\0\x71\x81\x01\x0b\0\0\0\0\x73\x12\x32\x0b\0\0\0\0\
\x71\x81\0\x0b\0\0\0\0\x73\x12\x31\x0b\0\0\0\0\xa6\x04\x72\x2e\x01\x0c\0\0\xbf\
\x81\0\0\0\0\0\0\x07\x01\0\0\0\x0d\0\0\x2d\x51\x6f\x2e\0\0\0\0\x71\x81\xff\x0c\
\0\0\0\0\x79\xa2\xb0\xff\0\0\0\0\x73\x12\x30\x0d\0\0\0\0\x71\x81\xfe\x0c\0\0\0\
\0\x73\x12\x2f\x0d\0\0\0\0\x71\x81\xfd\x0c\0\0\0\0\x73\x12\x2e\x0d\0\0\0\0\x71\
\x81\xfc\x0c\0\0\0\0\x73\x12\x2d\x0d\0\0\0\0\x71\x81\xfb\x0c\0\0\0\0\x73\x12\
\x2c\x0d\0\0\0\0\x71\x81\xfa\x0c\0\0\0\0\x73\x12\x2b\x0d\0\0\0\0\x71\x81\xf9\
\x0c\0\0\0\0\x73\x12\x2a\x0d\0\0\0\0\x71\x81\xf8\x0c\0\0\0\0\x73\x12\x29\x0d\0\
\0\0\0\x71\x81\xf7\x0c\0\0\0\0\x73\x12\x28\x0d\0\0\0\0\x71\x81\xf6\x0c\0\0\0\0\
\x73\x12\x27\x0d\0\0\0\0\x71\x81\xf5\x0c\0\0\0\0\x73\x12\x26\x0d\0\0\0\0\x71\
\x81\xf4\x0c\0\0\0\0\x73\x12\x25\x0d\0\0\0\0\x71\x81\xf3\x0c\0\0\0\0\x73\x12\
\x24\x0d\0\0\0\0\x71\x81\xf2\x0c\0\0\0\0\x73\x12\x23\x0d\0\0\0\0\x71\x81\xf1\
\x0c\0\0\0\0\x73\x12\x22\x0d\0\0\0\0\x71\x81\xf0\x0c\0\0\0\0\x73\x12\x21\x0d\0\
\0\0\0\x71\x81\xef\x0c\0\0\0\0\x73\x12\x20\x0d\0\0\0\0\x71\x81\xee\x0c\0\0\0\0\
\x73\x12\x1f\x0d\0\0\0\0\x71\x81\xed\x0c\0\0\0\0\x73\x12\x1e\x0d\0\0\0\0\x71\
\x81\xec\x0c\0\0\0\0\x73\x12\x1d\x0d\0\0\0\0\x71\x81\xeb\x0c\0\0\0\0\x73\x12\
\x1c\x0d\0\0\0\0\x71\x81\xea\x0c\0\0\0\0\x73\x12\x1b\x0d\0\0\0\0\x71\x81\xe9\
\x0c\0\0\0\0\x73\x12\x1a\x0d\0\0\0\0\x71\x81\xe8\x0c\0\0\0\0\x73\x12\x19\x0d\0\
\0\0\0\x71\x81\xe7\x0c\0\0\0\0\x73\x12\x18\x0d\0\0\0\0\x71\x81\xe6\x0c\0\0\0\0\
\x73\x12\x17\x0d\0\0\0\0\x71\x81\xe5\x0c\0\0\0\0\x73\x12\x16\x0d\0\0\0\0\x71\
\x81\xe4\x0c\0\0\0\0\x73\x12\x15\x0d\0\0\0\0\x71\x81\xe3\x0c\0\0\0\0\x73\x12\
\x14\x0d\0\0\0\0\x71\x81\xe2\x0c\0\0\0\0\x73\x12\x13\x0d\0\0\0\0\x71\x81\xe1\
\x0c\0\0\0\0\x73\x12\x12\x0d\0\0\0\0\x71\x81\xe0\x0c\0\0\0\0\x73\x12\x11\x0d\0\
\0\0\0\x71\x81\xdf\x0c\0\0\0\0\x73\x12\x10\x0d\0\0\0\0\x71\x81\xde\x0c\0\0\0\0\
\x73\x12\x0f\x0d\0\0\0\0\x71\x81\xdd\x0c\0\0\0\0\x73\x12\x0e\x0d\0\0\0\0\x71\
\x81\xdc\x0c\0\0\0\0\x73\x12\x0d\x0d\0\0\0\0\x71\x81\xdb\x0c\0\0\0\0\x73\x12\
\x0c\x0d\0\0\0\0\x71\x81\xda\x0c\0\0\0\0\x73\x12\x0b\x0d\0\0\0\0\x71\x81\xd9\
\x0c\0\0\0\0\x73\x12\x0a\x0d\0\0\0\0\x71\x81\xd8\x0c\0\0\0\0\x73\x12\x09\x0d\0\
\0\0\0\x71\x81\xd7\x0c\0\0\0\0\x73\x12\x08\x0d\0\0\0\0\x71\x81\xd6\x0c\0\0\0\0\
\x73\x12\x07\x0d\0\0\0\0\x71\x81\xd5\x0c\0\0\0\0\x73\x12\x06\x0d\0\0\0\0\x71\
\x81\xd4\x0c\0\0\0\0\x73\x12\x05\x0d\0\0\0\0\x71\x81\xd3\x0c\0\0\0\0\x73\x12\
\x04\x0d\0\0\0\0\x71\x81\xd2\x0c\0\0\0\0\x73\x12\x03\x0d\0\0\0\0\x71\x81\xd1\
\x0c\0\0\0\0\x73\x12\x02\x0d\0\0\0\0\x71\x81\xd0\x0c\0\0\0\0\x73\x12\x01\x0d\0\
\0\0\0\x71\x81\xcf\x0c\0\0\0\0\x73\x12\0\x0d\0\0\0\0\x71\x81\xce\x0c\0\0\0\0\
\x73\x12\xff\x0c\0\0\0\0\x71\x81\xcd\x0c\0\0\0\0\x73\x12\xfe\x0c\0\0\0\0\x71\
\x81\xcc\x0c\0\0\0\0\x73\x12\xfd\x0c\0\0\0\0\x71\x81\xcb\x0c\0\0\0\0\x73\x12\
\xfc\x0c\0\0\0\0\x71\x81\xca\x0c\0\0\0\0\x73\x12\xfb\x0c\0\0\0\0\x71\x81\xc9\
\x0c\0\0\0\0\x73\x12\xfa\x0c\0\0\0\0\x71\x81\xc8\x0c\0\0\0\0\x73\x12\xf9\x0c\0\
\0\0\0\x71\x81\xc7\x0c\0\0\0\0\x73\x12\xf8\x0c\0\0\0\0\x71\x81\xc6\x0c\0\0\0\0\
\x73\x12\xf7\x0c\0\0\0\0\x71\x81\xc5\x0c\0\0\0\0\x73\x12\xf6\x0c\0\0\0\0\x71\
\x81\xc4\x0c\0\0\0\0\x73\x12\xf5\x0c\0\0\0\0\x71\x81\xc3\x0c\0\0\0\0\x73\x12\
\xf4\x0c\0\0\0\0\x71\x81\xc2\x0c\0\0\0\0\x73\x12\xf3\x0c\0\0\0\0\x71\x81\xc1\
\x0c\0\0\0\0\x73\x12\xf2\x0c\0\0\0\0\x71\x81\xc0\x0c\0\0\0\0\x73\x12\xf1\x0c\0\
\0\0\0\x71\x81\xbf\x0c\0\0\0\0\x73\x12\xf0\x0c\0\0\0\0\x71\x81\xbe\x0c\0\0\0\0\
\x73\x12\xef\x0c\0\0\0\0\x71\x81\xbd\x0c\0\0\0\0\x73\x12\xee\x0c\0\0\0\0\x71\
\x81\xbc\x0c\0\0\0\0\x73\x12\xed\x0c\0\0\0\0\x71\x81\xbb\x0c\0\0\0\0\x73\x12\
\xec\x0c\0\0\0\0\x71\x81\xba\x0c\0\0\0\0\x73\x12\xeb\x0c\0\0\0\0\x71\x81\xb9\
\x0c\0\0\0\0\x73\x12\xea\x0c\0\0\0\0\x71\x81\xb8\x0c\0\0\0\0\x73\x12\xe9\x0c\0\
\0\0\0\x71\x81\xb7\x0c\0\0\0\0\x73\x12\xe8\x0c\0\0\0\0\x71\x81\xb6\x0c\0\0\0\0\
\x73\x12\xe7\x0c\0\0\0\0\x71\x81\xb5\x0c\0\0\0\0\x73\x12\xe6\x0c\0\0\0\0\x71\
\x81\xb4\x0c\0\0\0\0\x73\x12\xe5\x0c\0\0\0\0\x71\x81\xb3\x0c\0\0\0\0\x73\x12\
\xe4\x0c\0\0\0\0\x71\x81\xb2\x0c\0\0\0\0\x73\x12\xe3\x0c\0\0\0\0\x71\x81\xb1\
\x0c\0\0\0\0\x73\x12\xe2\x0c\0\0\0\0\x71\x81\xb0\x0c\0\0\0\0\x73\x12\xe1\x0c\0\
\0\0\0\x71\x81\xaf\x0c\0\0\0\0\x73\x12\xe0\x0c\0\0\0\0\x71\x81\xae\x0c\0\0\0\0\
\x73\x12\xdf\x0c\0\0\0\0\x71\x81\xad\x0c\0\0\0\0\x73\x12\xde\x0c\0\0\0\0\x71\
\x81\xac\x0c\0\0\0\0\x73\x12\xdd\x0c\0\0\0\0\x71\x81\xab\x0c\0\0\0\0\x73\x12\
\xdc\x0c\0\0\0\0\x71\x81\xaa\x0c\0\0\0\0\x73\x12\xdb\x0c\0\0\0\0\x71\x81\xa9\
\x0c\0\0\0\0\x73\x12\xda\x0c\0\0\0\0\x71\x81\xa8\x0c\0\0\0\0\x73\x12\xd9\x0c\0\
\0\0\0\x71\x81\xa7\x0c\0\0\0\0\x73\x12\xd8\x0c\0\0\0\0\x71\x81\xa6\x0c\0\0\0\0\
\x73\x12\xd7\x0c\0\0\0\0\x71\x81\xa5\x0c\0\0\0\0\x73\x12\xd6\x0c\0\0\0\0\x71\
\x81\xa4\x0c\0\0\0\0\x73\x12\xd5\x0c\0\0\0\0\x71\x81\xa3\x0c\0\0\0\0\x73\x12\
\xd4\x0c\0\0\0\0\x71\x81\xa2\x0c\0\0\0\0\x73\x12\xd3\x0c\0\0\0\0\x71\x81\xa1\
\x0c\0\0\0\0\x73\x12\xd2\x0c\0\0\0\0\x71\x81\xa0\x0c\0\0\0\0\x73\x12\xd1\x0c\0\
\0\0\0\x71\x81\x9f\x0c\0\0\0\0\x73\x12\xd0\x0c\0\0\0\0\x71\x81\x9e\x0c\0\0\0\0\
\x73\x12\xcf\x0c\0\0\0\0\x71\x81\x9d\x0c\0\0\0\0\x73\x12\xce\x0c\0\0\0\0\x71\
\x81\x9c\x0c\0\0\0\0\x73\x12\xcd\x0c\0\0\0\0\x71\x81\x9b\x0c\0\0\0\0\x73\x12\
\xcc\x0c\0\0\0\0\x71\x81\x9a\x0c\0\0\0\0\x73\x12\xcb\x0c\0\0\0\0\x71\x81\x99\
\x0c\0\0\0\0\x73\x12\xca\x0c\0\0\0\0\x71\x81\x98\x0c\0\0\0\0\x73\x12\xc9\x0c\0\
\0\0\0\x71\x81\x97\x0c\0\0\0\0\x73\x12\xc8\x0c\0\0\0\0\x71\x81\x96\x0c\0\0\0\0\
\x73\x12\xc7\x0c\0\0\0\0\x71\x81\x95\x0c\0\0\0\0\x73\x12\xc6\x0c\0\0\0\0\x71\
\x81\x94\x0c\0\0\0\0\x73\x12\xc5\x0c\0\0\0\0\x71\x81\x93\x0c\0\0\0\0\x73\x12\
\xc4\x0c\0\0\0\0\x71\x81\x92\x0c\0\0\0\0\x73\x12\xc3\x0c\0\0\0\0\x71\x81\x91\
\x0c\0\0\0\0\x73\x12\xc2\x0c\0\0\0\0\x71\x81\x90\x0c\0\0\0\0\x73\x12\xc1\x0c\0\
\0\0\0\x71\x81\x8f\x0c\0\0\0\0\x73\x12\xc0\x0c\0\0\0\0\x71\x81\x8e\x0c\0\0\0\0\
\x73\x12\xbf\x0c\0\0\0\0\x71\x81\x8d\x0c\0\0\0\0\x73\x12\xbe\x0c\0\0\0\0\x71\
\x81\x8c\x0c\0\0\0\0\x73\x12\xbd\x0c\0\0\0\0\x71\x81\x8b\x0c\0\0\0\0\x73\x12\
\xbc\x0c\0\0\0\0\x71\x81\x8a\x0c\0\0\0\0\x73\x12\xbb\x0c\0\0\0\0\x71\x81\x89\
\x0c\0\0\0\0\x73\x12\xba\x0c\0\0\0\0\x71\x81\x88\x0c\0\0\0\0\x73\x12\xb9\x0c\0\
\0\0\0\x71\x81\x87\x0c\0\0\0\0\x73\x12\xb8\x0c\0\0\0\0\x71\x81\x86\x0c\0\0\0\0\
\x73\x12\xb7\x0c\0\0\0\0\x71\x81\x85\x0c\0\0\0\0\x73\x12\xb6\x0c\0\0\0\0\x71\
\x81\x84\x0c\0\0\0\0\x73\x12\xb5\x0c\0\0\0\0\x71\x81\x83\x0c\0\0\0\0\x73\x12\
\xb4\x0c\0\0\0\0\x71\x81\x82\x0c\0\0\0\0\x73\x12\xb3\x0c\0\0\0\0\x71\x81\x81\
\x0c\0\0\0\0\x73\x12\xb2\x0c\0\0\0\0\x71\x81\x80\x0c\0\0\0\0\x73\x12\xb1\x0c\0\
\0\0\0\x71\x81\x7f\x0c\0\0\0\0\x73\x12\xb0\x0c\0\0\0\0\x71\x81\x7e\x0c\0\0\0\0\
\x73\x12\xaf\x0c\0\0\0\0\x71\x81\x7d\x0c\0\0\0\0\x73\x12\xae\x0c\0\0\0\0\x71\
\x81\x7c\x0c\0\0\0\0\x73\x12\xad\x0c\0\0\0\0\x71\x81\x7b\x0c\0\0\0\0\x73\x12\
\xac\x0c\0\0\0\0\x71\x81\x7a\x0c\0\0\0\0\x73\x12\xab\x0c\0\0\0\0\x71\x81\x79\
\x0c\0\0\0\0\x73\x12\xaa\x0c\0\0\0\0\x71\x81\x78\x0c\0\0\0\0\x73\x12\xa9\x0c\0\
\0\0\0\x71\x81\x77\x0c\0\0\0\0\x73\x12\xa8\x0c\0\0\0\0\x71\x81\x76\x0c\0\0\0\0\
\x73\x12\xa7\x0c\0\0\0\0\x71\x81\x75\x0c\0\0\0\0\x73\x12\xa6\x0c\0\0\0\0\x71\
\x81\x74\x0c\0\0\0\0\x73\x12\xa5\x0c\0\0\0\0\x71\x81\x73\x0c\0\0\0\0\x73\x12\
\xa4\x0c\0\0\0\0\x71\x81\x72\x0c\0\0\0\0\x73\x12\xa3\x0c\0\0\0\0\x71\x81\x71\
\x0c\0\0\0\0\x73\x12\xa2\x0c\0\0\0\0\x71\x81\x70\x0c\0\0\0\0\x73\x12\xa1\x0c\0\
\0\0\0\x71\x81\x6f\x0c\0\0\0\0\x73\x12\xa0\x0c\0\0\0\0\x71\x81\x6e\x0c\0\0\0\0\
\x73\x12\x9f\x0c\0\0\0\0\x71\x81\x6d\x0c\0\0\0\0\x73\x12\x9e\x0c\0\0\0\0\x71\
\x81\x6c\x0c\0\0\0\0\x73\x12\x9d\x0c\0\0\0\0\x71\x81\x6b\x0c\0\0\0\0\x73\x12\
\x9c\x0c\0\0\0\0\x71\x81\x6a\x0c\0\0\0\0\x73\x12\x9b\x0c\0\0\0\0\x71\x81\x69\
\x0c\0\0\0\0\x73\x12\x9a\x0c\0\0\0\0\x71\x81\x68\x0c\0\0\0\0\x73\x12\x99\x0c\0\
\0\0\0\x71\x81\x67\x0c\0\0\0\0\x73\x12\x98\x0c\0\0\0\0\x71\x81\x66\x0c\0\0\0\0\
\x73\x12\x97\x0c\0\0\0\0\x71\x81\x65\x0c\0\0\0\0\x73\x12\x96\x0c\0\0\0\0\x71\
\x81\x64\x0c\0\0\0\0\x73\x12\x95\x0c\0\0\0\0\x71\x81\x63\x0c\0\0\0\0\x73\x12\
\x94\x0c\0\0\0\0\x71\x81\x62\x0c\0\0\0\0\x73\x12\x93\x0c\0\0\0\0\x71\x81\x61\
\x0c\0\0\0\0\x73\x12\x92\x0c\0\0\0\0\x71\x81\x60\x0c\0\0\0\0\x73\x12\x91\x0c\0\
\0\0\0\x71\x81\x5f\x0c\0\0\0\0\x73\x12\x90\x0c\0\0\0\0\x71\x81\x5e\x0c\0\0\0\0\
\x73\x12\x8f\x0c\0\0\0\0\x71\x81\x5d\x0c\0\0\0\0\x73\x12\x8e\x0c\0\0\0\0\x71\
\x81\x5c\x0c\0\0\0\0\x73\x12\x8d\x0c\0\0\0\0\x71\x81\x5b\x0c\0\0\0\0\x73\x12\
\x8c\x0c\0\0\0\0\x71\x81\x5a\x0c\0\0\0\0\x73\x12\x8b\x0c\0\0\0\0\x71\x81\x59\
\x0c\0\0\0\0\x73\x12\x8a\x0c\0\0\0\0\x71\x81\x58\x0c\0\0\0\0\x73\x12\x89\x0c\0\
\0\0\0\x71\x81\x57\x0c\0\0\0\0\x73\x12\x88\x0c\0\0\0\0\x71\x81\x56\x0c\0\0\0\0\
\x73\x12\x87\x0c\0\0\0\0\x71\x81\x55\x0c\0\0\0\0\x73\x12\x86\x0c\0\0\0\0\x71\
\x81\x54\x0c\0\0\0\0\x73\x12\x85\x0c\0\0\0\0\x71\x81\x53\x0c\0\0\0\0\x73\x12\
\x84\x0c\0\0\0\0\x71\x81\x52\x0c\0\0\0\0\x73\x12\x83\x0c\0\0\0\0\x71\x81\x51\
\x0c\0\0\0\0\x73\x12\x82\x0c\0\0\0\0\x71\x81\x50\x0c\0\0\0\0\x73\x12\x81\x0c\0\
\0\0\0\x71\x81\x4f\x0c\0\0\0\0\x73\x12\x80\x0c\0\0\0\0\x71\x81\x4e\x0c\0\0\0\0\
\x73\x12\x7f\x0c\0\0\0\0\x71\x81\x4d\x0c\0\0\0\0\x73\x12\x7e\x0c\0\0\0\0\x71\
\x81\x4c\x0c\0\0\0\0\x73\x12\x7d\x0c\0\0\0\0\x71\x81\x4b\x0c\0\0\0\0\x73\x12\
\x7c\x0c\0\0\0\0\x71\x81\x4a\x0c\0\0\0\0\x73\x12\x7b\x0c\0\0\0\0\x71\x81\x49\
\x0c\0\0\0\0\x73\x12\x7a\x0c\0\0\0\0\x71\x81\x48\x0c\0\0\0\0\x73\x12\x79\x0c\0\
\0\0\0\x71\x81\x47\x0c\0\0\0\0\x73\x12\x78\x0c\0\0\0\0\x71\x81\x46\x0c\0\0\0\0\
\x73\x12\x77\x0c\0\0\0\0\x71\x81\x45\x0c\0\0\0\0\x73\x12\x76\x0c\0\0\0\0\x71\
\x81\x44\x0c\0\0\0\0\x73\x12\x75\x0c\0\0\0\0\x71\x81\x43\x0c\0\0\0\0\x73\x12\
\x74\x0c\0\0\0\0\x71\x81\x42\x0c\0\0\0\0\x73\x12\x73\x0c\0\0\0\0\x71\x81\x41\
\x0c\0\0\0\0\x73\x12\x72\x0c\0\0\0\0\x71\x81\x40\x0c\0\0\0\0\x73\x12\x71\x0c\0\
\0\0\0\x71\x81\x3f\x0c\0\0\0\0\x73\x12\x70\x0c\0\0\0\0\x71\x81\x3e\x0c\0\0\0\0\
\x73\x12\x6f\x0c\0\0\0\0\x71\x81\x3d\x0c\0\0\0\0\x73\x12\x6e\x0c\0\0\0\0\x71\
\x81\x3c\x0c\0\0\0\0\x73\x12\x6d\x0c\0\0\0\0\x71\x81\x3b\x0c\0\0\0\0\x73\x12\
\x6c\x0c\0\0\0\0\x71\x81\x3a\x0c\0\0\0\0\x73\x12\x6b\x0c\0\0\0\0\x71\x81\x39\
\x0c\0\0\0\0\x73\x12\x6a\x0c\0\0\0\0\x71\x81\x38\x0c\0\0\0\0\x73\x12\x69\x0c\0\
\0\0\0\x71\x81\x37\x0c\0\0\0\0\x73\x12\x68\x0c\0\0\0\0\x71\x81\x36\x0c\0\0\0\0\
\x73\x12\x67\x0c\0\0\0\0\x71\x81\x35\x0c\0\0\0\0\x73\x12\x66\x0c\0\0\0\0\x71\
\x81\x34\x0c\0\0\0\0\x73\x12\x65\x0c\0\0\0\0\x71\x81\x33\x0c\0\0\0\0\x73\x12\
\x64\x0c\0\0\0\0\x71\x81\x32\x0c\0\0\0\0\x73\x12\x63\x0c\0\0\0\0\x71\x81\x31\
\x0c\0\0\0\0\x73\x12\x62\x0c\0\0\0\0\x71\x81\x30\x0c\0\0\0\0\x73\x12\x61\x0c\0\
\0\0\0\x71\x81\x2f\x0c\0\0\0\0\x73\x12\x60\x0c\0\0\0\0\x71\x81\x2e\x0c\0\0\0\0\
\x73\x12\x5f\x0c\0\0\0\0\x71\x81\x2d\x0c\0\0\0\0\x73\x12\x5e\x0c\0\0\0\0\x71\
\x81\x2c\x0c\0\0\0\0\x73\x12\x5d\x0c\0\0\0\0\x71\x81\x2b\x0c\0\0\0\0\x73\x12\
\x5c\x0c\0\0\0\0\x71\x81\x2a\x0c\0\0\0\0\x73\x12\x5b\x0c\0\0\0\0\x71\x81\x29\
\x0c\0\0\0\0\x73\x12\x5a\x0c\0\0\0\0\x71\x81\x28\x0c\0\0\0\0\x73\x12\x59\x0c\0\
\0\0\0\x71\x81\x27\x0c\0\0\0\0\x73\x12\x58\x0c\0\0\0\0\x71\x81\x26\x0c\0\0\0\0\
\x73\x12\x57\x0c\0\0\0\0\x71\x81\x25\x0c\0\0\0\0\x73\x12\x56\x0c\0\0\0\0\x71\
\x81\x24\x0c\0\0\0\0\x73\x12\x55\x0c\0\0\0\0\x71\x81\x23\x0c\0\0\0\0\x73\x12\
\x54\x0c\0\0\0\0\x71\x81\x22\x0c\0\0\0\0\x73\x12\x53\x0c\0\0\0\0\x71\x81\x21\
\x0c\0\0\0\0\x73\x12\x52\x0c\0\0\0\0\x71\x81\x20\x0c\0\0\0\0\x73\x12\x51\x0c\0\
\0\0\0\x71\x81\x1f\x0c\0\0\0\0\x73\x12\x50\x0c\0\0\0\0\x71\x81\x1e\x0c\0\0\0\0\
\x73\x12\x4f\x0c\0\0\0\0\x71\x81\x1d\x0c\0\0\0\0\x73\x12\x4e\x0c\0\0\0\0\x71\
\x81\x1c\x0c\0\0\0\0\x73\x12\x4d\x0c\0\0\0\0\x71\x81\x1b\x0c\0\0\0\0\x73\x12\
\x4c\x0c\0\0\0\0\x71\x81\x1a\x0c\0\0\0\0\x73\x12\x4b\x0c\0\0\0\0\x71\x81\x19\
\x0c\0\0\0\0\x73\x12\x4a\x0c\0\0\0\0\x71\x81\x18\x0c\0\0\0\0\x73\x12\x49\x0c\0\
\0\0\0\x71\x81\x17\x0c\0\0\0\0\x73\x12\x48\x0c\0\0\0\0\x71\x81\x16\x0c\0\0\0\0\
\x73\x12\x47\x0c\0\0\0\0\x71\x81\x15\x0c\0\0\0\0\x73\x12\x46\x0c\0\0\0\0\x71\
\x81\x14\x0c\0\0\0\0\x73\x12\x45\x0c\0\0\0\0\x71\x81\x13\x0c\0\0\0\0\x73\x12\
\x44\x0c\0\0\0\0\x71\x81\x12\x0c\0\0\0\0\x73\x12\x43\x0c\0\0\0\0\x71\x81\x11\
\x0c\0\0\0\0\x73\x12\x42\x0c\0\0\0\0\x71\x81\x10\x0c\0\0\0\0\x73\x12\x41\x0c\0\
\0\0\0\x71\x81\x0f\x0c\0\0\0\0\x73\x12\x40\x0c\0\0\0\0\x71\x81\x0e\x0c\0\0\0\0\
\x73\x12\x3f\x0c\0\0\0\0\x71\x81\x0d\x0c\0\0\0\0\x73\x12\x3e\x0c\0\0\0\0\x71\
\x81\x0c\x0c\0\0\0\0\x73\x12\x3d\x0c\0\0\0\0\x71\x81\x0b\x0c\0\0\0\0\x73\x12\
\x3c\x0c\0\0\0\0\x71\x81\x0a\x0c\0\0\0\0\x73\x12\x3b\x0c\0\0\0\0\x71\x81\x09\
\x0c\0\0\0\0\x73\x12\x3a\x0c\0\0\0\0\x71\x81\x08\x0c\0\0\0\0\x73\x12\x39\x0c\0\
\0\0\0\x71\x81\x07\x0c\0\0\0\0\x73\x12\x38\x0c\0\0\0\0\x71\x81\x06\x0c\0\0\0\0\
\x73\x12\x37\x0c\0\0\0\0\x71\x81\x05\x0c\0\0\0\0\x73\x12\x36\x0c\0\0\0\0\x71\
\x81\x04\x0c\0\0\0\0\x73\x12\x35\x0c\0\0\0\0\x71\x81\x03\x0c\0\0\0\0\x73\x12\
\x34\x0c\0\0\0\0\x71\x81\x02\x0c\0\0\0\0\x73\x12\x33\x0c\0\0\0\0\x71\x81\x01\
\x0c\0\0\0\0\x73\x12\x32\x0c\0\0\0\0\x71\x81\0\x0c\0\0\0\0\x73\x12\x31\x0c\0\0\
\0\0\xa6\x04\x6d\x2c\x01\x0d\0\0\xbf\x81\0\0\0\0\0\0\x07\x01\0\0\0\x0e\0\0\x2d\
\x51\x6a\x2c\0\0\0\0\x71\x81\xff\x0d\0\0\0\0\x79\xa2\xb0\xff\0\0\0\0\x73\x12\
\x30\x0e\0\0\0\0\x71\x81\xfe\x0d\0\0\0\0\x73\x12\x2f\x0e\0\0\0\0\x71\x81\xfd\
\x0d\0\0\0\0\x73\x12\x2e\x0e\0\0\0\0\x71\x81\xfc\x0d\0\0\0\0\x73\x12\x2d\x0e\0\
\0\0\0\x71\x81\xfb\x0d\0\0\0\0\x73\x12\x2c\x0e\0\0\0\0\x71\x81\xfa\x0d\0\0\0\0\
\x73\x12\x2b\x0e\0\0\0\0\x71\x81\xf9\x0d\0\0\0\0\x73\x12\x2a\x0e\0\0\0\0\x71\
\x81\xf8\x0d\0\0\0\0\x73\x12\x29\x0e\0\0\0\0\x71\x81\xf7\x0d\0\0\0\0\x73\x12\
\x28\x0e\0\0\0\0\x71\x81\xf6\x0d\0\0\0\0\x73\x12\x27\x0e\0\0\0\0\x71\x81\xf5\
\x0d\0\0\0\0\x73\x12\x26\x0e\0\0\0\0\x71\x81\xf4\x0d\0\0\0\0\x73\x12\x25\x0e\0\
\0\0\0\x71\x81\xf3\x0d\0\0\0\0\x73\x12\x24\x0e\0\0\0\0\x71\x81\xf2\x0d\0\0\0\0\
\x73\x12\x23\x0e\0\0\0\0\x71\x81\xf1\x0d\0\0\0\0\x73\x12\x22\x0e\0\0\0\0\x71\
\x81\xf0\x0d\0\0\0\0\x73\x12\x21\x0e\0\0\0\0\x71\x81\xef\x0d\0\0\0\0\x73\x12\
\x20\x0e\0\0\0\0\x71\x81\xee\x0d\0\0\0\0\x73\x12\x1f\x0e\0\0\0\0\x71\x81\xed\
\x0d\0\0\0\0\x73\x12\x1e\x0e\0\0\0\0\x71\x81\xec\x0d\0\0\0\0\x73\x12\x1d\x0e\0\
\0\0\0\x71\x81\xeb\x0d\0\0\0\0\x73\x12\x1c\x0e\0\0\0\0\x71\x81\xea\x0d\0\0\0\0\
\x73\x12\x1b\x0e\0\0\0\0\x71\x81\xe9\x0d\0\0\0\0\x73\x12\x1a\x0e\0\0\0\0\x71\
\x81\xe8\x0d\0\0\0\0\x73\x12\x19\x0e\0\0\0\0\x71\x81\xe7\x0d\0\0\0\0\x73\x12\
\x18\x0e\0\0\0\0\x71\x81\xe6\x0d\0\0\0\0\x73\x12\x17\x0e\0\0\0\0\x71\x81\xe5\
\x0d\0\0\0\0\x73\x12\x16\x0e\0\0\0\0\x71\x81\xe4\x0d\0\0\0\0\x73\x12\x15\x0e\0\
\0\0\0\x71\x81\xe3\x0d\0\0\0\0\x73\x12\x14\x0e\0\0\0\0\x71\x81\xe2\x0d\0\0\0\0\
\x73\x12\x13\x0e\0\0\0\0\x71\x81\xe1\x0d\0\0\0\0\x73\x12\x12\x0e\0\0\0\0\x71\
\x81\xe0\x0d\0\0\0\0\x73\x12\x11\x0e\0\0\0\0\x71\x81\xdf\x0d\0\0\0\0\x73\x12\
\x10\x0e\0\0\0\0\x71\x81\xde\x0d\0\0\0\0\x73\x12\x0f\x0e\0\0\0\0\x71\x81\xdd\
\x0d\0\0\0\0\x73\x12\x0e\x0e\0\0\0\0\x71\x81\xdc\x0d\0\0\0\0\x73\x12\x0d\x0e\0\
\0\0\0\x71\x81\xdb\x0d\0\0\0\0\x73\x12\x0c\x0e\0\0\0\0\x71\x81\xda\x0d\0\0\0\0\
\x73\x12\x0b\x0e\0\0\0\0\x71\x81\xd9\x0d\0\0\0\0\x73\x12\x0a\x0e\0\0\0\0\x71\
\x81\xd8\x0d\0\0\0\0\x73\x12\x09\x0e\0\0\0\0\x71\x81\xd7\x0d\0\0\0\0\x73\x12\
\x08\x0e\0\0\0\0\x71\x81\xd6\x0d\0\0\0\0\x73\x12\x07\x0e\0\0\0\0\x71\x81\xd5\
\x0d\0\0\0\0\x73\x12\x06\x0e\0\0\0\0\x71\x81\xd4\x0d\0\0\0\0\x73\x12\x05\x0e\0\
\0\0\0\x71\x81\xd3\x0d\0\0\0\0\x73\x12\x04\x0e\0\0\0\0\x71\x81\xd2\x0d\0\0\0\0\
\x73\x12\x03\x0e\0\0\0\0\x71\x81\xd1\x0d\0\0\0\0\x73\x12\x02\x0e\0\0\0\0\x71\
\x81\xd0\x0d\0\0\0\0\x73\x12\x01\x0e\0\0\0\0\x71\x81\xcf\x0d\0\0\0\0\x73\x12\0\
\x0e\0\0\0\0\x71\x81\xce\x0d\0\0\0\0\x73\x12\xff\x0d\0\0\0\0\x71\x81\xcd\x0d\0\
\0\0\0\x73\x12\xfe\x0d\0\0\0\0\x71\x81\xcc\x0d\0\0\0\0\x73\x12\xfd\x0d\0\0\0\0\
\x71\x81\xcb\x0d\0\0\0\0\x73\x12\xfc\x0d\0\0\0\0\x71\x81\xca\x0d\0\0\0\0\x73\
\x12\xfb\x0d\0\0\0\0\x71\x81\xc9\x0d\0\0\0\0\x73\x12\xfa\x0d\0\0\0\0\x71\x81\
\xc8\x0d\0\0\0\0\x73\x12\xf9\x0d\0\0\0\0\x71\x81\xc7\x0d\0\0\0\0\x73\x12\xf8\
\x0d\0\0\0\0\x71\x81\xc6\x0d\0\0\0\0\x73\x12\xf7\x0d\0\0\0\0\x71\x81\xc5\x0d\0\
\0\0\0\x73\x12\xf6\x0d\0\0\0\0\x71\x81\xc4\x0d\0\0\0\0\x73\x12\xf5\x0d\0\0\0\0\
\x71\x81\xc3\x0d\0\0\0\0\x73\x12\xf4\x0d\0\0\0\0\x71\x81\xc2\x0d\0\0\0\0\x73\
\x12\xf3\x0d\0\0\0\0\x71\x81\xc1\x0d\0\0\0\0\x73\x12\xf2\x0d\0\0\0\0\x71\x81\
\xc0\x0d\0\0\0\0\x73\x12\xf1\x0d\0\0\0\0\x71\x81\xbf\x0d\0\0\0\0\x73\x12\xf0\
\x0d\0\0\0\0\x71\x81\xbe\x0d\0\0\0\0\x73\x12\xef\x0d\0\0\0\0\x71\x81\xbd\x0d\0\
\0\0\0\x73\x12\xee\x0d\0\0\0\0\x71\x81\xbc\x0d\0\0\0\0\x73\x12\xed\x0d\0\0\0\0\
\x71\x81\xbb\x0d\0\0\0\0\x73\x12\xec\x0d\0\0\0\0\x71\x81\xba\x0d\0\0\0\0\x73\
\x12\xeb\x0d\0\0\0\0\x71\x81\xb9\x0d\0\0\0\0\x73\x12\xea\x0d\0\0\0\0\x71\x81\
\xb8\x0d\0\0\0\0\x73\x12\xe9\x0d\0\0\0\0\x71\x81\xb7\x0d\0\0\0\0\x73\x12\xe8\
\x0d\0\0\0\0\x71\x81\xb6\x0d\0\0\0\0\x73\x12\xe7\x0d\0\0\0\0\x71\x81\xb5\x0d\0\
\0\0\0\x73\x12\xe6\x0d\0\0\0\0\x71\x81\xb4\x0d\0\0\0\0\x73\x12\xe5\x0d\0\0\0\0\
\x71\x81\xb3\x0d\0\0\0\0\x73\x12\xe4\x0d\0\0\0\0\x71\x81\xb2\x0d\0\0\0\0\x73\
\x12\xe3\x0d\0\0\0\0\x71\x81\xb1\x0d\0\0\0\0\x73\x12\xe2\x0d\0\0\0\0\x71\x81\
\xb0\x0d\0\0\0\0\x73\x12\xe1\x0d\0\0\0\0\x71\x81\xaf\x0d\0\0\0\0\x73\x12\xe0\
\x0d\0\0\0\0\x71\x81\xae\x0d\0\0\0\0\x73\x12\xdf\x0d\0\0\0\0\x71\x81\xad\x0d\0\
\0\0\0\x73\x12\xde\x0d\0\0\0\0\x71\x81\xac\x0d\0\0\0\0\x73\x12\xdd\x0d\0\0\0\0\
\x71\x81\xab\x0d\0\0\0\0\x73\x12\xdc\x0d\0\0\0\0\x71\x81\xaa\x0d\0\0\0\0\x73\
\x12\xdb\x0d\0\0\0\0\x71\x81\xa9\x0d\0\0\0\0\x73\x12\xda\x0d\0\0\0\0\x71\x81\
\xa8\x0d\0\0\0\0\x73\x12\xd9\x0d\0\0\0\0\x71\x81\xa7\x0d\0\0\0\0\x73\x12\xd8\
\x0d\0\0\0\0\x71\x81\xa6\x0d\0\0\0\0\x73\x12\xd7\x0d\0\0\0\0\x71\x81\xa5\x0d\0\
\0\0\0\x73\x12\xd6\x0d\0\0\0\0\x71\x81\xa4\x0d\0\0\0\0\x73\x12\xd5\x0d\0\0\0\0\
\x71\x81\xa3\x0d\0\0\0\0\x73\x12\xd4\x0d\0\0\0\0\x71\x81\xa2\x0d\0\0\0\0\x73\
\x12\xd3\x0d\0\0\0\0\x71\x81\xa1\x0d\0\0\0\0\x73\x12\xd2\x0d\0\0\0\0\x71\x81\
\xa0\x0d\0\0\0\0\x73\x12\xd1\x0d\0\0\0\0\x71\x81\x9f\x0d\0\0\0\0\x73\x12\xd0\
\x0d\0\0\0\0\x71\x81\x9e\x0d\0\0\0\0\x73\x12\xcf\x0d\0\0\0\0\x71\x81\x9d\x0d\0\
\0\0\0\x73\x12\xce\x0d\0\0\0\0\x71\x81\x9c\x0d\0\0\0\0\x73\x12\xcd\x0d\0\0\0\0\
\x71\x81\x9b\x0d\0\0\0\0\x73\x12\xcc\x0d\0\0\0\0\x71\x81\x9a\x0d\0\0\0\0\x73\
\x12\xcb\x0d\0\0\0\0\x71\x81\x99\x0d\0\0\0\0\x73\x12\xca\x0d\0\0\0\0\x71\x81\
\x98\x0d\0\0\0\0\x73\x12\xc9\x0d\0\0\0\0\x71\x81\x97\x0d\0\0\0\0\x73\x12\xc8\
\x0d\0\0\0\0\x71\x81\x96\x0d\0\0\0\0\x73\x12\xc7\x0d\0\0\0\0\x71\x81\x95\x0d\0\
\0\0\0\x73\x12\xc6\x0d\0\0\0\0\x71\x81\x94\x0d\0\0\0\0\x73\x12\xc5\x0d\0\0\0\0\
\x71\x81\x93\x0d\0\0\0\0\x73\x12\xc4\x0d\0\0\0\0\x71\x81\x92\x0d\0\0\0\0\x73\
\x12\xc3\x0d\0\0\0\0\x71\x81\x91\x0d\0\0\0\0\x73\x12\xc2\x0d\0\0\0\0\x71\x81\
\x90\x0d\0\0\0\0\x73\x12\xc1\x0d\0\0\0\0\x71\x81\x8f\x0d\0\0\0\0\x73\x12\xc0\
\x0d\0\0\0\0\x71\x81\x8e\x0d\0\0\0\0\x73\x12\xbf\x0d\0\0\0\0\x71\x81\x8d\x0d\0\
\0\0\0\x73\x12\xbe\x0d\0\0\0\0\x71\x81\x8c\x0d\0\0\0\0\x73\x12\xbd\x0d\0\0\0\0\
\x71\x81\x8b\x0d\0\0\0\0\x73\x12\xbc\x0d\0\0\0\0\x71\x81\x8a\x0d\0\0\0\0\x73\
\x12\xbb\x0d\0\0\0\0\x71\x81\x89\x0d\0\0\0\0\x73\x12\xba\x0d\0\0\0\0\x71\x81\
\x88\x0d\0\0\0\0\x73\x12\xb9\x0d\0\0\0\0\x71\x81\x87\x0d\0\0\0\0\x73\x12\xb8\
\x0d\0\0\0\0\x71\x81\x86\x0d\0\0\0\0\x73\x12\xb7\x0d\0\0\0\0\x71\x81\x85\x0d\0\
\0\0\0\x73\x12\xb6\x0d\0\0\0\0\x71\x81\x84\x0d\0\0\0\0\x73\x12\xb5\x0d\0\0\0\0\
\x71\x81\x83\x0d\0\0\0\0\x73\x12\xb4\x0d\0\0\0\0\x71\x81\x82\x0d\0\0\0\0\x73\
\x12\xb3\x0d\0\0\0\0\x71\x81\x81\x0d\0\0\0\0\x73\x12\xb2\x0d\0\0\0\0\x71\x81\
\x80\x0d\0\0\0\0\x73\x12\xb1\x0d\0\0\0\0\x71\x81\x7f\x0d\0\0\0\0\x73\x12\xb0\
\x0d\0\0\0\0\x71\x81\x7e\x0d\0\0\0\0\x73\x12\xaf\x0d\0\0\0\0\x71\x81\x7d\x0d\0\
\0\0\0\x73\x12\xae\x0d\0\0\0\0\x71\x81\x7c\x0d\0\0\0\0\x73\x12\xad\x0d\0\0\0\0\
\x71\x81\x7b\x0d\0\0\0\0\x73\x12\xac\x0d\0\0\0\0\x71\x81\x7a\x0d\0\0\0\0\x73\
\x12\xab\x0d\0\0\0\0\x71\x81\x79\x0d\0\0\0\0\x73\x12\xaa\x0d\0\0\0\0\x71\x81\
\x78\x0d\0\0\0\0\x73\x12\xa9\x0d\0\0\0\0\x71\x81\x77\x0d\0\0\0\0\x73\x12\xa8\
\x0d\0\0\0\0\x71\x81\x76\x0d\0\0\0\0\x73\x12\xa7\x0d\0\0\0\0\x71\x81\x75\x0d\0\
\0\0\0\x73\x12\xa6\x0d\0\0\0\0\x71\x81\x74\x0d\0\0\0\0\x73\x12\xa5\x0d\0\0\0\0\
\x71\x81\x73\x0d\0\0\0\0\x73\x12\xa4\x0d\0\0\0\0\x71\x81\x72\x0d\0\0\0\0\x73\
\x12\xa3\x0d\0\0\0\0\x71\x81\x71\x0d\0\0\0\0\x73\x12\xa2\x0d\0\0\0\0\x71\x81\
\x70\x0d\0\0\0\0\x73\x12\xa1\x0d\0\0\0\0\x71\x81\x6f\x0d\0\0\0\0\x73\x12\xa0\
\x0d\0\0\0\0\x71\x81\x6e\x0d\0\0\0\0\x73\x12\x9f\x0d\0\0\0\0\x71\x81\x6d\x0d\0\
\0\0\0\x73\x12\x9e\x0d\0\0\0\0\x71\x81\x6c\x0d\0\0\0\0\x73\x12\x9d\x0d\0\0\0\0\
\x71\x81\x6b\x0d\0\0\0\0\x73\x12\x9c\x0d\0\0\0\0\x71\x81\x6a\x0d\0\0\0\0\x73\
\x12\x9b\x0d\0\0\0\0\x71\x81\x69\x0d\0\0\0\0\x73\x12\x9a\x0d\0\0\0\0\x71\x81\
\x68\x0d\0\0\0\0\x73\x12\x99\x0d\0\0\0\0\x71\x81\x67\x0d\0\0\0\0\x73\x12\x98\
\x0d\0\0\0\0\x71\x81\x66\x0d\0\0\0\0\x73\x12\x97\x0d\0\0\0\0\x71\x81\x65\x0d\0\
\0\0\0\x73\x12\x96\x0d\0\0\0\0\x71\x81\x64\x0d\0\0\0\0\x73\x12\x95\x0d\0\0\0\0\
\x71\x81\x63\x0d\0\0\0\0\x73\x12\x94\x0d\0\0\0\0\x71\x81\x62\x0d\0\0\0\0\x73\
\x12\x93\x0d\0\0\0\0\x71\x81\x61\x0d\0\0\0\0\x73\x12\x92\x0d\0\0\0\0\x71\x81\
\x60\x0d\0\0\0\0\x73\x12\x91\x0d\0\0\0\0\x71\x81\x5f\x0d\0\0\0\0\x73\x12\x90\
\x0d\0\0\0\0\x71\x81\x5e\x0d\0\0\0\0\x73\x12\x8f\x0d\0\0\0\0\x71\x81\x5d\x0d\0\
\0\0\0\x73\x12\x8e\x0d\0\0\0\0\x71\x81\x5c\x0d\0\0\0\0\x73\x12\x8d\x0d\0\0\0\0\
\x71\x81\x5b\x0d\0\0\0\0\x73\x12\x8c\x0d\0\0\0\0\x71\x81\x5a\x0d\0\0\0\0\x73\
\x12\x8b\x0d\0\0\0\0\x71\x81\x59\x0d\0\0\0\0\x73\x12\x8a\x0d\0\0\0\0\x71\x81\
\x58\x0d\0\0\0\0\x73\x12\x89\x0d\0\0\0\0\x71\x81\x57\x0d\0\0\0\0\x73\x12\x88\
\x0d\0\0\0\0\x71\x81\x56\x0d\0\0\0\0\x73\x12\x87\x0d\0\0\0\0\x71\x81\x55\x0d\0\
\0\0\0\x73\x12\x86\x0d\0\0\0\0\x71\x81\x54\x0d\0\0\0\0\x73\x12\x85\x0d\0\0\0\0\
\x71\x81\x53\x0d\0\0\0\0\x73\x12\x84\x0d\0\0\0\0\x71\x81\x52\x0d\0\0\0\0\x73\
\x12\x83\x0d\0\0\0\0\x71\x81\x51\x0d\0\0\0\0\x73\x12\x82\x0d\0\0\0\0\x71\x81\
\x50\x0d\0\0\0\0\x73\x12\x81\x0d\0\0\0\0\x71\x81\x4f\x0d\0\0\0\0\x73\x12\x80\
\x0d\0\0\0\0\x71\x81\x4e\x0d\0\0\0\0\x73\x12\x7f\x0d\0\0\0\0\x71\x81\x4d\x0d\0\
\0\0\0\x73\x12\x7e\x0d\0\0\0\0\x71\x81\x4c\x0d\0\0\0\0\x73\x12\x7d\x0d\0\0\0\0\
\x71\x81\x4b\x0d\0\0\0\0\x73\x12\x7c\x0d\0\0\0\0\x71\x81\x4a\x0d\0\0\0\0\x73\
\x12\x7b\x0d\0\0\0\0\x71\x81\x49\x0d\0\0\0\0\x73\x12\x7a\x0d\0\0\0\0\x71\x81\
\x48\x0d\0\0\0\0\x73\x12\x79\x0d\0\0\0\0\x71\x81\x47\x0d\0\0\0\0\x73\x12\x78\
\x0d\0\0\0\0\x71\x81\x46\x0d\0\0\0\0\x73\x12\x77\x0d\0\0\0\0\x71\x81\x45\x0d\0\
\0\0\0\x73\x12\x76\x0d\0\0\0\0\x71\x81\x44\x0d\0\0\0\0\x73\x12\x75\x0d\0\0\0\0\
\x71\x81\x43\x0d\0\0\0\0\x73\x12\x74\x0d\0\0\0\0\x71\x81\x42\x0d\0\0\0\0\x73\
\x12\x73\x0d\0\0\0\0\x71\x81\x41\x0d\0\0\0\0\x73\x12\x72\x0d\0\0\0\0\x71\x81\
\x40\x0d\0\0\0\0\x73\x12\x71\x0d\0\0\0\0\x71\x81\x3f\x0d\0\0\0\0\x73\x12\x70\
\x0d\0\0\0\0\x71\x81\x3e\x0d\0\0\0\0\x73\x12\x6f\x0d\0\0\0\0\x71\x81\x3d\x0d\0\
\0\0\0\x73\x12\x6e\x0d\0\0\0\0\x71\x81\x3c\x0d\0\0\0\0\x73\x12\x6d\x0d\0\0\0\0\
\x71\x81\x3b\x0d\0\0\0\0\x73\x12\x6c\x0d\0\0\0\0\x71\x81\x3a\x0d\0\0\0\0\x73\
\x12\x6b\x0d\0\0\0\0\x71\x81\x39\x0d\0\0\0\0\x73\x12\x6a\x0d\0\0\0\0\x71\x81\
\x38\x0d\0\0\0\0\x73\x12\x69\x0d\0\0\0\0\x71\x81\x37\x0d\0\0\0\0\x73\x12\x68\
\x0d\0\0\0\0\x71\x81\x36\x0d\0\0\0\0\x73\x12\x67\x0d\0\0\0\0\x71\x81\x35\x0d\0\
\0\0\0\x73\x12\x66\x0d\0\0\0\0\x71\x81\x34\x0d\0\0\0\0\x73\x12\x65\x0d\0\0\0\0\
\x71\x81\x33\x0d\0\0\0\0\x73\x12\x64\x0d\0\0\0\0\x71\x81\x32\x0d\0\0\0\0\x73\
\x12\x63\x0d\0\0\0\0\x71\x81\x31\x0d\0\0\0\0\x73\x12\x62\x0d\0\0\0\0\x71\x81\
\x30\x0d\0\0\0\0\x73\x12\x61\x0d\0\0\0\0\x71\x81\x2f\x0d\0\0\0\0\x73\x12\x60\
\x0d\0\0\0\0\x71\x81\x2e\x0d\0\0\0\0\x73\x12\x5f\x0d\0\0\0\0\x71\x81\x2d\x0d\0\
\0\0\0\x73\x12\x5e\x0d\0\0\0\0\x71\x81\x2c\x0d\0\0\0\0\x73\x12\x5d\x0d\0\0\0\0\
\x71\x81\x2b\x0d\0\0\0\0\x73\x12\x5c\x0d\0\0\0\0\x71\x81\x2a\x0d\0\0\0\0\x73\
\x12\x5b\x0d\0\0\0\0\x71\x81\x29\x0d\0\0\0\0\x73\x12\x5a\x0d\0\0\0\0\x71\x81\
\x28\x0d\0\0\0\0\x73\x12\x59\x0d\0\0\0\0\x71\x81\x27\x0d\0\0\0\0\x73\x12\x58\
\x0d\0\0\0\0\x71\x81\x26\x0d\0\0\0\0\x73\x12\x57\x0d\0\0\0\0\x71\x81\x25\x0d\0\
\0\0\0\x73\x12\x56\x0d\0\0\0\0\x71\x81\x24\x0d\0\0\0\0\x73\x12\x55\x0d\0\0\0\0\
\x71\x81\x23\x0d\0\0\0\0\x73\x12\x54\x0d\0\0\0\0\x71\x81\x22\x0d\0\0\0\0\x73\
\x12\x53\x0d\0\0\0\0\x71\x81\x21\x0d\0\0\0\0\x73\x12\x52\x0d\0\0\0\0\x71\x81\
\x20\x0d\0\0\0\0\x73\x12\x51\x0d\0\0\0\0\x71\x81\x1f\x0d\0\0\0\0\x73\x12\x50\
\x0d\0\0\0\0\x71\x81\x1e\x0d\0\0\0\0\x73\x12\x4f\x0d\0\0\0\0\x71\x81\x1d\x0d\0\
\0\0\0\x73\x12\x4e\x0d\0\0\0\0\x71\x81\x1c\x0d\0\0\0\0\x73\x12\x4d\x0d\0\0\0\0\
\x71\x81\x1b\x0d\0\0\0\0\x73\x12\x4c\x0d\0\0\0\0\x71\x81\x1a\x0d\0\0\0\0\x73\
\x12\x4b\x0d\0\0\0\0\x71\x81\x19\x0d\0\0\0\0\x73\x12\x4a\x0d\0\0\0\0\x71\x81\
\x18\x0d\0\0\0\0\x73\x12\x49\x0d\0\0\0\0\x71\x81\x17\x0d\0\0\0\0\x73\x12\x48\
\x0d\0\0\0\0\x71\x81\x16\x0d\0\0\0\0\x73\x12\x47\x0d\0\0\0\0\x71\x81\x15\x0d\0\
\0\0\0\x73\x12\x46\x0d\0\0\0\0\x71\x81\x14\x0d\0\0\0\0\x73\x12\x45\x0d\0\0\0\0\
\x71\x81\x13\x0d\0\0\0\0\x73\x12\x44\x0d\0\0\0\0\x71\x81\x12\x0d\0\0\0\0\x73\
\x12\x43\x0d\0\0\0\0\x71\x81\x11\x0d\0\0\0\0\x73\x12\x42\x0d\0\0\0\0\x71\x81\
\x10\x0d\0\0\0\0\x73\x12\x41\x0d\0\0\0\0\x71\x81\x0f\x0d\0\0\0\0\x73\x12\x40\
\x0d\0\0\0\0\x71\x81\x0e\x0d\0\0\0\0\x73\x12\x3f\x0d\0\0\0\0\x71\x81\x0d\x0d\0\
\0\0\0\x73\x12\x3e\x0d\0\0\0\0\x71\x81\x0c\x0d\0\0\0\0\x73\x12\x3d\x0d\0\0\0\0\
\x71\x81\x0b\x0d\0\0\0\0\x73\x12\x3c\x0d\0\0\0\0\x71\x81\x0a\x0d\0\0\0\0\x73\
\x12\x3b\x0d\0\0\0\0\x71\x81\x09\x0d\0\0\0\0\x73\x12\x3a\x0d\0\0\0\0\x71\x81\
\x08\x0d\0\0\0\0\x73\x12\x39\x0d\0\0\0\0\x71\x81\x07\x0d\0\0\0\0\x73\x12\x38\
\x0d\0\0\0\0\x71\x81\x06\x0d\0\0\0\0\x73\x12\x37\x0d\0\0\0\0\x71\x81\x05\x0d\0\
\0\0\0\x73\x12\x36\x0d\0\0\0\0\x71\x81\x04\x0d\0\0\0\0\x73\x12\x35\x0d\0\0\0\0\
\x71\x81\x03\x0d\0\0\0\0\x73\x12\x34\x0d\0\0\0\0\x71\x81\x02\x0d\0\0\0\0\x73\
\x12\x33\x0d\0\0\0\0\x71\x81\x01\x0d\0\0\0\0\x73\x12\x32\x0d\0\0\0\0\x71\x81\0\
\x0d\0\0\0\0\x73\x12\x31\x0d\0\0\0\0\xa6\x04\x68\x2a\x01\x0e\0\0\xbf\x81\0\0\0\
\0\0\0\x07\x01\0\0\0\x0f\0\0\x2d\x51\x65\x2a\0\0\0\0\x71\x81\xff\x0e\0\0\0\0\
\x79\xa2\xb0\xff\0\0\0\0\x73\x12\x30\x0f\0\0\0\0\x71\x81\xfe\x0e\0\0\0\0\x73\
\x12\x2f\x0f\0\0\0\0\x71\x81\xfd\x0e\0\0\0\0\x73\x12\x2e\x0f\0\0\0\0\x71\x81\
\xfc\x0e\0\0\0\0\x73\x12\x2d\x0f\0\0\0\0\x71\x81\xfb\x0e\0\0\0\0\x73\x12\x2c\
\x0f\0\0\0\0\x71\x81\xfa\x0e\0\0\0\0\x73\x12\x2b\x0f\0\0\0\0\x71\x81\xf9\x0e\0\
\0\0\0\x73\x12\x2a\x0f\0\0\0\0\x71\x81\xf8\x0e\0\0\0\0\x73\x12\x29\x0f\0\0\0\0\
\x71\x81\xf7\x0e\0\0\0\0\x73\x12\x28\x0f\0\0\0\0\x71\x81\xf6\x0e\0\0\0\0\x73\
\x12\x27\x0f\0\0\0\0\x71\x81\xf5\x0e\0\0\0\0\x73\x12\x26\x0f\0\0\0\0\x71\x81\
\xf4\x0e\0\0\0\0\x73\x12\x25\x0f\0\0\0\0\x71\x81\xf3\x0e\0\0\0\0\x73\x12\x24\
\x0f\0\0\0\0\x71\x81\xf2\x0e\0\0\0\0\x73\x12\x23\x0f\0\0\0\0\x71\x81\xf1\x0e\0\
\0\0\0\x73\x12\x22\x0f\0\0\0\0\x71\x81\xf0\x0e\0\0\0\0\x73\x12\x21\x0f\0\0\0\0\
\x71\x81\xef\x0e\0\0\0\0\x73\x12\x20\x0f\0\0\0\0\x71\x81\xee\x0e\0\0\0\0\x73\
\x12\x1f\x0f\0\0\0\0\x71\x81\xed\x0e\0\0\0\0\x73\x12\x1e\x0f\0\0\0\0\x71\x81\
\xec\x0e\0\0\0\0\x73\x12\x1d\x0f\0\0\0\0\x71\x81\xeb\x0e\0\0\0\0\x73\x12\x1c\
\x0f\0\0\0\0\x71\x81\xea\x0e\0\0\0\0\x73\x12\x1b\x0f\0\0\0\0\x71\x81\xe9\x0e\0\
\0\0\0\x73\x12\x1a\x0f\0\0\0\0\x71\x81\xe8\x0e\0\0\0\0\x73\x12\x19\x0f\0\0\0\0\
\x71\x81\xe7\x0e\0\0\0\0\x73\x12\x18\x0f\0\0\0\0\x71\x81\xe6\x0e\0\0\0\0\x73\
\x12\x17\x0f\0\0\0\0\x71\x81\xe5\x0e\0\0\0\0\x73\x12\x16\x0f\0\0\0\0\x71\x81\
\xe4\x0e\0\0\0\0\x73\x12\x15\x0f\0\0\0\0\x71\x81\xe3\x0e\0\0\0\0\x73\x12\x14\
\x0f\0\0\0\0\x71\x81\xe2\x0e\0\0\0\0\x73\x12\x13\x0f\0\0\0\0\x71\x81\xe1\x0e\0\
\0\0\0\x73\x12\x12\x0f\0\0\0\0\x71\x81\xe0\x0e\0\0\0\0\x73\x12\x11\x0f\0\0\0\0\
\x71\x81\xdf\x0e\0\0\0\0\x73\x12\x10\x0f\0\0\0\0\x71\x81\xde\x0e\0\0\0\0\x73\
\x12\x0f\x0f\0\0\0\0\x71\x81\xdd\x0e\0\0\0\0\x73\x12\x0e\x0f\0\0\0\0\x71\x81\
\xdc\x0e\0\0\0\0\x73\x12\x0d\x0f\0\0\0\0\x71\x81\xdb\x0e\0\0\0\0\x73\x12\x0c\
\x0f\0\0\0\0\x71\x81\xda\x0e\0\0\0\0\x73\x12\x0b\x0f\0\0\0\0\x71\x81\xd9\x0e\0\
\0\0\0\x73\x12\x0a\x0f\0\0\0\0\x71\x81\xd8\x0e\0\0\0\0\x73\x12\x09\x0f\0\0\0\0\
\x71\x81\xd7\x0e\0\0\0\0\x73\x12\x08\x0f\0\0\0\0\x71\x81\xd6\x0e\0\0\0\0\x73\
\x12\x07\x0f\0\0\0\0\x71\x81\xd5\x0e\0\0\0\0\x73\x12\x06\x0f\0\0\0\0\x71\x81\
\xd4\x0e\0\0\0\0\x73\x12\x05\x0f\0\0\0\0\x71\x81\xd3\x0e\0\0\0\0\x73\x12\x04\
\x0f\0\0\0\0\x71\x81\xd2\x0e\0\0\0\0\x73\x12\x03\x0f\0\0\0\0\x71\x81\xd1\x0e\0\
\0\0\0\x73\x12\x02\x0f\0\0\0\0\x71\x81\xd0\x0e\0\0\0\0\x73\x12\x01\x0f\0\0\0\0\
\x71\x81\xcf\x0e\0\0\0\0\x73\x12\0\x0f\0\0\0\0\x71\x81\xce\x0e\0\0\0\0\x73\x12\
\xff\x0e\0\0\0\0\x71\x81\xcd\x0e\0\0\0\0\x73\x12\xfe\x0e\0\0\0\0\x71\x81\xcc\
\x0e\0\0\0\0\x73\x12\xfd\x0e\0\0\0\0\x71\x81\xcb\x0e\0\0\0\0\x73\x12\xfc\x0e\0\
\0\0\0\x71\x81\xca\x0e\0\0\0\0\x73\x12\xfb\x0e\0\0\0\0\x71\x81\xc9\x0e\0\0\0\0\
\x73\x12\xfa\x0e\0\0\0\0\x71\x81\xc8\x0e\0\0\0\0\x73\x12\xf9\x0e\0\0\0\0\x71\
\x81\xc7\x0e\0\0\0\0\x73\x12\xf8\x0e\0\0\0\0\x71\x81\xc6\x0e\0\0\0\0\x73\x12\
\xf7\x0e\0\0\0\0\x71\x81\xc5\x0e\0\0\0\0\x73\x12\xf6\x0e\0\0\0\0\x71\x81\xc4\
\x0e\0\0\0\0\x73\x12\xf5\x0e\0\0\0\0\x71\x81\xc3\x0e\0\0\0\0\x73\x12\xf4\x0e\0\
\0\0\0\x71\x81\xc2\x0e\0\0\0\0\x73\x12\xf3\x0e\0\0\0\0\x71\x81\xc1\x0e\0\0\0\0\
\x73\x12\xf2\x0e\0\0\0\0\x71\x81\xc0\x0e\0\0\0\0\x73\x12\xf1\x0e\0\0\0\0\x71\
\x81\xbf\x0e\0\0\0\0\x73\x12\xf0\x0e\0\0\0\0\x71\x81\xbe\x0e\0\0\0\0\x73\x12\
\xef\x0e\0\0\0\0\x71\x81\xbd\x0e\0\0\0\0\x73\x12\xee\x0e\0\0\0\0\x71\x81\xbc\
\x0e\0\0\0\0\x73\x12\xed\x0e\0\0\0\0\x71\x81\xbb\x0e\0\0\0\0\x73\x12\xec\x0e\0\
\0\0\0\x71\x81\xba\x0e\0\0\0\0\x73\x12\xeb\x0e\0\0\0\0\x71\x81\xb9\x0e\0\0\0\0\
\x73\x12\xea\x0e\0\0\0\0\x71\x81\xb8\x0e\0\0\0\0\x73\x12\xe9\x0e\0\0\0\0\x71\
\x81\xb7\x0e\0\0\0\0\x73\x12\xe8\x0e\0\0\0\0\x71\x81\xb6\x0e\0\0\0\0\x73\x12\
\xe7\x0e\0\0\0\0\x71\x81\xb5\x0e\0\0\0\0\x73\x12\xe6\x0e\0\0\0\0\x71\x81\xb4\
\x0e\0\0\0\0\x73\x12\xe5\x0e\0\0\0\0\x71\x81\xb3\x0e\0\0\0\0\x73\x12\xe4\x0e\0\
\0\0\0\x71\x81\xb2\x0e\0\0\0\0\x73\x12\xe3\x0e\0\0\0\0\x71\x81\xb1\x0e\0\0\0\0\
\x73\x12\xe2\x0e\0\0\0\0\x71\x81\xb0\x0e\0\0\0\0\x73\x12\xe1\x0e\0\0\0\0\x71\
\x81\xaf\x0e\0\0\0\0\x73\x12\xe0\x0e\0\0\0\0\x71\x81\xae\x0e\0\0\0\0\x73\x12\
\xdf\x0e\0\0\0\0\x71\x81\xad\x0e\0\0\0\0\x73\x12\xde\x0e\0\0\0\0\x71\x81\xac\
\x0e\0\0\0\0\x73\x12\xdd\x0e\0\0\0\0\x71\x81\xab\x0e\0\0\0\0\x73\x12\xdc\x0e\0\
\0\0\0\x71\x81\xaa\x0e\0\0\0\0\x73\x12\xdb\x0e\0\0\0\0\x71\x81\xa9\x0e\0\0\0\0\
\x73\x12\xda\x0e\0\0\0\0\x71\x81\xa8\x0e\0\0\0\0\x73\x12\xd9\x0e\0\0\0\0\x71\
\x81\xa7\x0e\0\0\0\0\x73\x12\xd8\x0e\0\0\0\0\x71\x81\xa6\x0e\0\0\0\0\x73\x12\
\xd7\x0e\0\0\0\0\x71\x81\xa5\x0e\0\0\0\0\x73\x12\xd6\x0e\0\0\0\0\x71\x81\xa4\
\x0e\0\0\0\0\x73\x12\xd5\x0e\0\0\0\0\x71\x81\xa3\x0e\0\0\0\0\x73\x12\xd4\x0e\0\
\0\0\0\x71\x81\xa2\x0e\0\0\0\0\x73\x12\xd3\x0e\0\0\0\0\x71\x81\xa1\x0e\0\0\0\0\
\x73\x12\xd2\x0e\0\0\0\0\x71\x81\xa0\x0e\0\0\0\0\x73\x12\xd1\x0e\0\0\0\0\x71\
\x81\x9f\x0e\0\0\0\0\x73\x12\xd0\x0e\0\0\0\0\x71\x81\x9e\x0e\0\0\0\0\x73\x12\
\xcf\x0e\0\0\0\0\x71\x81\x9d\x0e\0\0\0\0\x73\x12\xce\x0e\0\0\0\0\x71\x81\x9c\
\x0e\0\0\0\0\x73\x12\xcd\x0e\0\0\0\0\x71\x81\x9b\x0e\0\0\0\0\x73\x12\xcc\x0e\0\
\0\0\0\x71\x81\x9a\x0e\0\0\0\0\x73\x12\xcb\x0e\0\0\0\0\x71\x81\x99\x0e\0\0\0\0\
\x73\x12\xca\x0e\0\0\0\0\x71\x81\x98\x0e\0\0\0\0\x73\x12\xc9\x0e\0\0\0\0\x71\
\x81\x97\x0e\0\0\0\0\x73\x12\xc8\x0e\0\0\0\0\x71\x81\x96\x0e\0\0\0\0\x73\x12\
\xc7\x0e\0\0\0\0\x71\x81\x95\x0e\0\0\0\0\x73\x12\xc6\x0e\0\0\0\0\x71\x81\x94\
\x0e\0\0\0\0\x73\x12\xc5\x0e\0\0\0\0\x71\x81\x93\x0e\0\0\0\0\x73\x12\xc4\x0e\0\
\0\0\0\x71\x81\x92\x0e\0\0\0\0\x73\x12\xc3\x0e\0\0\0\0\x71\x81\x91\x0e\0\0\0\0\
\x73\x12\xc2\x0e\0\0\0\0\x71\x81\x90\x0e\0\0\0\0\x73\x12\xc1\x0e\0\0\0\0\x71\
\x81\x8f\x0e\0\0\0\0\x73\x12\xc0\x0e\0\0\0\0\x71\x81\x8e\x0e\0\0\0\0\x73\x12\
\xbf\x0e\0\0\0\0\x71\x81\x8d\x0e\0\0\0\0\x73\x12\xbe\x0e\0\0\0\0\x71\x81\x8c\
\x0e\0\0\0\0\x73\x12\xbd\x0e\0\0\0\0\x71\x81\x8b\x0e\0\0\0\0\x73\x12\xbc\x0e\0\
\0\0\0\x71\x81\x8a\x0e\0\0\0\0\x73\x12\xbb\x0e\0\0\0\0\x71\x81\x89\x0e\0\0\0\0\
\x73\x12\xba\x0e\0\0\0\0\x71\x81\x88\x0e\0\0\0\0\x73\x12\xb9\x0e\0\0\0\0\x71\
\x81\x87\x0e\0\0\0\0\x73\x12\xb8\x0e\0\0\0\0\x71\x81\x86\x0e\0\0\0\0\x73\x12\
\xb7\x0e\0\0\0\0\x71\x81\x85\x0e\0\0\0\0\x73\x12\xb6\x0e\0\0\0\0\x71\x81\x84\
\x0e\0\0\0\0\x73\x12\xb5\x0e\0\0\0\0\x71\x81\x83\x0e\0\0\0\0\x73\x12\xb4\x0e\0\
\0\0\0\x71\x81\x82\x0e\0\0\0\0\x73\x12\xb3\x0e\0\0\0\0\x71\x81\x81\x0e\0\0\0\0\
\x73\x12\xb2\x0e\0\0\0\0\x71\x81\x80\x0e\0\0\0\0\x73\x12\xb1\x0e\0\0\0\0\x71\
\x81\x7f\x0e\0\0\0\0\x73\x12\xb0\x0e\0\0\0\0\x71\x81\x7e\x0e\0\0\0\0\x73\x12\
\xaf\x0e\0\0\0\0\x71\x81\x7d\x0e\0\0\0\0\x73\x12\xae\x0e\0\0\0\0\x71\x81\x7c\
\x0e\0\0\0\0\x73\x12\xad\x0e\0\0\0\0\x71\x81\x7b\x0e\0\0\0\0\x73\x12\xac\x0e\0\
\0\0\0\x71\x81\x7a\x0e\0\0\0\0\x73\x12\xab\x0e\0\0\0\0\x71\x81\x79\x0e\0\0\0\0\
\x73\x12\xaa\x0e\0\0\0\0\x71\x81\x78\x0e\0\0\0\0\x73\x12\xa9\x0e\0\0\0\0\x71\
\x81\x77\x0e\0\0\0\0\x73\x12\xa8\x0e\0\0\0\0\x71\x81\x76\x0e\0\0\0\0\x73\x12\
\xa7\x0e\0\0\0\0\x71\x81\x75\x0e\0\0\0\0\x73\x12\xa6\x0e\0\0\0\0\x71\x81\x74\
\x0e\0\0\0\0\x73\x12\xa5\x0e\0\0\0\0\x71\x81\x73\x0e\0\0\0\0\x73\x12\xa4\x0e\0\
\0\0\0\x71\x81\x72\x0e\0\0\0\0\x73\x12\xa3\x0e\0\0\0\0\x71\x81\x71\x0e\0\0\0\0\
\x73\x12\xa2\x0e\0\0\0\0\x71\x81\x70\x0e\0\0\0\0\x73\x12\xa1\x0e\0\0\0\0\x71\
\x81\x6f\x0e\0\0\0\0\x73\x12\xa0\x0e\0\0\0\0\x71\x81\x6e\x0e\0\0\0\0\x73\x12\
\x9f\x0e\0\0\0\0\x71\x81\x6d\x0e\0\0\0\0\x73\x12\x9e\x0e\0\0\0\0\x71\x81\x6c\
\x0e\0\0\0\0\x73\x12\x9d\x0e\0\0\0\0\x71\x81\x6b\x0e\0\0\0\0\x73\x12\x9c\x0e\0\
\0\0\0\x71\x81\x6a\x0e\0\0\0\0\x73\x12\x9b\x0e\0\0\0\0\x71\x81\x69\x0e\0\0\0\0\
\x73\x12\x9a\x0e\0\0\0\0\x71\x81\x68\x0e\0\0\0\0\x73\x12\x99\x0e\0\0\0\0\x71\
\x81\x67\x0e\0\0\0\0\x73\x12\x98\x0e\0\0\0\0\x71\x81\x66\x0e\0\0\0\0\x73\x12\
\x97\x0e\0\0\0\0\x71\x81\x65\x0e\0\0\0\0\x73\x12\x96\x0e\0\0\0\0\x71\x81\x64\
\x0e\0\0\0\0\x73\x12\x95\x0e\0\0\0\0\x71\x81\x63\x0e\0\0\0\0\x73\x12\x94\x0e\0\
\0\0\0\x71\x81\x62\x0e\0\0\0\0\x73\x12\x93\x0e\0\0\0\0\x71\x81\x61\x0e\0\0\0\0\
\x73\x12\x92\x0e\0\0\0\0\x71\x81\x60\x0e\0\0\0\0\x73\x12\x91\x0e\0\0\0\0\x71\
\x81\x5f\x0e\0\0\0\0\x73\x12\x90\x0e\0\0\0\0\x71\x81\x5e\x0e\0\0\0\0\x73\x12\
\x8f\x0e\0\0\0\0\x71\x81\x5d\x0e\0\0\0\0\x73\x12\x8e\x0e\0\0\0\0\x71\x81\x5c\
\x0e\0\0\0\0\x73\x12\x8d\x0e\0\0\0\0\x71\x81\x5b\x0e\0\0\0\0\x73\x12\x8c\x0e\0\
\0\0\0\x71\x81\x5a\x0e\0\0\0\0\x73\x12\x8b\x0e\0\0\0\0\x71\x81\x59\x0e\0\0\0\0\
\x73\x12\x8a\x0e\0\0\0\0\x71\x81\x58\x0e\0\0\0\0\x73\x12\x89\x0e\0\0\0\0\x71\
\x81\x57\x0e\0\0\0\0\x73\x12\x88\x0e\0\0\0\0\x71\x81\x56\x0e\0\0\0\0\x73\x12\
\x87\x0e\0\0\0\0\x71\x81\x55\x0e\0\0\0\0\x73\x12\x86\x0e\0\0\0\0\x71\x81\x54\
\x0e\0\0\0\0\x73\x12\x85\x0e\0\0\0\0\x71\x81\x53\x0e\0\0\0\0\x73\x12\x84\x0e\0\
\0\0\0\x71\x81\x52\x0e\0\0\0\0\x73\x12\x83\x0e\0\0\0\0\x71\x81\x51\x0e\0\0\0\0\
\x73\x12\x82\x0e\0\0\0\0\x71\x81\x50\x0e\0\0\0\0\x73\x12\x81\x0e\0\0\0\0\x71\
\x81\x4f\x0e\0\0\0\0\x73\x12\x80\x0e\0\0\0\0\x71\x81\x4e\x0e\0\0\0\0\x73\x12\
\x7f\x0e\0\0\0\0\x71\x81\x4d\x0e\0\0\0\0\x73\x12\x7e\x0e\0\0\0\0\x71\x81\x4c\
\x0e\0\0\0\0\x73\x12\x7d\x0e\0\0\0\0\x71\x81\x4b\x0e\0\0\0\0\x73\x12\x7c\x0e\0\
\0\0\0\x71\x81\x4a\x0e\0\0\0\0\x73\x12\x7b\x0e\0\0\0\0\x71\x81\x49\x0e\0\0\0\0\
\x73\x12\x7a\x0e\0\0\0\0\x71\x81\x48\x0e\0\0\0\0\x73\x12\x79\x0e\0\0\0\0\x71\
\x81\x47\x0e\0\0\0\0\x73\x12\x78\x0e\0\0\0\0\x71\x81\x46\x0e\0\0\0\0\x73\x12\
\x77\x0e\0\0\0\0\x71\x81\x45\x0e\0\0\0\0\x73\x12\x76\x0e\0\0\0\0\x71\x81\x44\
\x0e\0\0\0\0\x73\x12\x75\x0e\0\0\0\0\x71\x81\x43\x0e\0\0\0\0\x73\x12\x74\x0e\0\
\0\0\0\x71\x81\x42\x0e\0\0\0\0\x73\x12\x73\x0e\0\0\0\0\x71\x81\x41\x0e\0\0\0\0\
\x73\x12\x72\x0e\0\0\0\0\x71\x81\x40\x0e\0\0\0\0\x73\x12\x71\x0e\0\0\0\0\x71\
\x81\x3f\x0e\0\0\0\0\x73\x12\x70\x0e\0\0\0\0\x71\x81\x3e\x0e\0\0\0\0\x73\x12\
\x6f\x0e\0\0\0\0\x71\x81\x3d\x0e\0\0\0\0\x73\x12\x6e\x0e\0\0\0\0\x71\x81\x3c\
\x0e\0\0\0\0\x73\x12\x6d\x0e\0\0\0\0\x71\x81\x3b\x0e\0\0\0\0\x73\x12\x6c\x0e\0\
\0\0\0\x71\x81\x3a\x0e\0\0\0\0\x73\x12\x6b\x0e\0\0\0\0\x71\x81\x39\x0e\0\0\0\0\
\x73\x12\x6a\x0e\0\0\0\0\x71\x81\x38\x0e\0\0\0\0\x73\x12\x69\x0e\0\0\0\0\x71\
\x81\x37\x0e\0\0\0\0\x73\x12\x68\x0e\0\0\0\0\x71\x81\x36\x0e\0\0\0\0\x73\x12\
\x67\x0e\0\0\0\0\x71\x81\x35\x0e\0\0\0\0\x73\x12\x66\x0e\0\0\0\0\x71\x81\x34\
\x0e\0\0\0\0\x73\x12\x65\x0e\0\0\0\0\x71\x81\x33\x0e\0\0\0\0\x73\x12\x64\x0e\0\
\0\0\0\x71\x81\x32\x0e\0\0\0\0\x73\x12\x63\x0e\0\0\0\0\x71\x81\x31\x0e\0\0\0\0\
\x73\x12\x62\x0e\0\0\0\0\x71\x81\x30\x0e\0\0\0\0\x73\x12\x61\x0e\0\0\0\0\x71\
\x81\x2f\x0e\0\0\0\0\x73\x12\x60\x0e\0\0\0\0\x71\x81\x2e\x0e\0\0\0\0\x73\x12\
\x5f\x0e\0\0\0\0\x71\x81\x2d\x0e\0\0\0\0\x73\x12\x5e\x0e\0\0\0\0\x71\x81\x2c\
\x0e\0\0\0\0\x73\x12\x5d\x0e\0\0\0\0\x71\x81\x2b\x0e\0\0\0\0\x73\x12\x5c\x0e\0\
\0\0\0\x71\x81\x2a\x0e\0\0\0\0\x73\x12\x5b\x0e\0\0\0\0\x71\x81\x29\x0e\0\0\0\0\
\x73\x12\x5a\x0e\0\0\0\0\x71\x81\x28\x0e\0\0\0\0\x73\x12\x59\x0e\0\0\0\0\x71\
\x81\x27\x0e\0\0\0\0\x73\x12\x58\x0e\0\0\0\0\x71\x81\x26\x0e\0\0\0\0\x73\x12\
\x57\x0e\0\0\0\0\x71\x81\x25\x0e\0\0\0\0\x73\x12\x56\x0e\0\0\0\0\x71\x81\x24\
\x0e\0\0\0\0\x73\x12\x55\x0e\0\0\0\0\x71\x81\x23\x0e\0\0\0\0\x73\x12\x54\x0e\0\
\0\0\0\x71\x81\x22\x0e\0\0\0\0\x73\x12\x53\x0e\0\0\0\0\x71\x81\x21\x0e\0\0\0\0\
\x73\x12\x52\x0e\0\0\0\0\x71\x81\x20\x0e\0\0\0\0\x73\x12\x51\x0e\0\0\0\0\x71\
\x81\x1f\x0e\0\0\0\0\x73\x12\x50\x0e\0\0\0\0\x71\x81\x1e\x0e\0\0\0\0\x73\x12\
\x4f\x0e\0\0\0\0\x71\x81\x1d\x0e\0\0\0\0\x73\x12\x4e\x0e\0\0\0\0\x71\x81\x1c\
\x0e\0\0\0\0\x73\x12\x4d\x0e\0\0\0\0\x71\x81\x1b\x0e\0\0\0\0\x73\x12\x4c\x0e\0\
\0\0\0\x71\x81\x1a\x0e\0\0\0\0\x73\x12\x4b\x0e\0\0\0\0\x71\x81\x19\x0e\0\0\0\0\
\x73\x12\x4a\x0e\0\0\0\0\x71\x81\x18\x0e\0\0\0\0\x73\x12\x49\x0e\0\0\0\0\x71\
\x81\x17\x0e\0\0\0\0\x73\x12\x48\x0e\0\0\0\0\x71\x81\x16\x0e\0\0\0\0\x73\x12\
\x47\x0e\0\0\0\0\x71\x81\x15\x0e\0\0\0\0\x73\x12\x46\x0e\0\0\0\0\x71\x81\x14\
\x0e\0\0\0\0\x73\x12\x45\x0e\0\0\0\0\x71\x81\x13\x0e\0\0\0\0\x73\x12\x44\x0e\0\
\0\0\0\x71\x81\x12\x0e\0\0\0\0\x73\x12\x43\x0e\0\0\0\0\x71\x81\x11\x0e\0\0\0\0\
\x73\x12\x42\x0e\0\0\0\0\x71\x81\x10\x0e\0\0\0\0\x73\x12\x41\x0e\0\0\0\0\x71\
\x81\x0f\x0e\0\0\0\0\x73\x12\x40\x0e\0\0\0\0\x71\x81\x0e\x0e\0\0\0\0\x73\x12\
\x3f\x0e\0\0\0\0\x71\x81\x0d\x0e\0\0\0\0\x73\x12\x3e\x0e\0\0\0\0\x71\x81\x0c\
\x0e\0\0\0\0\x73\x12\x3d\x0e\0\0\0\0\x71\x81\x0b\x0e\0\0\0\0\x73\x12\x3c\x0e\0\
\0\0\0\x71\x81\x0a\x0e\0\0\0\0\x73\x12\x3b\x0e\0\0\0\0\x71\x81\x09\x0e\0\0\0\0\
\x73\x12\x3a\x0e\0\0\0\0\x71\x81\x08\x0e\0\0\0\0\x73\x12\x39\x0e\0\0\0\0\x71\
\x81\x07\x0e\0\0\0\0\x73\x12\x38\x0e\0\0\0\0\x71\x81\x06\x0e\0\0\0\0\x73\x12\
\x37\x0e\0\0\0\0\x71\x81\x05\x0e\0\0\0\0\x73\x12\x36\x0e\0\0\0\0\x71\x81\x04\
\x0e\0\0\0\0\x73\x12\x35\x0e\0\0\0\0\x71\x81\x03\x0e\0\0\0\0\x73\x12\x34\x0e\0\
\0\0\0\x71\x81\x02\x0e\0\0\0\0\x73\x12\x33\x0e\0\0\0\0\x71\x81\x01\x0e\0\0\0\0\
\x73\x12\x32\x0e\0\0\0\0\x71\x81\0\x0e\0\0\0\0\x73\x12\x31\x0e\0\0\0\0\xa6\x04\
\x63\x28\x01\x0f\0\0\xbf\x81\0\0\0\0\0\0\x07\x01\0\0\0\x10\0\0\x2d\x51\x60\x28\
\0\0\0\0\x71\x81\xff\x0f\0\0\0\0\x79\xa2\xb0\xff\0\0\0\0\x73\x12\x30\x10\0\0\0\
\0\x71\x81\xfe\x0f\0\0\0\0\x73\x12\x2f\x10\0\0\0\0\x71\x81\xfd\x0f\0\0\0\0\x73\
\x12\x2e\x10\0\0\0\0\x71\x81\xfc\x0f\0\0\0\0\x73\x12\x2d\x10\0\0\0\0\x71\x81\
\xfb\x0f\0\0\0\0\x73\x12\x2c\x10\0\0\0\0\x71\x81\xfa\x0f\0\0\0\0\x73\x12\x2b\
\x10\0\0\0\0\x71\x81\xf9\x0f\0\0\0\0\x73\x12\x2a\x10\0\0\0\0\x71\x81\xf8\x0f\0\
\0\0\0\x73\x12\x29\x10\0\0\0\0\x71\x81\xf7\x0f\0\0\0\0\x73\x12\x28\x10\0\0\0\0\
\x71\x81\xf6\x0f\0\0\0\0\x73\x12\x27\x10\0\0\0\0\x71\x81\xf5\x0f\0\0\0\0\x73\
\x12\x26\x10\0\0\0\0\x71\x81\xf4\x0f\0\0\0\0\x73\x12\x25\x10\0\0\0\0\x71\x81\
\xf3\x0f\0\0\0\0\x73\x12\x24\x10\0\0\0\0\x71\x81\xf2\x0f\0\0\0\0\x73\x12\x23\
\x10\0\0\0\0\x71\x81\xf1\x0f\0\0\0\0\x73\x12\x22\x10\0\0\0\0\x71\x81\xf0\x0f\0\
\0\0\0\x73\x12\x21\x10\0\0\0\0\x71\x81\xef\x0f\0\0\0\0\x73\x12\x20\x10\0\0\0\0\
\x71\x81\xee\x0f\0\0\0\0\x73\x12\x1f\x10\0\0\0\0\x71\x81\xed\x0f\0\0\0\0\x73\
\x12\x1e\x10\0\0\0\0\x71\x81\xec\x0f\0\0\0\0\x73\x12\x1d\x10\0\0\0\0\x71\x81\
\xeb\x0f\0\0\0\0\x73\x12\x1c\x10\0\0\0\0\x71\x81\xea\x0f\0\0\0\0\x73\x12\x1b\
\x10\0\0\0\0\x71\x81\xe9\x0f\0\0\0\0\x73\x12\x1a\x10\0\0\0\0\x71\x81\xe8\x0f\0\
\0\0\0\x73\x12\x19\x10\0\0\0\0\x71\x81\xe7\x0f\0\0\0\0\x73\x12\x18\x10\0\0\0\0\
\x71\x81\xe6\x0f\0\0\0\0\x73\x12\x17\x10\0\0\0\0\x71\x81\xe5\x0f\0\0\0\0\x73\
\x12\x16\x10\0\0\0\0\x71\x81\xe4\x0f\0\0\0\0\x73\x12\x15\x10\0\0\0\0\x71\x81\
\xe3\x0f\0\0\0\0\x73\x12\x14\x10\0\0\0\0\x71\x81\xe2\x0f\0\0\0\0\x73\x12\x13\
\x10\0\0\0\0\x71\x81\xe1\x0f\0\0\0\0\x73\x12\x12\x10\0\0\0\0\x71\x81\xe0\x0f\0\
\0\0\0\x73\x12\x11\x10\0\0\0\0\x71\x81\xdf\x0f\0\0\0\0\x73\x12\x10\x10\0\0\0\0\
\x71\x81\xde\x0f\0\0\0\0\x73\x12\x0f\x10\0\0\0\0\x71\x81\xdd\x0f\0\0\0\0\x73\
\x12\x0e\x10\0\0\0\0\x71\x81\xdc\x0f\0\0\0\0\x73\x12\x0d\x10\0\0\0\0\x71\x81\
\xdb\x0f\0\0\0\0\x73\x12\x0c\x10\0\0\0\0\x71\x81\xda\x0f\0\0\0\0\x73\x12\x0b\
\x10\0\0\0\0\x71\x81\xd9\x0f\0\0\0\0\x73\x12\x0a\x10\0\0\0\0\x71\x81\xd8\x0f\0\
\0\0\0\x73\x12\x09\x10\0\0\0\0\x71\x81\xd7\x0f\0\0\0\0\x73\x12\x08\x10\0\0\0\0\
\x71\x81\xd6\x0f\0\0\0\0\x73\x12\x07\x10\0\0\0\0\x71\x81\xd5\x0f\0\0\0\0\x73\
\x12\x06\x10\0\0\0\0\x71\x81\xd4\x0f\0\0\0\0\x73\x12\x05\x10\0\0\0\0\x71\x81\
\xd3\x0f\0\0\0\0\x73\x12\x04\x10\0\0\0\0\x71\x81\xd2\x0f\0\0\0\0\x73\x12\x03\
\x10\0\0\0\0\x71\x81\xd1\x0f\0\0\0\0\x73\x12\x02\x10\0\0\0\0\x71\x81\xd0\x0f\0\
\0\0\0\x73\x12\x01\x10\0\0\0\0\x71\x81\xcf\x0f\0\0\0\0\x73\x12\0\x10\0\0\0\0\
\x71\x81\xce\x0f\0\0\0\0\x73\x12\xff\x0f\0\0\0\0\x71\x81\xcd\x0f\0\0\0\0\x73\
\x12\xfe\x0f\0\0\0\0\x71\x81\xcc\x0f\0\0\0\0\x73\x12\xfd\x0f\0\0\0\0\x71\x81\
\xcb\x0f\0\0\0\0\x73\x12\xfc\x0f\0\0\0\0\x71\x81\xca\x0f\0\0\0\0\x73\x12\xfb\
\x0f\0\0\0\0\x71\x81\xc9\x0f\0\0\0\0\x73\x12\xfa\x0f\0\0\0\0\x71\x81\xc8\x0f\0\
\0\0\0\x73\x12\xf9\x0f\0\0\0\0\x71\x81\xc7\x0f\0\0\0\0\x73\x12\xf8\x0f\0\0\0\0\
\x71\x81\xc6\x0f\0\0\0\0\x73\x12\xf7\x0f\0\0\0\0\x71\x81\xc5\x0f\0\0\0\0\x73\
\x12\xf6\x0f\0\0\0\0\x71\x81\xc4\x0f\0\0\0\0\x73\x12\xf5\x0f\0\0\0\0\x71\x81\
\xc3\x0f\0\0\0\0\x73\x12\xf4\x0f\0\0\0\0\x71\x81\xc2\x0f\0\0\0\0\x73\x12\xf3\
\x0f\0\0\0\0\x71\x81\xc1\x0f\0\0\0\0\x73\x12\xf2\x0f\0\0\0\0\x71\x81\xc0\x0f\0\
\0\0\0\x73\x12\xf1\x0f\0\0\0\0\x71\x81\xbf\x0f\0\0\0\0\x73\x12\xf0\x0f\0\0\0\0\
\x71\x81\xbe\x0f\0\0\0\0\x73\x12\xef\x0f\0\0\0\0\x71\x81\xbd\x0f\0\0\0\0\x73\
\x12\xee\x0f\0\0\0\0\x71\x81\xbc\x0f\0\0\0\0\x73\x12\xed\x0f\0\0\0\0\x71\x81\
\xbb\x0f\0\0\0\0\x73\x12\xec\x0f\0\0\0\0\x71\x81\xba\x0f\0\0\0\0\x73\x12\xeb\
\x0f\0\0\0\0\x71\x81\xb9\x0f\0\0\0\0\x73\x12\xea\x0f\0\0\0\0\x71\x81\xb8\x0f\0\
\0\0\0\x73\x12\xe9\x0f\0\0\0\0\x71\x81\xb7\x0f\0\0\0\0\x73\x12\xe8\x0f\0\0\0\0\
\x71\x81\xb6\x0f\0\0\0\0\x73\x12\xe7\x0f\0\0\0\0\x71\x81\xb5\x0f\0\0\0\0\x73\
\x12\xe6\x0f\0\0\0\0\x71\x81\xb4\x0f\0\0\0\0\x73\x12\xe5\x0f\0\0\0\0\x71\x81\
\xb3\x0f\0\0\0\0\x73\x12\xe4\x0f\0\0\0\0\x71\x81\xb2\x0f\0\0\0\0\x73\x12\xe3\
\x0f\0\0\0\0\x71\x81\xb1\x0f\0\0\0\0\x73\x12\xe2\x0f\0\0\0\0\x71\x81\xb0\x0f\0\
\0\0\0\x73\x12\xe1\x0f\0\0\0\0\x71\x81\xaf\x0f\0\0\0\0\x73\x12\xe0\x0f\0\0\0\0\
\x71\x81\xae\x0f\0\0\0\0\x73\x12\xdf\x0f\0\0\0\0\x71\x81\xad\x0f\0\0\0\0\x73\
\x12\xde\x0f\0\0\0\0\x71\x81\xac\x0f\0\0\0\0\x73\x12\xdd\x0f\0\0\0\0\x71\x81\
\xab\x0f\0\0\0\0\x73\x12\xdc\x0f\0\0\0\0\x71\x81\xaa\x0f\0\0\0\0\x73\x12\xdb\
\x0f\0\0\0\0\x71\x81\xa9\x0f\0\0\0\0\x73\x12\xda\x0f\0\0\0\0\x71\x81\xa8\x0f\0\
\0\0\0\x73\x12\xd9\x0f\0\0\0\0\x71\x81\xa7\x0f\0\0\0\0\x73\x12\xd8\x0f\0\0\0\0\
\x71\x81\xa6\x0f\0\0\0\0\x73\x12\xd7\x0f\0\0\0\0\x71\x81\xa5\x0f\0\0\0\0\x73\
\x12\xd6\x0f\0\0\0\0\x71\x81\xa4\x0f\0\0\0\0\x73\x12\xd5\x0f\0\0\0\0\x71\x81\
\xa3\x0f\0\0\0\0\x73\x12\xd4\x0f\0\0\0\0\x71\x81\xa2\x0f\0\0\0\0\x73\x12\xd3\
\x0f\0\0\0\0\x71\x81\xa1\x0f\0\0\0\0\x73\x12\xd2\x0f\0\0\0\0\x71\x81\xa0\x0f\0\
\0\0\0\x73\x12\xd1\x0f\0\0\0\0\x71\x81\x9f\x0f\0\0\0\0\x73\x12\xd0\x0f\0\0\0\0\
\x71\x81\x9e\x0f\0\0\0\0\x73\x12\xcf\x0f\0\0\0\0\x71\x81\x9d\x0f\0\0\0\0\x73\
\x12\xce\x0f\0\0\0\0\x71\x81\x9c\x0f\0\0\0\0\x73\x12\xcd\x0f\0\0\0\0\x71\x81\
\x9b\x0f\0\0\0\0\x73\x12\xcc\x0f\0\0\0\0\x71\x81\x9a\x0f\0\0\0\0\x73\x12\xcb\
\x0f\0\0\0\0\x71\x81\x99\x0f\0\0\0\0\x73\x12\xca\x0f\0\0\0\0\x71\x81\x98\x0f\0\
\0\0\0\x73\x12\xc9\x0f\0\0\0\0\x71\x81\x97\x0f\0\0\0\0\x73\x12\xc8\x0f\0\0\0\0\
\x71\x81\x96\x0f\0\0\0\0\x73\x12\xc7\x0f\0\0\0\0\x71\x81\x95\x0f\0\0\0\0\x73\
\x12\xc6\x0f\0\0\0\0\x71\x81\x94\x0f\0\0\0\0\x73\x12\xc5\x0f\0\0\0\0\x71\x81\
\x93\x0f\0\0\0\0\x73\x12\xc4\x0f\0\0\0\0\x71\x81\x92\x0f\0\0\0\0\x73\x12\xc3\
\x0f\0\0\0\0\x71\x81\x91\x0f\0\0\0\0\x73\x12\xc2\x0f\0\0\0\0\x71\x81\x90\x0f\0\
\0\0\0\x73\x12\xc1\x0f\0\0\0\0\x71\x81\x8f\x0f\0\0\0\0\x73\x12\xc0\x0f\0\0\0\0\
\x71\x81\x8e\x0f\0\0\0\0\x73\x12\xbf\x0f\0\0\0\0\x71\x81\x8d\x0f\0\0\0\0\x73\
\x12\xbe\x0f\0\0\0\0\x71\x81\x8c\x0f\0\0\0\0\x73\x12\xbd\x0f\0\0\0\0\x71\x81\
\x8b\x0f\0\0\0\0\x73\x12\xbc\x0f\0\0\0\0\x71\x81\x8a\x0f\0\0\0\0\x73\x12\xbb\
\x0f\0\0\0\0\x71\x81\x89\x0f\0\0\0\0\x73\x12\xba\x0f\0\0\0\0\x71\x81\x88\x0f\0\
\0\0\0\x73\x12\xb9\x0f\0\0\0\0\x71\x81\x87\x0f\0\0\0\0\x73\x12\xb8\x0f\0\0\0\0\
\x71\x81\x86\x0f\0\0\0\0\x73\x12\xb7\x0f\0\0\0\0\x71\x81\x85\x0f\0\0\0\0\x73\
\x12\xb6\x0f\0\0\0\0\x71\x81\x84\x0f\0\0\0\0\x73\x12\xb5\x0f\0\0\0\0\x71\x81\
\x83\x0f\0\0\0\0\x73\x12\xb4\x0f\0\0\0\0\x71\x81\x82\x0f\0\0\0\0\x73\x12\xb3\
\x0f\0\0\0\0\x71\x81\x81\x0f\0\0\0\0\x73\x12\xb2\x0f\0\0\0\0\x71\x81\x80\x0f\0\
\0\0\0\x73\x12\xb1\x0f\0\0\0\0\x71\x81\x7f\x0f\0\0\0\0\x73\x12\xb0\x0f\0\0\0\0\
\x71\x81\x7e\x0f\0\0\0\0\x73\x12\xaf\x0f\0\0\0\0\x71\x81\x7d\x0f\0\0\0\0\x73\
\x12\xae\x0f\0\0\0\0\x71\x81\x7c\x0f\0\0\0\0\x73\x12\xad\x0f\0\0\0\0\x71\x81\
\x7b\x0f\0\0\0\0\x73\x12\xac\x0f\0\0\0\0\x71\x81\x7a\x0f\0\0\0\0\x73\x12\xab\
\x0f\0\0\0\0\x71\x81\x79\x0f\0\0\0\0\x73\x12\xaa\x0f\0\0\0\0\x71\x81\x78\x0f\0\
\0\0\0\x73\x12\xa9\x0f\0\0\0\0\x71\x81\x77\x0f\0\0\0\0\x73\x12\xa8\x0f\0\0\0\0\
\x71\x81\x76\x0f\0\0\0\0\x73\x12\xa7\x0f\0\0\0\0\x71\x81\x75\x0f\0\0\0\0\x73\
\x12\xa6\x0f\0\0\0\0\x71\x81\x74\x0f\0\0\0\0\x73\x12\xa5\x0f\0\0\0\0\x71\x81\
\x73\x0f\0\0\0\0\x73\x12\xa4\x0f\0\0\0\0\x71\x81\x72\x0f\0\0\0\0\x73\x12\xa3\
\x0f\0\0\0\0\x71\x81\x71\x0f\0\0\0\0\x73\x12\xa2\x0f\0\0\0\0\x71\x81\x70\x0f\0\
\0\0\0\x73\x12\xa1\x0f\0\0\0\0\x71\x81\x6f\x0f\0\0\0\0\x73\x12\xa0\x0f\0\0\0\0\
\x71\x81\x6e\x0f\0\0\0\0\x73\x12\x9f\x0f\0\0\0\0\x71\x81\x6d\x0f\0\0\0\0\x73\
\x12\x9e\x0f\0\0\0\0\x71\x81\x6c\x0f\0\0\0\0\x73\x12\x9d\x0f\0\0\0\0\x71\x81\
\x6b\x0f\0\0\0\0\x73\x12\x9c\x0f\0\0\0\0\x71\x81\x6a\x0f\0\0\0\0\x73\x12\x9b\
\x0f\0\0\0\0\x71\x81\x69\x0f\0\0\0\0\x73\x12\x9a\x0f\0\0\0\0\x71\x81\x68\x0f\0\
\0\0\0\x73\x12\x99\x0f\0\0\0\0\x71\x81\x67\x0f\0\0\0\0\x73\x12\x98\x0f\0\0\0\0\
\x71\x81\x66\x0f\0\0\0\0\x73\x12\x97\x0f\0\0\0\0\x71\x81\x65\x0f\0\0\0\0\x73\
\x12\x96\x0f\0\0\0\0\x71\x81\x64\x0f\0\0\0\0\x73\x12\x95\x0f\0\0\0\0\x71\x81\
\x63\x0f\0\0\0\0\x73\x12\x94\x0f\0\0\0\0\x71\x81\x62\x0f\0\0\0\0\x73\x12\x93\
\x0f\0\0\0\0\x71\x81\x61\x0f\0\0\0\0\x73\x12\x92\x0f\0\0\0\0\x71\x81\x60\x0f\0\
\0\0\0\x73\x12\x91\x0f\0\0\0\0\x71\x81\x5f\x0f\0\0\0\0\x73\x12\x90\x0f\0\0\0\0\
\x71\x81\x5e\x0f\0\0\0\0\x73\x12\x8f\x0f\0\0\0\0\x71\x81\x5d\x0f\0\0\0\0\x73\
\x12\x8e\x0f\0\0\0\0\x71\x81\x5c\x0f\0\0\0\0\x73\x12\x8d\x0f\0\0\0\0\x71\x81\
\x5b\x0f\0\0\0\0\x73\x12\x8c\x0f\0\0\0\0\x71\x81\x5a\x0f\0\0\0\0\x73\x12\x8b\
\x0f\0\0\0\0\x71\x81\x59\x0f\0\0\0\0\x73\x12\x8a\x0f\0\0\0\0\x71\x81\x58\x0f\0\
\0\0\0\x73\x12\x89\x0f\0\0\0\0\x71\x81\x57\x0f\0\0\0\0\x73\x12\x88\x0f\0\0\0\0\
\x71\x81\x56\x0f\0\0\0\0\x73\x12\x87\x0f\0\0\0\0\x71\x81\x55\x0f\0\0\0\0\x73\
\x12\x86\x0f\0\0\0\0\x71\x81\x54\x0f\0\0\0\0\x73\x12\x85\x0f\0\0\0\0\x71\x81\
\x53\x0f\0\0\0\0\x73\x12\x84\x0f\0\0\0\0\x71\x81\x52\x0f\0\0\0\0\x73\x12\x83\
\x0f\0\0\0\0\x71\x81\x51\x0f\0\0\0\0\x73\x12\x82\x0f\0\0\0\0\x71\x81\x50\x0f\0\
\0\0\0\x73\x12\x81\x0f\0\0\0\0\x71\x81\x4f\x0f\0\0\0\0\x73\x12\x80\x0f\0\0\0\0\
\x71\x81\x4e\x0f\0\0\0\0\x73\x12\x7f\x0f\0\0\0\0\x71\x81\x4d\x0f\0\0\0\0\x73\
\x12\x7e\x0f\0\0\0\0\x71\x81\x4c\x0f\0\0\0\0\x73\x12\x7d\x0f\0\0\0\0\x71\x81\
\x4b\x0f\0\0\0\0\x73\x12\x7c\x0f\0\0\0\0\x71\x81\x4a\x0f\0\0\0\0\x73\x12\x7b\
\x0f\0\0\0\0\x71\x81\x49\x0f\0\0\0\0\x73\x12\x7a\x0f\0\0\0\0\x71\x81\x48\x0f\0\
\0\0\0\x73\x12\x79\x0f\0\0\0\0\x71\x81\x47\x0f\0\0\0\0\x73\x12\x78\x0f\0\0\0\0\
\x71\x81\x46\x0f\0\0\0\0\x73\x12\x77\x0f\0\0\0\0\x71\x81\x45\x0f\0\0\0\0\x73\
\x12\x76\x0f\0\0\0\0\x71\x81\x44\x0f\0\0\0\0\x73\x12\x75\x0f\0\0\0\0\x71\x81\
\x43\x0f\0\0\0\0\x73\x12\x74\x0f\0\0\0\0\x71\x81\x42\x0f\0\0\0\0\x73\x12\x73\
\x0f\0\0\0\0\x71\x81\x41\x0f\0\0\0\0\x73\x12\x72\x0f\0\0\0\0\x71\x81\x40\x0f\0\
\0\0\0\x73\x12\x71\x0f\0\0\0\0\x71\x81\x3f\x0f\0\0\0\0\x73\x12\x70\x0f\0\0\0\0\
\x71\x81\x3e\x0f\0\0\0\0\x73\x12\x6f\x0f\0\0\0\0\x71\x81\x3d\x0f\0\0\0\0\x73\
\x12\x6e\x0f\0\0\0\0\x71\x81\x3c\x0f\0\0\0\0\x73\x12\x6d\x0f\0\0\0\0\x71\x81\
\x3b\x0f\0\0\0\0\x73\x12\x6c\x0f\0\0\0\0\x71\x81\x3a\x0f\0\0\0\0\x73\x12\x6b\
\x0f\0\0\0\0\x71\x81\x39\x0f\0\0\0\0\x73\x12\x6a\x0f\0\0\0\0\x71\x81\x38\x0f\0\
\0\0\0\x73\x12\x69\x0f\0\0\0\0\x71\x81\x37\x0f\0\0\0\0\x73\x12\x68\x0f\0\0\0\0\
\x71\x81\x36\x0f\0\0\0\0\x73\x12\x67\x0f\0\0\0\0\x71\x81\x35\x0f\0\0\0\0\x73\
\x12\x66\x0f\0\0\0\0\x71\x81\x34\x0f\0\0\0\0\x73\x12\x65\x0f\0\0\0\0\x71\x81\
\x33\x0f\0\0\0\0\x73\x12\x64\x0f\0\0\0\0\x71\x81\x32\x0f\0\0\0\0\x73\x12\x63\
\x0f\0\0\0\0\x71\x81\x31\x0f\0\0\0\0\x73\x12\x62\x0f\0\0\0\0\x71\x81\x30\x0f\0\
\0\0\0\x73\x12\x61\x0f\0\0\0\0\x71\x81\x2f\x0f\0\0\0\0\x73\x12\x60\x0f\0\0\0\0\
\x71\x81\x2e\x0f\0\0\0\0\x73\x12\x5f\x0f\0\0\0\0\x71\x81\x2d\x0f\0\0\0\0\x73\
\x12\x5e\x0f\0\0\0\0\x71\x81\x2c\x0f\0\0\0\0\x73\x12\x5d\x0f\0\0\0\0\x71\x81\
\x2b\x0f\0\0\0\0\x73\x12\x5c\x0f\0\0\0\0\x71\x81\x2a\x0f\0\0\0\0\x73\x12\x5b\
\x0f\0\0\0\0\x71\x81\x29\x0f\0\0\0\0\x73\x12\x5a\x0f\0\0\0\0\x71\x81\x28\x0f\0\
\0\0\0\x73\x12\x59\x0f\0\0\0\0\x71\x81\x27\x0f\0\0\0\0\x73\x12\x58\x0f\0\0\0\0\
\x71\x81\x26\x0f\0\0\0\0\x73\x12\x57\x0f\0\0\0\0\x71\x81\x25\x0f\0\0\0\0\x73\
\x12\x56\x0f\0\0\0\0\x71\x81\x24\x0f\0\0\0\0\x73\x12\x55\x0f\0\0\0\0\x71\x81\
\x23\x0f\0\0\0\0\x73\x12\x54\x0f\0\0\0\0\x71\x81\x22\x0f\0\0\0\0\x73\x12\x53\
\x0f\0\0\0\0\x71\x81\x21\x0f\0\0\0\0\x73\x12\x52\x0f\0\0\0\0\x71\x81\x20\x0f\0\
\0\0\0\x73\x12\x51\x0f\0\0\0\0\x71\x81\x1f\x0f\0\0\0\0\x73\x12\x50\x0f\0\0\0\0\
\x71\x81\x1e\x0f\0\0\0\0\x73\x12\x4f\x0f\0\0\0\0\x71\x81\x1d\x0f\0\0\0\0\x73\
\x12\x4e\x0f\0\0\0\0\x71\x81\x1c\x0f\0\0\0\0\x73\x12\x4d\x0f\0\0\0\0\x71\x81\
\x1b\x0f\0\0\0\0\x73\x12\x4c\x0f\0\0\0\0\x71\x81\x1a\x0f\0\0\0\0\x73\x12\x4b\
\x0f\0\0\0\0\x71\x81\x19\x0f\0\0\0\0\x73\x12\x4a\x0f\0\0\0\0\x71\x81\x18\x0f\0\
\0\0\0\x73\x12\x49\x0f\0\0\0\0\x71\x81\x17\x0f\0\0\0\0\x73\x12\x48\x0f\0\0\0\0\
\x71\x81\x16\x0f\0\0\0\0\x73\x12\x47\x0f\0\0\0\0\x71\x81\x15\x0f\0\0\0\0\x73\
\x12\x46\x0f\0\0\0\0\x71\x81\x14\x0f\0\0\0\0\x73\x12\x45\x0f\0\0\0\0\x71\x81\
\x13\x0f\0\0\0\0\x73\x12\x44\x0f\0\0\0\0\x71\x81\x12\x0f\0\0\0\0\x73\x12\x43\
\x0f\0\0\0\0\x71\x81\x11\x0f\0\0\0\0\x73\x12\x42\x0f\0\0\0\0\x71\x81\x10\x0f\0\
\0\0\0\x73\x12\x41\x0f\0\0\0\0\x71\x81\x0f\x0f\0\0\0\0\x73\x12\x40\x0f\0\0\0\0\
\x71\x81\x0e\x0f\0\0\0\0\x73\x12\x3f\x0f\0\0\0\0\x71\x81\x0d\x0f\0\0\0\0\x73\
\x12\x3e\x0f\0\0\0\0\x71\x81\x0c\x0f\0\0\0\0\x73\x12\x3d\x0f\0\0\0\0\x71\x81\
\x0b\x0f\0\0\0\0\x73\x12\x3c\x0f\0\0\0\0\x71\x81\x0a\x0f\0\0\0\0\x73\x12\x3b\
\x0f\0\0\0\0\x71\x81\x09\x0f\0\0\0\0\x73\x12\x3a\x0f\0\0\0\0\x71\x81\x08\x0f\0\
\0\0\0\x73\x12\x39\x0f\0\0\0\0\x71\x81\x07\x0f\0\0\0\0\x73\x12\x38\x0f\0\0\0\0\
\x71\x81\x06\x0f\0\0\0\0\x73\x12\x37\x0f\0\0\0\0\x71\x81\x05\x0f\0\0\0\0\x73\
\x12\x36\x0f\0\0\0\0\x71\x81\x04\x0f\0\0\0\0\x73\x12\x35\x0f\0\0\0\0\x71\x81\
\x03\x0f\0\0\0\0\x73\x12\x34\x0f\0\0\0\0\x71\x81\x02\x0f\0\0\0\0\x73\x12\x33\
\x0f\0\0\0\0\x71\x81\x01\x0f\0\0\0\0\x73\x12\x32\x0f\0\0\0\0\x71\x81\0\x0f\0\0\
\0\0\x73\x12\x31\x0f\0\0\0\0\xa6\x04\x5e\x26\x01\x10\0\0\xbf\x81\0\0\0\0\0\0\
\x07\x01\0\0\0\x11\0\0\x2d\x51\x5b\x26\0\0\0\0\x71\x81\xff\x10\0\0\0\0\x79\xa2\
\xb0\xff\0\0\0\0\x73\x12\x30\x11\0\0\0\0\x71\x81\xfe\x10\0\0\0\0\x73\x12\x2f\
\x11\0\0\0\0\x71\x81\xfd\x10\0\0\0\0\x73\x12\x2e\x11\0\0\0\0\x71\x81\xfc\x10\0\
\0\0\0\x73\x12\x2d\x11\0\0\0\0\x71\x81\xfb\x10\0\0\0\0\x73\x12\x2c\x11\0\0\0\0\
\x71\x81\xfa\x10\0\0\0\0\x73\x12\x2b\x11\0\0\0\0\x71\x81\xf9\x10\0\0\0\0\x73\
\x12\x2a\x11\0\0\0\0\x71\x81\xf8\x10\0\0\0\0\x73\x12\x29\x11\0\0\0\0\x71\x81\
\xf7\x10\0\0\0\0\x73\x12\x28\x11\0\0\0\0\x71\x81\xf6\x10\0\0\0\0\x73\x12\x27\
\x11\0\0\0\0\x71\x81\xf5\x10\0\0\0\0\x73\x12\x26\x11\0\0\0\0\x71\x81\xf4\x10\0\
\0\0\0\x73\x12\x25\x11\0\0\0\0\x71\x81\xf3\x10\0\0\0\0\x73\x12\x24\x11\0\0\0\0\
\x71\x81\xf2\x10\0\0\0\0\x73\x12\x23\x11\0\0\0\0\x71\x81\xf1\x10\0\0\0\0\x73\
\x12\x22\x11\0\0\0\0\x71\x81\xf0\x10\0\0\0\0\x73\x12\x21\x11\0\0\0\0\x71\x81\
\xef\x10\0\0\0\0\x73\x12\x20\x11\0\0\0\0\x71\x81\xee\x10\0\0\0\0\x73\x12\x1f\
\x11\0\0\0\0\x71\x81\xed\x10\0\0\0\0\x73\x12\x1e\x11\0\0\0\0\x71\x81\xec\x10\0\
\0\0\0\x73\x12\x1d\x11\0\0\0\0\x71\x81\xeb\x10\0\0\0\0\x73\x12\x1c\x11\0\0\0\0\
\x71\x81\xea\x10\0\0\0\0\x73\x12\x1b\x11\0\0\0\0\x71\x81\xe9\x10\0\0\0\0\x73\
\x12\x1a\x11\0\0\0\0\x71\x81\xe8\x10\0\0\0\0\x73\x12\x19\x11\0\0\0\0\x71\x81\
\xe7\x10\0\0\0\0\x73\x12\x18\x11\0\0\0\0\x71\x81\xe6\x10\0\0\0\0\x73\x12\x17\
\x11\0\0\0\0\x71\x81\xe5\x10\0\0\0\0\x73\x12\x16\x11\0\0\0\0\x71\x81\xe4\x10\0\
\0\0\0\x73\x12\x15\x11\0\0\0\0\x71\x81\xe3\x10\0\0\0\0\x73\x12\x14\x11\0\0\0\0\
\x71\x81\xe2\x10\0\0\0\0\x73\x12\x13\x11\0\0\0\0\x71\x81\xe1\x10\0\0\0\0\x73\
\x12\x12\x11\0\0\0\0\x71\x81\xe0\x10\0\0\0\0\x73\x12\x11\x11\0\0\0\0\x71\x81\
\xdf\x10\0\0\0\0\x73\x12\x10\x11\0\0\0\0\x71\x81\xde\x10\0\0\0\0\x73\x12\x0f\
\x11\0\0\0\0\x71\x81\xdd\x10\0\0\0\0\x73\x12\x0e\x11\0\0\0\0\x71\x81\xdc\x10\0\
\0\0\0\x73\x12\x0d\x11\0\0\0\0\x71\x81\xdb\x10\0\0\0\0\x73\x12\x0c\x11\0\0\0\0\
\x71\x81\xda\x10\0\0\0\0\x73\x12\x0b\x11\0\0\0\0\x71\x81\xd9\x10\0\0\0\0\x73\
\x12\x0a\x11\0\0\0\0\x71\x81\xd8\x10\0\0\0\0\x73\x12\x09\x11\0\0\0\0\x71\x81\
\xd7\x10\0\0\0\0\x73\x12\x08\x11\0\0\0\0\x71\x81\xd6\x10\0\0\0\0\x73\x12\x07\
\x11\0\0\0\0\x71\x81\xd5\x10\0\0\0\0\x73\x12\x06\x11\0\0\0\0\x71\x81\xd4\x10\0\
\0\0\0\x73\x12\x05\x11\0\0\0\0\x71\x81\xd3\x10\0\0\0\0\x73\x12\x04\x11\0\0\0\0\
\x71\x81\xd2\x10\0\0\0\0\x73\x12\x03\x11\0\0\0\0\x71\x81\xd1\x10\0\0\0\0\x73\
\x12\x02\x11\0\0\0\0\x71\x81\xd0\x10\0\0\0\0\x73\x12\x01\x11\0\0\0\0\x71\x81\
\xcf\x10\0\0\0\0\x73\x12\0\x11\0\0\0\0\x71\x81\xce\x10\0\0\0\0\x73\x12\xff\x10\
\0\0\0\0\x71\x81\xcd\x10\0\0\0\0\x73\x12\xfe\x10\0\0\0\0\x71\x81\xcc\x10\0\0\0\
\0\x73\x12\xfd\x10\0\0\0\0\x71\x81\xcb\x10\0\0\0\0\x73\x12\xfc\x10\0\0\0\0\x71\
\x81\xca\x10\0\0\0\0\x73\x12\xfb\x10\0\0\0\0\x71\x81\xc9\x10\0\0\0\0\x73\x12\
\xfa\x10\0\0\0\0\x71\x81\xc8\x10\0\0\0\0\x73\x12\xf9\x10\0\0\0\0\x71\x81\xc7\
\x10\0\0\0\0\x73\x12\xf8\x10\0\0\0\0\x71\x81\xc6\x10\0\0\0\0\x73\x12\xf7\x10\0\
\0\0\0\x71\x81\xc5\x10\0\0\0\0\x73\x12\xf6\x10\0\0\0\0\x71\x81\xc4\x10\0\0\0\0\
\x73\x12\xf5\x10\0\0\0\0\x71\x81\xc3\x10\0\0\0\0\x73\x12\xf4\x10\0\0\0\0\x71\
\x81\xc2\x10\0\0\0\0\x73\x12\xf3\x10\0\0\0\0\x71\x81\xc1\x10\0\0\0\0\x73\x12\
\xf2\x10\0\0\0\0\x71\x81\xc0\x10\0\0\0\0\x73\x12\xf1\x10\0\0\0\0\x71\x81\xbf\
\x10\0\0\0\0\x73\x12\xf0\x10\0\0\0\0\x71\x81\xbe\x10\0\0\0\0\x73\x12\xef\x10\0\
\0\0\0\x71\x81\xbd\x10\0\0\0\0\x73\x12\xee\x10\0\0\0\0\x71\x81\xbc\x10\0\0\0\0\
\x73\x12\xed\x10\0\0\0\0\x71\x81\xbb\x10\0\0\0\0\x73\x12\xec\x10\0\0\0\0\x71\
\x81\xba\x10\0\0\0\0\x73\x12\xeb\x10\0\0\0\0\x71\x81\xb9\x10\0\0\0\0\x73\x12\
\xea\x10\0\0\0\0\x71\x81\xb8\x10\0\0\0\0\x73\x12\xe9\x10\0\0\0\0\x71\x81\xb7\
\x10\0\0\0\0\x73\x12\xe8\x10\0\0\0\0\x71\x81\xb6\x10\0\0\0\0\x73\x12\xe7\x10\0\
\0\0\0\x71\x81\xb5\x10\0\0\0\0\x73\x12\xe6\x10\0\0\0\0\x71\x81\xb4\x10\0\0\0\0\
\x73\x12\xe5\x10\0\0\0\0\x71\x81\xb3\x10\0\0\0\0\x73\x12\xe4\x10\0\0\0\0\x71\
\x81\xb2\x10\0\0\0\0\x73\x12\xe3\x10\0\0\0\0\x71\x81\xb1\x10\0\0\0\0\x73\x12\
\xe2\x10\0\0\0\0\x71\x81\xb0\x10\0\0\0\0\x73\x12\xe1\x10\0\0\0\0\x71\x81\xaf\
\x10\0\0\0\0\x73\x12\xe0\x10\0\0\0\0\x71\x81\xae\x10\0\0\0\0\x73\x12\xdf\x10\0\
\0\0\0\x71\x81\xad\x10\0\0\0\0\x73\x12\xde\x10\0\0\0\0\x71\x81\xac\x10\0\0\0\0\
\x73\x12\xdd\x10\0\0\0\0\x71\x81\xab\x10\0\0\0\0\x73\x12\xdc\x10\0\0\0\0\x71\
\x81\xaa\x10\0\0\0\0\x73\x12\xdb\x10\0\0\0\0\x71\x81\xa9\x10\0\0\0\0\x73\x12\
\xda\x10\0\0\0\0\x71\x81\xa8\x10\0\0\0\0\x73\x12\xd9\x10\0\0\0\0\x71\x81\xa7\
\x10\0\0\0\0\x73\x12\xd8\x10\0\0\0\0\x71\x81\xa6\x10\0\0\0\0\x73\x12\xd7\x10\0\
\0\0\0\x71\x81\xa5\x10\0\0\0\0\x73\x12\xd6\x10\0\0\0\0\x71\x81\xa4\x10\0\0\0\0\
\x73\x12\xd5\x10\0\0\0\0\x71\x81\xa3\x10\0\0\0\0\x73\x12\xd4\x10\0\0\0\0\x71\
\x81\xa2\x10\0\0\0\0\x73\x12\xd3\x10\0\0\0\0\x71\x81\xa1\x10\0\0\0\0\x73\x12\
\xd2\x10\0\0\0\0\x71\x81\xa0\x10\0\0\0\0\x73\x12\xd1\x10\0\0\0\0\x71\x81\x9f\
\x10\0\0\0\0\x73\x12\xd0\x10\0\0\0\0\x71\x81\x9e\x10\0\0\0\0\x73\x12\xcf\x10\0\
\0\0\0\x71\x81\x9d\x10\0\0\0\0\x73\x12\xce\x10\0\0\0\0\x71\x81\x9c\x10\0\0\0\0\
\x73\x12\xcd\x10\0\0\0\0\x71\x81\x9b\x10\0\0\0\0\x73\x12\xcc\x10\0\0\0\0\x71\
\x81\x9a\x10\0\0\0\0\x73\x12\xcb\x10\0\0\0\0\x71\x81\x99\x10\0\0\0\0\x73\x12\
\xca\x10\0\0\0\0\x71\x81\x98\x10\0\0\0\0\x73\x12\xc9\x10\0\0\0\0\x71\x81\x97\
\x10\0\0\0\0\x73\x12\xc8\x10\0\0\0\0\x71\x81\x96\x10\0\0\0\0\x73\x12\xc7\x10\0\
\0\0\0\x71\x81\x95\x10\0\0\0\0\x73\x12\xc6\x10\0\0\0\0\x71\x81\x94\x10\0\0\0\0\
\x73\x12\xc5\x10\0\0\0\0\x71\x81\x93\x10\0\0\0\0\x73\x12\xc4\x10\0\0\0\0\x71\
\x81\x92\x10\0\0\0\0\x73\x12\xc3\x10\0\0\0\0\x71\x81\x91\x10\0\0\0\0\x73\x12\
\xc2\x10\0\0\0\0\x71\x81\x90\x10\0\0\0\0\x73\x12\xc1\x10\0\0\0\0\x71\x81\x8f\
\x10\0\0\0\0\x73\x12\xc0\x10\0\0\0\0\x71\x81\x8e\x10\0\0\0\0\x73\x12\xbf\x10\0\
\0\0\0\x71\x81\x8d\x10\0\0\0\0\x73\x12\xbe\x10\0\0\0\0\x71\x81\x8c\x10\0\0\0\0\
\x73\x12\xbd\x10\0\0\0\0\x71\x81\x8b\x10\0\0\0\0\x73\x12\xbc\x10\0\0\0\0\x71\
\x81\x8a\x10\0\0\0\0\x73\x12\xbb\x10\0\0\0\0\x71\x81\x89\x10\0\0\0\0\x73\x12\
\xba\x10\0\0\0\0\x71\x81\x88\x10\0\0\0\0\x73\x12\xb9\x10\0\0\0\0\x71\x81\x87\
\x10\0\0\0\0\x73\x12\xb8\x10\0\0\0\0\x71\x81\x86\x10\0\0\0\0\x73\x12\xb7\x10\0\
\0\0\0\x71\x81\x85\x10\0\0\0\0\x73\x12\xb6\x10\0\0\0\0\x71\x81\x84\x10\0\0\0\0\
\x73\x12\xb5\x10\0\0\0\0\x71\x81\x83\x10\0\0\0\0\x73\x12\xb4\x10\0\0\0\0\x71\
\x81\x82\x10\0\0\0\0\x73\x12\xb3\x10\0\0\0\0\x71\x81\x81\x10\0\0\0\0\x73\x12\
\xb2\x10\0\0\0\0\x71\x81\x80\x10\0\0\0\0\x73\x12\xb1\x10\0\0\0\0\x71\x81\x7f\
\x10\0\0\0\0\x73\x12\xb0\x10\0\0\0\0\x71\x81\x7e\x10\0\0\0\0\x73\x12\xaf\x10\0\
\0\0\0\x71\x81\x7d\x10\0\0\0\0\x73\x12\xae\x10\0\0\0\0\x71\x81\x7c\x10\0\0\0\0\
\x73\x12\xad\x10\0\0\0\0\x71\x81\x7b\x10\0\0\0\0\x73\x12\xac\x10\0\0\0\0\x71\
\x81\x7a\x10\0\0\0\0\x73\x12\xab\x10\0\0\0\0\x71\x81\x79\x10\0\0\0\0\x73\x12\
\xaa\x10\0\0\0\0\x71\x81\x78\x10\0\0\0\0\x73\x12\xa9\x10\0\0\0\0\x71\x81\x77\
\x10\0\0\0\0\x73\x12\xa8\x10\0\0\0\0\x71\x81\x76\x10\0\0\0\0\x73\x12\xa7\x10\0\
\0\0\0\x71\x81\x75\x10\0\0\0\0\x73\x12\xa6\x10\0\0\0\0\x71\x81\x74\x10\0\0\0\0\
\x73\x12\xa5\x10\0\0\0\0\x71\x81\x73\x10\0\0\0\0\x73\x12\xa4\x10\0\0\0\0\x71\
\x81\x72\x10\0\0\0\0\x73\x12\xa3\x10\0\0\0\0\x71\x81\x71\x10\0\0\0\0\x73\x12\
\xa2\x10\0\0\0\0\x71\x81\x70\x10\0\0\0\0\x73\x12\xa1\x10\0\0\0\0\x71\x81\x6f\
\x10\0\0\0\0\x73\x12\xa0\x10\0\0\0\0\x71\x81\x6e\x10\0\0\0\0\x73\x12\x9f\x10\0\
\0\0\0\x71\x81\x6d\x10\0\0\0\0\x73\x12\x9e\x10\0\0\0\0\x71\x81\x6c\x10\0\0\0\0\
\x73\x12\x9d\x10\0\0\0\0\x71\x81\x6b\x10\0\0\0\0\x73\x12\x9c\x10\0\0\0\0\x71\
\x81\x6a\x10\0\0\0\0\x73\x12\x9b\x10\0\0\0\0\x71\x81\x69\x10\0\0\0\0\x73\x12\
\x9a\x10\0\0\0\0\x71\x81\x68\x10\0\0\0\0\x73\x12\x99\x10\0\0\0\0\x71\x81\x67\
\x10\0\0\0\0\x73\x12\x98\x10\0\0\0\0\x71\x81\x66\x10\0\0\0\0\x73\x12\x97\x10\0\
\0\0\0\x71\x81\x65\x10\0\0\0\0\x73\x12\x96\x10\0\0\0\0\x71\x81\x64\x10\0\0\0\0\
\x73\x12\x95\x10\0\0\0\0\x71\x81\x63\x10\0\0\0\0\x73\x12\x94\x10\0\0\0\0\x71\
\x81\x62\x10\0\0\0\0\x73\x12\x93\x10\0\0\0\0\x71\x81\x61\x10\0\0\0\0\x73\x12\
\x92\x10\0\0\0\0\x71\x81\x60\x10\0\0\0\0\x73\x12\x91\x10\0\0\0\0\x71\x81\x5f\
\x10\0\0\0\0\x73\x12\x90\x10\0\0\0\0\x71\x81\x5e\x10\0\0\0\0\x73\x12\x8f\x10\0\
\0\0\0\x71\x81\x5d\x10\0\0\0\0\x73\x12\x8e\x10\0\0\0\0\x71\x81\x5c\x10\0\0\0\0\
\x73\x12\x8d\x10\0\0\0\0\x71\x81\x5b\x10\0\0\0\0\x73\x12\x8c\x10\0\0\0\0\x71\
\x81\x5a\x10\0\0\0\0\x73\x12\x8b\x10\0\0\0\0\x71\x81\x59\x10\0\0\0\0\x73\x12\
\x8a\x10\0\0\0\0\x71\x81\x58\x10\0\0\0\0\x73\x12\x89\x10\0\0\0\0\x71\x81\x57\
\x10\0\0\0\0\x73\x12\x88\x10\0\0\0\0\x71\x81\x56\x10\0\0\0\0\x73\x12\x87\x10\0\
\0\0\0\x71\x81\x55\x10\0\0\0\0\x73\x12\x86\x10\0\0\0\0\x71\x81\x54\x10\0\0\0\0\
\x73\x12\x85\x10\0\0\0\0\x71\x81\x53\x10\0\0\0\0\x73\x12\x84\x10\0\0\0\0\x71\
\x81\x52\x10\0\0\0\0\x73\x12\x83\x10\0\0\0\0\x71\x81\x51\x10\0\0\0\0\x73\x12\
\x82\x10\0\0\0\0\x71\x81\x50\x10\0\0\0\0\x73\x12\x81\x10\0\0\0\0\x71\x81\x4f\
\x10\0\0\0\0\x73\x12\x80\x10\0\0\0\0\x71\x81\x4e\x10\0\0\0\0\x73\x12\x7f\x10\0\
\0\0\0\x71\x81\x4d\x10\0\0\0\0\x73\x12\x7e\x10\0\0\0\0\x71\x81\x4c\x10\0\0\0\0\
\x73\x12\x7d\x10\0\0\0\0\x71\x81\x4b\x10\0\0\0\0\x73\x12\x7c\x10\0\0\0\0\x71\
\x81\x4a\x10\0\0\0\0\x73\x12\x7b\x10\0\0\0\0\x71\x81\x49\x10\0\0\0\0\x73\x12\
\x7a\x10\0\0\0\0\x71\x81\x48\x10\0\0\0\0\x73\x12\x79\x10\0\0\0\0\x71\x81\x47\
\x10\0\0\0\0\x73\x12\x78\x10\0\0\0\0\x71\x81\x46\x10\0\0\0\0\x73\x12\x77\x10\0\
\0\0\0\x71\x81\x45\x10\0\0\0\0\x73\x12\x76\x10\0\0\0\0\x71\x81\x44\x10\0\0\0\0\
\x73\x12\x75\x10\0\0\0\0\x71\x81\x43\x10\0\0\0\0\x73\x12\x74\x10\0\0\0\0\x71\
\x81\x42\x10\0\0\0\0\x73\x12\x73\x10\0\0\0\0\x71\x81\x41\x10\0\0\0\0\x73\x12\
\x72\x10\0\0\0\0\x71\x81\x40\x10\0\0\0\0\x73\x12\x71\x10\0\0\0\0\x71\x81\x3f\
\x10\0\0\0\0\x73\x12\x70\x10\0\0\0\0\x71\x81\x3e\x10\0\0\0\0\x73\x12\x6f\x10\0\
\0\0\0\x71\x81\x3d\x10\0\0\0\0\x73\x12\x6e\x10\0\0\0\0\x71\x81\x3c\x10\0\0\0\0\
\x73\x12\x6d\x10\0\0\0\0\x71\x81\x3b\x10\0\0\0\0\x73\x12\x6c\x10\0\0\0\0\x71\
\x81\x3a\x10\0\0\0\0\x73\x12\x6b\x10\0\0\0\0\x71\x81\x39\x10\0\0\0\0\x73\x12\
\x6a\x10\0\0\0\0\x71\x81\x38\x10\0\0\0\0\x73\x12\x69\x10\0\0\0\0\x71\x81\x37\
\x10\0\0\0\0\x73\x12\x68\x10\0\0\0\0\x71\x81\x36\x10\0\0\0\0\x73\x12\x67\x10\0\
\0\0\0\x71\x81\x35\x10\0\0\0\0\x73\x12\x66\x10\0\0\0\0\x71\x81\x34\x10\0\0\0\0\
\x73\x12\x65\x10\0\0\0\0\x71\x81\x33\x10\0\0\0\0\x73\x12\x64\x10\0\0\0\0\x71\
\x81\x32\x10\0\0\0\0\x73\x12\x63\x10\0\0\0\0\x71\x81\x31\x10\0\0\0\0\x73\x12\
\x62\x10\0\0\0\0\x71\x81\x30\x10\0\0\0\0\x73\x12\x61\x10\0\0\0\0\x71\x81\x2f\
\x10\0\0\0\0\x73\x12\x60\x10\0\0\0\0\x71\x81\x2e\x10\0\0\0\0\x73\x12\x5f\x10\0\
\0\0\0\x71\x81\x2d\x10\0\0\0\0\x73\x12\x5e\x10\0\0\0\0\x71\x81\x2c\x10\0\0\0\0\
\x73\x12\x5d\x10\0\0\0\0\x71\x81\x2b\x10\0\0\0\0\x73\x12\x5c\x10\0\0\0\0\x71\
\x81\x2a\x10\0\0\0\0\x73\x12\x5b\x10\0\0\0\0\x71\x81\x29\x10\0\0\0\0\x73\x12\
\x5a\x10\0\0\0\0\x71\x81\x28\x10\0\0\0\0\x73\x12\x59\x10\0\0\0\0\x71\x81\x27\
\x10\0\0\0\0\x73\x12\x58\x10\0\0\0\0\x71\x81\x26\x10\0\0\0\0\x73\x12\x57\x10\0\
\0\0\0\x71\x81\x25\x10\0\0\0\0\x73\x12\x56\x10\0\0\0\0\x71\x81\x24\x10\0\0\0\0\
\x73\x12\x55\x10\0\0\0\0\x71\x81\x23\x10\0\0\0\0\x73\x12\x54\x10\0\0\0\0\x71\
\x81\x22\x10\0\0\0\0\x73\x12\x53\x10\0\0\0\0\x71\x81\x21\x10\0\0\0\0\x73\x12\
\x52\x10\0\0\0\0\x71\x81\x20\x10\0\0\0\0\x73\x12\x51\x10\0\0\0\0\x71\x81\x1f\
\x10\0\0\0\0\x73\x12\x50\x10\0\0\0\0\x71\x81\x1e\x10\0\0\0\0\x73\x12\x4f\x10\0\
\0\0\0\x71\x81\x1d\x10\0\0\0\0\x73\x12\x4e\x10\0\0\0\0\x71\x81\x1c\x10\0\0\0\0\
\x73\x12\x4d\x10\0\0\0\0\x71\x81\x1b\x10\0\0\0\0\x73\x12\x4c\x10\0\0\0\0\x71\
\x81\x1a\x10\0\0\0\0\x73\x12\x4b\x10\0\0\0\0\x71\x81\x19\x10\0\0\0\0\x73\x12\
\x4a\x10\0\0\0\0\x71\x81\x18\x10\0\0\0\0\x73\x12\x49\x10\0\0\0\0\x71\x81\x17\
\x10\0\0\0\0\x73\x12\x48\x10\0\0\0\0\x71\x81\x16\x10\0\0\0\0\x73\x12\x47\x10\0\
\0\0\0\x71\x81\x15\x10\0\0\0\0\x73\x12\x46\x10\0\0\0\0\x71\x81\x14\x10\0\0\0\0\
\x73\x12\x45\x10\0\0\0\0\x71\x81\x13\x10\0\0\0\0\x73\x12\x44\x10\0\0\0\0\x71\
\x81\x12\x10\0\0\0\0\x73\x12\x43\x10\0\0\0\0\x71\x81\x11\x10\0\0\0\0\x73\x12\
\x42\x10\0\0\0\0\x71\x81\x10\x10\0\0\0\0\x73\x12\x41\x10\0\0\0\0\x71\x81\x0f\
\x10\0\0\0\0\x73\x12\x40\x10\0\0\0\0\x71\x81\x0e\x10\0\0\0\0\x73\x12\x3f\x10\0\
\0\0\0\x71\x81\x0d\x10\0\0\0\0\x73\x12\x3e\x10\0\0\0\0\x71\x81\x0c\x10\0\0\0\0\
\x73\x12\x3d\x10\0\0\0\0\x71\x81\x0b\x10\0\0\0\0\x73\x12\x3c\x10\0\0\0\0\x71\
\x81\x0a\x10\0\0\0\0\x73\x12\x3b\x10\0\0\0\0\x71\x81\x09\x10\0\0\0\0\x73\x12\
\x3a\x10\0\0\0\0\x71\x81\x08\x10\0\0\0\0\x73\x12\x39\x10\0\0\0\0\x71\x81\x07\
\x10\0\0\0\0\x73\x12\x38\x10\0\0\0\0\x71\x81\x06\x10\0\0\0\0\x73\x12\x37\x10\0\
\0\0\0\x71\x81\x05\x10\0\0\0\0\x73\x12\x36\x10\0\0\0\0\x71\x81\x04\x10\0\0\0\0\
\x73\x12\x35\x10\0\0\0\0\x71\x81\x03\x10\0\0\0\0\x73\x12\x34\x10\0\0\0\0\x71\
\x81\x02\x10\0\0\0\0\x73\x12\x33\x10\0\0\0\0\x71\x81\x01\x10\0\0\0\0\x73\x12\
\x32\x10\0\0\0\0\x71\x81\0\x10\0\0\0\0\x73\x12\x31\x10\0\0\0\0\xa6\x04\x59\x24\
\x01\x11\0\0\xbf\x81\0\0\0\0\0\0\x07\x01\0\0\0\x12\0\0\x2d\x51\x56\x24\0\0\0\0\
\x71\x81\xff\x11\0\0\0\0\x79\xa2\xb0\xff\0\0\0\0\x73\x12\x30\x12\0\0\0\0\x71\
\x81\xfe\x11\0\0\0\0\x73\x12\x2f\x12\0\0\0\0\x71\x81\xfd\x11\0\0\0\0\x73\x12\
\x2e\x12\0\0\0\0\x71\x81\xfc\x11\0\0\0\0\x73\x12\x2d\x12\0\0\0\0\x71\x81\xfb\
\x11\0\0\0\0\x73\x12\x2c\x12\0\0\0\0\x71\x81\xfa\x11\0\0\0\0\x73\x12\x2b\x12\0\
\0\0\0\x71\x81\xf9\x11\0\0\0\0\x73\x12\x2a\x12\0\0\0\0\x71\x81\xf8\x11\0\0\0\0\
\x73\x12\x29\x12\0\0\0\0\x71\x81\xf7\x11\0\0\0\0\x73\x12\x28\x12\0\0\0\0\x71\
\x81\xf6\x11\0\0\0\0\x73\x12\x27\x12\0\0\0\0\x71\x81\xf5\x11\0\0\0\0\x73\x12\
\x26\x12\0\0\0\0\x71\x81\xf4\x11\0\0\0\0\x73\x12\x25\x12\0\0\0\0\x71\x81\xf3\
\x11\0\0\0\0\x73\x12\x24\x12\0\0\0\0\x71\x81\xf2\x11\0\0\0\0\x73\x12\x23\x12\0\
\0\0\0\x71\x81\xf1\x11\0\0\0\0\x73\x12\x22\x12\0\0\0\0\x71\x81\xf0\x11\0\0\0\0\
\x73\x12\x21\x12\0\0\0\0\x71\x81\xef\x11\0\0\0\0\x73\x12\x20\x12\0\0\0\0\x71\
\x81\xee\x11\0\0\0\0\x73\x12\x1f\x12\0\0\0\0\x71\x81\xed\x11\0\0\0\0\x73\x12\
\x1e\x12\0\0\0\0\x71\x81\xec\x11\0\0\0\0\x73\x12\x1d\x12\0\0\0\0\x71\x81\xeb\
\x11\0\0\0\0\x73\x12\x1c\x12\0\0\0\0\x71\x81\xea\x11\0\0\0\0\x73\x12\x1b\x12\0\
\0\0\0\x71\x81\xe9\x11\0\0\0\0\x73\x12\x1a\x12\0\0\0\0\x71\x81\xe8\x11\0\0\0\0\
\x73\x12\x19\x12\0\0\0\0\x71\x81\xe7\x11\0\0\0\0\x73\x12\x18\x12\0\0\0\0\x71\
\x81\xe6\x11\0\0\0\0\x73\x12\x17\x12\0\0\0\0\x71\x81\xe5\x11\0\0\0\0\x73\x12\
\x16\x12\0\0\0\0\x71\x81\xe4\x11\0\0\0\0\x73\x12\x15\x12\0\0\0\0\x71\x81\xe3\
\x11\0\0\0\0\x73\x12\x14\x12\0\0\0\0\x71\x81\xe2\x11\0\0\0\0\x73\x12\x13\x12\0\
\0\0\0\x71\x81\xe1\x11\0\0\0\0\x73\x12\x12\x12\0\0\0\0\x71\x81\xe0\x11\0\0\0\0\
\x73\x12\x11\x12\0\0\0\0\x71\x81\xdf\x11\0\0\0\0\x73\x12\x10\x12\0\0\0\0\x71\
\x81\xde\x11\0\0\0\0\x73\x12\x0f\x12\0\0\0\0\x71\x81\xdd\x11\0\0\0\0\x73\x12\
\x0e\x12\0\0\0\0\x71\x81\xdc\x11\0\0\0\0\x73\x12\x0d\x12\0\0\0\0\x71\x81\xdb\
\x11\0\0\0\0\x73\x12\x0c\x12\0\0\0\0\x71\x81\xda\x11\0\0\0\0\x73\x12\x0b\x12\0\
\0\0\0\x71\x81\xd9\x11\0\0\0\0\x73\x12\x0a\x12\0\0\0\0\x71\x81\xd8\x11\0\0\0\0\
\x73\x12\x09\x12\0\0\0\0\x71\x81\xd7\x11\0\0\0\0\x73\x12\x08\x12\0\0\0\0\x71\
\x81\xd6\x11\0\0\0\0\x73\x12\x07\x12\0\0\0\0\x71\x81\xd5\x11\0\0\0\0\x73\x12\
\x06\x12\0\0\0\0\x71\x81\xd4\x11\0\0\0\0\x73\x12\x05\x12\0\0\0\0\x71\x81\xd3\
\x11\0\0\0\0\x73\x12\x04\x12\0\0\0\0\x71\x81\xd2\x11\0\0\0\0\x73\x12\x03\x12\0\
\0\0\0\x71\x81\xd1\x11\0\0\0\0\x73\x12\x02\x12\0\0\0\0\x71\x81\xd0\x11\0\0\0\0\
\x73\x12\x01\x12\0\0\0\0\x71\x81\xcf\x11\0\0\0\0\x73\x12\0\x12\0\0\0\0\x71\x81\
\xce\x11\0\0\0\0\x73\x12\xff\x11\0\0\0\0\x71\x81\xcd\x11\0\0\0\0\x73\x12\xfe\
\x11\0\0\0\0\x71\x81\xcc\x11\0\0\0\0\x73\x12\xfd\x11\0\0\0\0\x71\x81\xcb\x11\0\
\0\0\0\x73\x12\xfc\x11\0\0\0\0\x71\x81\xca\x11\0\0\0\0\x73\x12\xfb\x11\0\0\0\0\
\x71\x81\xc9\x11\0\0\0\0\x73\x12\xfa\x11\0\0\0\0\x71\x81\xc8\x11\0\0\0\0\x73\
\x12\xf9\x11\0\0\0\0\x71\x81\xc7\x11\0\0\0\0\x73\x12\xf8\x11\0\0\0\0\x71\x81\
\xc6\x11\0\0\0\0\x73\x12\xf7\x11\0\0\0\0\x71\x81\xc5\x11\0\0\0\0\x73\x12\xf6\
\x11\0\0\0\0\x71\x81\xc4\x11\0\0\0\0\x73\x12\xf5\x11\0\0\0\0\x71\x81\xc3\x11\0\
\0\0\0\x73\x12\xf4\x11\0\0\0\0\x71\x81\xc2\x11\0\0\0\0\x73\x12\xf3\x11\0\0\0\0\
\x71\x81\xc1\x11\0\0\0\0\x73\x12\xf2\x11\0\0\0\0\x71\x81\xc0\x11\0\0\0\0\x73\
\x12\xf1\x11\0\0\0\0\x71\x81\xbf\x11\0\0\0\0\x73\x12\xf0\x11\0\0\0\0\x71\x81\
\xbe\x11\0\0\0\0\x73\x12\xef\x11\0\0\0\0\x71\x81\xbd\x11\0\0\0\0\x73\x12\xee\
\x11\0\0\0\0\x71\x81\xbc\x11\0\0\0\0\x73\x12\xed\x11\0\0\0\0\x71\x81\xbb\x11\0\
\0\0\0\x73\x12\xec\x11\0\0\0\0\x71\x81\xba\x11\0\0\0\0\x73\x12\xeb\x11\0\0\0\0\
\x71\x81\xb9\x11\0\0\0\0\x73\x12\xea\x11\0\0\0\0\x71\x81\xb8\x11\0\0\0\0\x73\
\x12\xe9\x11\0\0\0\0\x71\x81\xb7\x11\0\0\0\0\x73\x12\xe8\x11\0\0\0\0\x71\x81\
\xb6\x11\0\0\0\0\x73\x12\xe7\x11\0\0\0\0\x71\x81\xb5\x11\0\0\0\0\x73\x12\xe6\
\x11\0\0\0\0\x71\x81\xb4\x11\0\0\0\0\x73\x12\xe5\x11\0\0\0\0\x71\x81\xb3\x11\0\
\0\0\0\x73\x12\xe4\x11\0\0\0\0\x71\x81\xb2\x11\0\0\0\0\x73\x12\xe3\x11\0\0\0\0\
\x71\x81\xb1\x11\0\0\0\0\x73\x12\xe2\x11\0\0\0\0\x71\x81\xb0\x11\0\0\0\0\x73\
\x12\xe1\x11\0\0\0\0\x71\x81\xaf\x11\0\0\0\0\x73\x12\xe0\x11\0\0\0\0\x71\x81\
\xae\x11\0\0\0\0\x73\x12\xdf\x11\0\0\0\0\x71\x81\xad\x11\0\0\0\0\x73\x12\xde\
\x11\0\0\0\0\x71\x81\xac\x11\0\0\0\0\x73\x12\xdd\x11\0\0\0\0\x71\x81\xab\x11\0\
\0\0\0\x73\x12\xdc\x11\0\0\0\0\x71\x81\xaa\x11\0\0\0\0\x73\x12\xdb\x11\0\0\0\0\
\x71\x81\xa9\x11\0\0\0\0\x73\x12\xda\x11\0\0\0\0\x71\x81\xa8\x11\0\0\0\0\x73\
\x12\xd9\x11\0\0\0\0\x71\x81\xa7\x11\0\0\0\0\x73\x12\xd8\x11\0\0\0\0\x71\x81\
\xa6\x11\0\0\0\0\x73\x12\xd7\x11\0\0\0\0\x71\x81\xa5\x11\0\0\0\0\x73\x12\xd6\
\x11\0\0\0\0\x71\x81\xa4\x11\0\0\0\0\x73\x12\xd5\x11\0\0\0\0\x71\x81\xa3\x11\0\
\0\0\0\x73\x12\xd4\x11\0\0\0\0\x71\x81\xa2\x11\0\0\0\0\x73\x12\xd3\x11\0\0\0\0\
\x71\x81\xa1\x11\0\0\0\0\x73\x12\xd2\x11\0\0\0\0\x71\x81\xa0\x11\0\0\0\0\x73\
\x12\xd1\x11\0\0\0\0\x71\x81\x9f\x11\0\0\0\0\x73\x12\xd0\x11\0\0\0\0\x71\x81\
\x9e\x11\0\0\0\0\x73\x12\xcf\x11\0\0\0\0\x71\x81\x9d\x11\0\0\0\0\x73\x12\xce\
\x11\0\0\0\0\x71\x81\x9c\x11\0\0\0\0\x73\x12\xcd\x11\0\0\0\0\x71\x81\x9b\x11\0\
\0\0\0\x73\x12\xcc\x11\0\0\0\0\x71\x81\x9a\x11\0\0\0\0\x73\x12\xcb\x11\0\0\0\0\
\x71\x81\x99\x11\0\0\0\0\x73\x12\xca\x11\0\0\0\0\x71\x81\x98\x11\0\0\0\0\x73\
\x12\xc9\x11\0\0\0\0\x71\x81\x97\x11\0\0\0\0\x73\x12\xc8\x11\0\0\0\0\x71\x81\
\x96\x11\0\0\0\0\x73\x12\xc7\x11\0\0\0\0\x71\x81\x95\x11\0\0\0\0\x73\x12\xc6\
\x11\0\0\0\0\x71\x81\x94\x11\0\0\0\0\x73\x12\xc5\x11\0\0\0\0\x71\x81\x93\x11\0\
\0\0\0\x73\x12\xc4\x11\0\0\0\0\x71\x81\x92\x11\0\0\0\0\x73\x12\xc3\x11\0\0\0\0\
\x71\x81\x91\x11\0\0\0\0\x73\x12\xc2\x11\0\0\0\0\x71\x81\x90\x11\0\0\0\0\x73\
\x12\xc1\x11\0\0\0\0\x71\x81\x8f\x11\0\0\0\0\x73\x12\xc0\x11\0\0\0\0\x71\x81\
\x8e\x11\0\0\0\0\x73\x12\xbf\x11\0\0\0\0\x71\x81\x8d\x11\0\0\0\0\x73\x12\xbe\
\x11\0\0\0\0\x71\x81\x8c\x11\0\0\0\0\x73\x12\xbd\x11\0\0\0\0\x71\x81\x8b\x11\0\
\0\0\0\x73\x12\xbc\x11\0\0\0\0\x71\x81\x8a\x11\0\0\0\0\x73\x12\xbb\x11\0\0\0\0\
\x71\x81\x89\x11\0\0\0\0\x73\x12\xba\x11\0\0\0\0\x71\x81\x88\x11\0\0\0\0\x73\
\x12\xb9\x11\0\0\0\0\x71\x81\x87\x11\0\0\0\0\x73\x12\xb8\x11\0\0\0\0\x71\x81\
\x86\x11\0\0\0\0\x73\x12\xb7\x11\0\0\0\0\x71\x81\x85\x11\0\0\0\0\x73\x12\xb6\
\x11\0\0\0\0\x71\x81\x84\x11\0\0\0\0\x73\x12\xb5\x11\0\0\0\0\x71\x81\x83\x11\0\
\0\0\0\x73\x12\xb4\x11\0\0\0\0\x71\x81\x82\x11\0\0\0\0\x73\x12\xb3\x11\0\0\0\0\
\x71\x81\x81\x11\0\0\0\0\x73\x12\xb2\x11\0\0\0\0\x71\x81\x80\x11\0\0\0\0\x73\
\x12\xb1\x11\0\0\0\0\x71\x81\x7f\x11\0\0\0\0\x73\x12\xb0\x11\0\0\0\0\x71\x81\
\x7e\x11\0\0\0\0\x73\x12\xaf\x11\0\0\0\0\x71\x81\x7d\x11\0\0\0\0\x73\x12\xae\
\x11\0\0\0\0\x71\x81\x7c\x11\0\0\0\0\x73\x12\xad\x11\0\0\0\0\x71\x81\x7b\x11\0\
\0\0\0\x73\x12\xac\x11\0\0\0\0\x71\x81\x7a\x11\0\0\0\0\x73\x12\xab\x11\0\0\0\0\
\x71\x81\x79\x11\0\0\0\0\x73\x12\xaa\x11\0\0\0\0\x71\x81\x78\x11\0\0\0\0\x73\
\x12\xa9\x11\0\0\0\0\x71\x81\x77\x11\0\0\0\0\x73\x12\xa8\x11\0\0\0\0\x71\x81\
\x76\x11\0\0\0\0\x73\x12\xa7\x11\0\0\0\0\x71\x81\x75\x11\0\0\0\0\x73\x12\xa6\
\x11\0\0\0\0\x71\x81\x74\x11\0\0\0\0\x73\x12\xa5\x11\0\0\0\0\x71\x81\x73\x11\0\
\0\0\0\x73\x12\xa4\x11\0\0\0\0\x71\x81\x72\x11\0\0\0\0\x73\x12\xa3\x11\0\0\0\0\
\x71\x81\x71\x11\0\0\0\0\x73\x12\xa2\x11\0\0\0\0\x71\x81\x70\x11\0\0\0\0\x73\
\x12\xa1\x11\0\0\0\0\x71\x81\x6f\x11\0\0\0\0\x73\x12\xa0\x11\0\0\0\0\x71\x81\
\x6e\x11\0\0\0\0\x73\x12\x9f\x11\0\0\0\0\x71\x81\x6d\x11\0\0\0\0\x73\x12\x9e\
\x11\0\0\0\0\x71\x81\x6c\x11\0\0\0\0\x73\x12\x9d\x11\0\0\0\0\x71\x81\x6b\x11\0\
\0\0\0\x73\x12\x9c\x11\0\0\0\0\x71\x81\x6a\x11\0\0\0\0\x73\x12\x9b\x11\0\0\0\0\
\x71\x81\x69\x11\0\0\0\0\x73\x12\x9a\x11\0\0\0\0\x71\x81\x68\x11\0\0\0\0\x73\
\x12\x99\x11\0\0\0\0\x71\x81\x67\x11\0\0\0\0\x73\x12\x98\x11\0\0\0\0\x71\x81\
\x66\x11\0\0\0\0\x73\x12\x97\x11\0\0\0\0\x71\x81\x65\x11\0\0\0\0\x73\x12\x96\
\x11\0\0\0\0\x71\x81\x64\x11\0\0\0\0\x73\x12\x95\x11\0\0\0\0\x71\x81\x63\x11\0\
\0\0\0\x73\x12\x94\x11\0\0\0\0\x71\x81\x62\x11\0\0\0\0\x73\x12\x93\x11\0\0\0\0\
\x71\x81\x61\x11\0\0\0\0\x73\x12\x92\x11\0\0\0\0\x71\x81\x60\x11\0\0\0\0\x73\
\x12\x91\x11\0\0\0\0\x71\x81\x5f\x11\0\0\0\0\x73\x12\x90\x11\0\0\0\0\x71\x81\
\x5e\x11\0\0\0\0\x73\x12\x8f\x11\0\0\0\0\x71\x81\x5d\x11\0\0\0\0\x73\x12\x8e\
\x11\0\0\0\0\x71\x81\x5c\x11\0\0\0\0\x73\x12\x8d\x11\0\0\0\0\x71\x81\x5b\x11\0\
\0\0\0\x73\x12\x8c\x11\0\0\0\0\x71\x81\x5a\x11\0\0\0\0\x73\x12\x8b\x11\0\0\0\0\
\x71\x81\x59\x11\0\0\0\0\x73\x12\x8a\x11\0\0\0\0\x71\x81\x58\x11\0\0\0\0\x73\
\x12\x89\x11\0\0\0\0\x71\x81\x57\x11\0\0\0\0\x73\x12\x88\x11\0\0\0\0\x71\x81\
\x56\x11\0\0\0\0\x73\x12\x87\x11\0\0\0\0\x71\x81\x55\x11\0\0\0\0\x73\x12\x86\
\x11\0\0\0\0\x71\x81\x54\x11\0\0\0\0\x73\x12\x85\x11\0\0\0\0\x71\x81\x53\x11\0\
\0\0\0\x73\x12\x84\x11\0\0\0\0\x71\x81\x52\x11\0\0\0\0\x73\x12\x83\x11\0\0\0\0\
\x71\x81\x51\x11\0\0\0\0\x73\x12\x82\x11\0\0\0\0\x71\x81\x50\x11\0\0\0\0\x73\
\x12\x81\x11\0\0\0\0\x71\x81\x4f\x11\0\0\0\0\x73\x12\x80\x11\0\0\0\0\x71\x81\
\x4e\x11\0\0\0\0\x73\x12\x7f\x11\0\0\0\0\x71\x81\x4d\x11\0\0\0\0\x73\x12\x7e\
\x11\0\0\0\0\x71\x81\x4c\x11\0\0\0\0\x73\x12\x7d\x11\0\0\0\0\x71\x81\x4b\x11\0\
\0\0\0\x73\x12\x7c\x11\0\0\0\0\x71\x81\x4a\x11\0\0\0\0\x73\x12\x7b\x11\0\0\0\0\
\x71\x81\x49\x11\0\0\0\0\x73\x12\x7a\x11\0\0\0\0\x71\x81\x48\x11\0\0\0\0\x73\
\x12\x79\x11\0\0\0\0\x71\x81\x47\x11\0\0\0\0\x73\x12\x78\x11\0\0\0\0\x71\x81\
\x46\x11\0\0\0\0\x73\x12\x77\x11\0\0\0\0\x71\x81\x45\x11\0\0\0\0\x73\x12\x76\
\x11\0\0\0\0\x71\x81\x44\x11\0\0\0\0\x73\x12\x75\x11\0\0\0\0\x71\x81\x43\x11\0\
\0\0\0\x73\x12\x74\x11\0\0\0\0\x71\x81\x42\x11\0\0\0\0\x73\x12\x73\x11\0\0\0\0\
\x71\x81\x41\x11\0\0\0\0\x73\x12\x72\x11\0\0\0\0\x71\x81\x40\x11\0\0\0\0\x73\
\x12\x71\x11\0\0\0\0\x71\x81\x3f\x11\0\0\0\0\x73\x12\x70\x11\0\0\0\0\x71\x81\
\x3e\x11\0\0\0\0\x73\x12\x6f\x11\0\0\0\0\x71\x81\x3d\x11\0\0\0\0\x73\x12\x6e\
\x11\0\0\0\0\x71\x81\x3c\x11\0\0\0\0\x73\x12\x6d\x11\0\0\0\0\x71\x81\x3b\x11\0\
\0\0\0\x73\x12\x6c\x11\0\0\0\0\x71\x81\x3a\x11\0\0\0\0\x73\x12\x6b\x11\0\0\0\0\
\x71\x81\x39\x11\0\0\0\0\x73\x12\x6a\x11\0\0\0\0\x71\x81\x38\x11\0\0\0\0\x73\
\x12\x69\x11\0\0\0\0\x71\x81\x37\x11\0\0\0\0\x73\x12\x68\x11\0\0\0\0\x71\x81\
\x36\x11\0\0\0\0\x73\x12\x67\x11\0\0\0\0\x71\x81\x35\x11\0\0\0\0\x73\x12\x66\
\x11\0\0\0\0\x71\x81\x34\x11\0\0\0\0\x73\x12\x65\x11\0\0\0\0\x71\x81\x33\x11\0\
\0\0\0\x73\x12\x64\x11\0\0\0\0\x71\x81\x32\x11\0\0\0\0\x73\x12\x63\x11\0\0\0\0\
\x71\x81\x31\x11\0\0\0\0\x73\x12\x62\x11\0\0\0\0\x71\x81\x30\x11\0\0\0\0\x73\
\x12\x61\x11\0\0\0\0\x71\x81\x2f\x11\0\0\0\0\x73\x12\x60\x11\0\0\0\0\x71\x81\
\x2e\x11\0\0\0\0\x73\x12\x5f\x11\0\0\0\0\x71\x81\x2d\x11\0\0\0\0\x73\x12\x5e\
\x11\0\0\0\0\x71\x81\x2c\x11\0\0\0\0\x73\x12\x5d\x11\0\0\0\0\x71\x81\x2b\x11\0\
\0\0\0\x73\x12\x5c\x11\0\0\0\0\x71\x81\x2a\x11\0\0\0\0\x73\x12\x5b\x11\0\0\0\0\
\x71\x81\x29\x11\0\0\0\0\x73\x12\x5a\x11\0\0\0\0\x71\x81\x28\x11\0\0\0\0\x73\
\x12\x59\x11\0\0\0\0\x71\x81\x27\x11\0\0\0\0\x73\x12\x58\x11\0\0\0\0\x71\x81\
\x26\x11\0\0\0\0\x73\x12\x57\x11\0\0\0\0\x71\x81\x25\x11\0\0\0\0\x73\x12\x56\
\x11\0\0\0\0\x71\x81\x24\x11\0\0\0\0\x73\x12\x55\x11\0\0\0\0\x71\x81\x23\x11\0\
\0\0\0\x73\x12\x54\x11\0\0\0\0\x71\x81\x22\x11\0\0\0\0\x73\x12\x53\x11\0\0\0\0\
\x71\x81\x21\x11\0\0\0\0\x73\x12\x52\x11\0\0\0\0\x71\x81\x20\x11\0\0\0\0\x73\
\x12\x51\x11\0\0\0\0\x71\x81\x1f\x11\0\0\0\0\x73\x12\x50\x11\0\0\0\0\x71\x81\
\x1e\x11\0\0\0\0\x73\x12\x4f\x11\0\0\0\0\x71\x81\x1d\x11\0\0\0\0\x73\x12\x4e\
\x11\0\0\0\0\x71\x81\x1c\x11\0\0\0\0\x73\x12\x4d\x11\0\0\0\0\x71\x81\x1b\x11\0\
\0\0\0\x73\x12\x4c\x11\0\0\0\0\x71\x81\x1a\x11\0\0\0\0\x73\x12\x4b\x11\0\0\0\0\
\x71\x81\x19\x11\0\0\0\0\x73\x12\x4a\x11\0\0\0\0\x71\x81\x18\x11\0\0\0\0\x73\
\x12\x49\x11\0\0\0\0\x71\x81\x17\x11\0\0\0\0\x73\x12\x48\x11\0\0\0\0\x71\x81\
\x16\x11\0\0\0\0\x73\x12\x47\x11\0\0\0\0\x71\x81\x15\x11\0\0\0\0\x73\x12\x46\
\x11\0\0\0\0\x71\x81\x14\x11\0\0\0\0\x73\x12\x45\x11\0\0\0\0\x71\x81\x13\x11\0\
\0\0\0\x73\x12\x44\x11\0\0\0\0\x71\x81\x12\x11\0\0\0\0\x73\x12\x43\x11\0\0\0\0\
\x71\x81\x11\x11\0\0\0\0\x73\x12\x42\x11\0\0\0\0\x71\x81\x10\x11\0\0\0\0\x73\
\x12\x41\x11\0\0\0\0\x71\x81\x0f\x11\0\0\0\0\x73\x12\x40\x11\0\0\0\0\x71\x81\
\x0e\x11\0\0\0\0\x73\x12\x3f\x11\0\0\0\0\x71\x81\x0d\x11\0\0\0\0\x73\x12\x3e\
\x11\0\0\0\0\x71\x81\x0c\x11\0\0\0\0\x73\x12\x3d\x11\0\0\0\0\x71\x81\x0b\x11\0\
\0\0\0\x73\x12\x3c\x11\0\0\0\0\x71\x81\x0a\x11\0\0\0\0\x73\x12\x3b\x11\0\0\0\0\
\x71\x81\x09\x11\0\0\0\0\x73\x12\x3a\x11\0\0\0\0\x71\x81\x08\x11\0\0\0\0\x73\
\x12\x39\x11\0\0\0\0\x71\x81\x07\x11\0\0\0\0\x73\x12\x38\x11\0\0\0\0\x71\x81\
\x06\x11\0\0\0\0\x73\x12\x37\x11\0\0\0\0\x71\x81\x05\x11\0\0\0\0\x73\x12\x36\
\x11\0\0\0\0\x71\x81\x04\x11\0\0\0\0\x73\x12\x35\x11\0\0\0\0\x71\x81\x03\x11\0\
\0\0\0\x73\x12\x34\x11\0\0\0\0\x71\x81\x02\x11\0\0\0\0\x73\x12\x33\x11\0\0\0\0\
\x71\x81\x01\x11\0\0\0\0\x73\x12\x32\x11\0\0\0\0\x71\x81\0\x11\0\0\0\0\x73\x12\
\x31\x11\0\0\0\0\xa6\x04\x54\x22\x01\x12\0\0\xbf\x81\0\0\0\0\0\0\x07\x01\0\0\0\
\x13\0\0\x2d\x51\x51\x22\0\0\0\0\x71\x81\xff\x12\0\0\0\0\x79\xa2\xb0\xff\0\0\0\
\0\x73\x12\x30\x13\0\0\0\0\x71\x81\xfe\x12\0\0\0\0\x73\x12\x2f\x13\0\0\0\0\x71\
\x81\xfd\x12\0\0\0\0\x73\x12\x2e\x13\0\0\0\0\x71\x81\xfc\x12\0\0\0\0\x73\x12\
\x2d\x13\0\0\0\0\x71\x81\xfb\x12\0\0\0\0\x73\x12\x2c\x13\0\0\0\0\x71\x81\xfa\
\x12\0\0\0\0\x73\x12\x2b\x13\0\0\0\0\x71\x81\xf9\x12\0\0\0\0\x73\x12\x2a\x13\0\
\0\0\0\x71\x81\xf8\x12\0\0\0\0\x73\x12\x29\x13\0\0\0\0\x71\x81\xf7\x12\0\0\0\0\
\x73\x12\x28\x13\0\0\0\0\x71\x81\xf6\x12\0\0\0\0\x73\x12\x27\x13\0\0\0\0\x71\
\x81\xf5\x12\0\0\0\0\x73\x12\x26\x13\0\0\0\0\x71\x81\xf4\x12\0\0\0\0\x73\x12\
\x25\x13\0\0\0\0\x71\x81\xf3\x12\0\0\0\0\x73\x12\x24\x13\0\0\0\0\x71\x81\xf2\
\x12\0\0\0\0\x73\x12\x23\x13\0\0\0\0\x71\x81\xf1\x12\0\0\0\0\x73\x12\x22\x13\0\
\0\0\0\x71\x81\xf0\x12\0\0\0\0\x73\x12\x21\x13\0\0\0\0\x71\x81\xef\x12\0\0\0\0\
\x73\x12\x20\x13\0\0\0\0\x71\x81\xee\x12\0\0\0\0\x73\x12\x1f\x13\0\0\0\0\x71\
\x81\xed\x12\0\0\0\0\x73\x12\x1e\x13\0\0\0\0\x71\x81\xec\x12\0\0\0\0\x73\x12\
\x1d\x13\0\0\0\0\x71\x81\xeb\x12\0\0\0\0\x73\x12\x1c\x13\0\0\0\0\x71\x81\xea\
\x12\0\0\0\0\x73\x12\x1b\x13\0\0\0\0\x71\x81\xe9\x12\0\0\0\0\x73\x12\x1a\x13\0\
\0\0\0\x71\x81\xe8\x12\0\0\0\0\x73\x12\x19\x13\0\0\0\0\x71\x81\xe7\x12\0\0\0\0\
\x73\x12\x18\x13\0\0\0\0\x71\x81\xe6\x12\0\0\0\0\x73\x12\x17\x13\0\0\0\0\x71\
\x81\xe5\x12\0\0\0\0\x73\x12\x16\x13\0\0\0\0\x71\x81\xe4\x12\0\0\0\0\x73\x12\
\x15\x13\0\0\0\0\x71\x81\xe3\x12\0\0\0\0\x73\x12\x14\x13\0\0\0\0\x71\x81\xe2\
\x12\0\0\0\0\x73\x12\x13\x13\0\0\0\0\x71\x81\xe1\x12\0\0\0\0\x73\x12\x12\x13\0\
\0\0\0\x71\x81\xe0\x12\0\0\0\0\x73\x12\x11\x13\0\0\0\0\x71\x81\xdf\x12\0\0\0\0\
\x73\x12\x10\x13\0\0\0\0\x71\x81\xde\x12\0\0\0\0\x73\x12\x0f\x13\0\0\0\0\x71\
\x81\xdd\x12\0\0\0\0\x73\x12\x0e\x13\0\0\0\0\x71\x81\xdc\x12\0\0\0\0\x73\x12\
\x0d\x13\0\0\0\0\x71\x81\xdb\x12\0\0\0\0\x73\x12\x0c\x13\0\0\0\0\x71\x81\xda\
\x12\0\0\0\0\x73\x12\x0b\x13\0\0\0\0\x71\x81\xd9\x12\0\0\0\0\x73\x12\x0a\x13\0\
\0\0\0\x71\x81\xd8\x12\0\0\0\0\x73\x12\x09\x13\0\0\0\0\x71\x81\xd7\x12\0\0\0\0\
\x73\x12\x08\x13\0\0\0\0\x71\x81\xd6\x12\0\0\0\0\x73\x12\x07\x13\0\0\0\0\x71\
\x81\xd5\x12\0\0\0\0\x73\x12\x06\x13\0\0\0\0\x71\x81\xd4\x12\0\0\0\0\x73\x12\
\x05\x13\0\0\0\0\x71\x81\xd3\x12\0\0\0\0\x73\x12\x04\x13\0\0\0\0\x71\x81\xd2\
\x12\0\0\0\0\x73\x12\x03\x13\0\0\0\0\x71\x81\xd1\x12\0\0\0\0\x73\x12\x02\x13\0\
\0\0\0\x71\x81\xd0\x12\0\0\0\0\x73\x12\x01\x13\0\0\0\0\x71\x81\xcf\x12\0\0\0\0\
\x73\x12\0\x13\0\0\0\0\x71\x81\xce\x12\0\0\0\0\x73\x12\xff\x12\0\0\0\0\x71\x81\
\xcd\x12\0\0\0\0\x73\x12\xfe\x12\0\0\0\0\x71\x81\xcc\x12\0\0\0\0\x73\x12\xfd\
\x12\0\0\0\0\x71\x81\xcb\x12\0\0\0\0\x73\x12\xfc\x12\0\0\0\0\x71\x81\xca\x12\0\
\0\0\0\x73\x12\xfb\x12\0\0\0\0\x71\x81\xc9\x12\0\0\0\0\x73\x12\xfa\x12\0\0\0\0\
\x71\x81\xc8\x12\0\0\0\0\x73\x12\xf9\x12\0\0\0\0\x71\x81\xc7\x12\0\0\0\0\x73\
\x12\xf8\x12\0\0\0\0\x71\x81\xc6\x12\0\0\0\0\x73\x12\xf7\x12\0\0\0\0\x71\x81\
\xc5\x12\0\0\0\0\x73\x12\xf6\x12\0\0\0\0\x71\x81\xc4\x12\0\0\0\0\x73\x12\xf5\
\x12\0\0\0\0\x71\x81\xc3\x12\0\0\0\0\x73\x12\xf4\x12\0\0\0\0\x71\x81\xc2\x12\0\
\0\0\0\x73\x12\xf3\x12\0\0\0\0\x71\x81\xc1\x12\0\0\0\0\x73\x12\xf2\x12\0\0\0\0\
\x71\x81\xc0\x12\0\0\0\0\x73\x12\xf1\x12\0\0\0\0\x71\x81\xbf\x12\0\0\0\0\x73\
\x12\xf0\x12\0\0\0\0\x71\x81\xbe\x12\0\0\0\0\x73\x12\xef\x12\0\0\0\0\x71\x81\
\xbd\x12\0\0\0\0\x73\x12\xee\x12\0\0\0\0\x71\x81\xbc\x12\0\0\0\0\x73\x12\xed\
\x12\0\0\0\0\x71\x81\xbb\x12\0\0\0\0\x73\x12\xec\x12\0\0\0\0\x71\x81\xba\x12\0\
\0\0\0\x73\x12\xeb\x12\0\0\0\0\x71\x81\xb9\x12\0\0\0\0\x73\x12\xea\x12\0\0\0\0\
\x71\x81\xb8\x12\0\0\0\0\x73\x12\xe9\x12\0\0\0\0\x71\x81\xb7\x12\0\0\0\0\x73\
\x12\xe8\x12\0\0\0\0\x71\x81\xb6\x12\0\0\0\0\x73\x12\xe7\x12\0\0\0\0\x71\x81\
\xb5\x12\0\0\0\0\x73\x12\xe6\x12\0\0\0\0\x71\x81\xb4\x12\0\0\0\0\x73\x12\xe5\
\x12\0\0\0\0\x71\x81\xb3\x12\0\0\0\0\x73\x12\xe4\x12\0\0\0\0\x71\x81\xb2\x12\0\
\0\0\0\x73\x12\xe3\x12\0\0\0\0\x71\x81\xb1\x12\0\0\0\0\x73\x12\xe2\x12\0\0\0\0\
\x71\x81\xb0\x12\0\0\0\0\x73\x12\xe1\x12\0\0\0\0\x71\x81\xaf\x12\0\0\0\0\x73\
\x12\xe0\x12\0\0\0\0\x71\x81\xae\x12\0\0\0\0\x73\x12\xdf\x12\0\0\0\0\x71\x81\
\xad\x12\0\0\0\0\x73\x12\xde\x12\0\0\0\0\x71\x81\xac\x12\0\0\0\0\x73\x12\xdd\
\x12\0\0\0\0\x71\x81\xab\x12\0\0\0\0\x73\x12\xdc\x12\0\0\0\0\x71\x81\xaa\x12\0\
\0\0\0\x73\x12\xdb\x12\0\0\0\0\x71\x81\xa9\x12\0\0\0\0\x73\x12\xda\x12\0\0\0\0\
\x71\x81\xa8\x12\0\0\0\0\x73\x12\xd9\x12\0\0\0\0\x71\x81\xa7\x12\0\0\0\0\x73\
\x12\xd8\x12\0\0\0\0\x71\x81\xa6\x12\0\0\0\0\x73\x12\xd7\x12\0\0\0\0\x71\x81\
\xa5\x12\0\0\0\0\x73\x12\xd6\x12\0\0\0\0\x71\x81\xa4\x12\0\0\0\0\x73\x12\xd5\
\x12\0\0\0\0\x71\x81\xa3\x12\0\0\0\0\x73\x12\xd4\x12\0\0\0\0\x71\x81\xa2\x12\0\
\0\0\0\x73\x12\xd3\x12\0\0\0\0\x71\x81\xa1\x12\0\0\0\0\x73\x12\xd2\x12\0\0\0\0\
\x71\x81\xa0\x12\0\0\0\0\x73\x12\xd1\x12\0\0\0\0\x71\x81\x9f\x12\0\0\0\0\x73\
\x12\xd0\x12\0\0\0\0\x71\x81\x9e\x12\0\0\0\0\x73\x12\xcf\x12\0\0\0\0\x71\x81\
\x9d\x12\0\0\0\0\x73\x12\xce\x12\0\0\0\0\x71\x81\x9c\x12\0\0\0\0\x73\x12\xcd\
\x12\0\0\0\0\x71\x81\x9b\x12\0\0\0\0\x73\x12\xcc\x12\0\0\0\0\x71\x81\x9a\x12\0\
\0\0\0\x73\x12\xcb\x12\0\0\0\0\x71\x81\x99\x12\0\0\0\0\x73\x12\xca\x12\0\0\0\0\
\x71\x81\x98\x12\0\0\0\0\x73\x12\xc9\x12\0\0\0\0\x71\x81\x97\x12\0\0\0\0\x73\
\x12\xc8\x12\0\0\0\0\x71\x81\x96\x12\0\0\0\0\x73\x12\xc7\x12\0\0\0\0\x71\x81\
\x95\x12\0\0\0\0\x73\x12\xc6\x12\0\0\0\0\x71\x81\x94\x12\0\0\0\0\x73\x12\xc5\
\x12\0\0\0\0\x71\x81\x93\x12\0\0\0\0\x73\x12\xc4\x12\0\0\0\0\x71\x81\x92\x12\0\
\0\0\0\x73\x12\xc3\x12\0\0\0\0\x71\x81\x91\x12\0\0\0\0\x73\x12\xc2\x12\0\0\0\0\
\x71\x81\x90\x12\0\0\0\0\x73\x12\xc1\x12\0\0\0\0\x71\x81\x8f\x12\0\0\0\0\x73\
\x12\xc0\x12\0\0\0\0\x71\x81\x8e\x12\0\0\0\0\x73\x12\xbf\x12\0\0\0\0\x71\x81\
\x8d\x12\0\0\0\0\x73\x12\xbe\x12\0\0\0\0\x71\x81\x8c\x12\0\0\0\0\x73\x12\xbd\
\x12\0\0\0\0\x71\x81\x8b\x12\0\0\0\0\x73\x12\xbc\x12\0\0\0\0\x71\x81\x8a\x12\0\
\0\0\0\x73\x12\xbb\x12\0\0\0\0\x71\x81\x89\x12\0\0\0\0\x73\x12\xba\x12\0\0\0\0\
\x71\x81\x88\x12\0\0\0\0\x73\x12\xb9\x12\0\0\0\0\x71\x81\x87\x12\0\0\0\0\x73\
\x12\xb8\x12\0\0\0\0\x71\x81\x86\x12\0\0\0\0\x73\x12\xb7\x12\0\0\0\0\x71\x81\
\x85\x12\0\0\0\0\x73\x12\xb6\x12\0\0\0\0\x71\x81\x84\x12\0\0\0\0\x73\x12\xb5\
\x12\0\0\0\0\x71\x81\x83\x12\0\0\0\0\x73\x12\xb4\x12\0\0\0\0\x71\x81\x82\x12\0\
\0\0\0\x73\x12\xb3\x12\0\0\0\0\x71\x81\x81\x12\0\0\0\0\x73\x12\xb2\x12\0\0\0\0\
\x71\x81\x80\x12\0\0\0\0\x73\x12\xb1\x12\0\0\0\0\x71\x81\x7f\x12\0\0\0\0\x73\
\x12\xb0\x12\0\0\0\0\x71\x81\x7e\x12\0\0\0\0\x73\x12\xaf\x12\0\0\0\0\x71\x81\
\x7d\x12\0\0\0\0\x73\x12\xae\x12\0\0\0\0\x71\x81\x7c\x12\0\0\0\0\x73\x12\xad\
\x12\0\0\0\0\x71\x81\x7b\x12\0\0\0\0\x73\x12\xac\x12\0\0\0\0\x71\x81\x7a\x12\0\
\0\0\0\x73\x12\xab\x12\0\0\0\0\x71\x81\x79\x12\0\0\0\0\x73\x12\xaa\x12\0\0\0\0\
\x71\x81\x78\x12\0\0\0\0\x73\x12\xa9\x12\0\0\0\0\x71\x81\x77\x12\0\0\0\0\x73\
\x12\xa8\x12\0\0\0\0\x71\x81\x76\x12\0\0\0\0\x73\x12\xa7\x12\0\0\0\0\x71\x81\
\x75\x12\0\0\0\0\x73\x12\xa6\x12\0\0\0\0\x71\x81\x74\x12\0\0\0\0\x73\x12\xa5\
\x12\0\0\0\0\x71\x81\x73\x12\0\0\0\0\x73\x12\xa4\x12\0\0\0\0\x71\x81\x72\x12\0\
\0\0\0\x73\x12\xa3\x12\0\0\0\0\x71\x81\x71\x12\0\0\0\0\x73\x12\xa2\x12\0\0\0\0\
\x71\x81\x70\x12\0\0\0\0\x73\x12\xa1\x12\0\0\0\0\x71\x81\x6f\x12\0\0\0\0\x73\
\x12\xa0\x12\0\0\0\0\x71\x81\x6e\x12\0\0\0\0\x73\x12\x9f\x12\0\0\0\0\x71\x81\
\x6d\x12\0\0\0\0\x73\x12\x9e\x12\0\0\0\0\x71\x81\x6c\x12\0\0\0\0\x73\x12\x9d\
\x12\0\0\0\0\x71\x81\x6b\x12\0\0\0\0\x73\x12\x9c\x12\0\0\0\0\x71\x81\x6a\x12\0\
\0\0\0\x73\x12\x9b\x12\0\0\0\0\x71\x81\x69\x12\0\0\0\0\x73\x12\x9a\x12\0\0\0\0\
\x71\x81\x68\x12\0\0\0\0\x73\x12\x99\x12\0\0\0\0\x71\x81\x67\x12\0\0\0\0\x73\
\x12\x98\x12\0\0\0\0\x71\x81\x66\x12\0\0\0\0\x73\x12\x97\x12\0\0\0\0\x71\x81\
\x65\x12\0\0\0\0\x73\x12\x96\x12\0\0\0\0\x71\x81\x64\x12\0\0\0\0\x73\x12\x95\
\x12\0\0\0\0\x71\x81\x63\x12\0\0\0\0\x73\x12\x94\x12\0\0\0\0\x71\x81\x62\x12\0\
\0\0\0\x73\x12\x93\x12\0\0\0\0\x71\x81\x61\x12\0\0\0\0\x73\x12\x92\x12\0\0\0\0\
\x71\x81\x60\x12\0\0\0\0\x73\x12\x91\x12\0\0\0\0\x71\x81\x5f\x12\0\0\0\0\x73\
\x12\x90\x12\0\0\0\0\x71\x81\x5e\x12\0\0\0\0\x73\x12\x8f\x12\0\0\0\0\x71\x81\
\x5d\x12\0\0\0\0\x73\x12\x8e\x12\0\0\0\0\x71\x81\x5c\x12\0\0\0\0\x73\x12\x8d\
\x12\0\0\0\0\x71\x81\x5b\x12\0\0\0\0\x73\x12\x8c\x12\0\0\0\0\x71\x81\x5a\x12\0\
\0\0\0\x73\x12\x8b\x12\0\0\0\0\x71\x81\x59\x12\0\0\0\0\x73\x12\x8a\x12\0\0\0\0\
\x71\x81\x58\x12\0\0\0\0\x73\x12\x89\x12\0\0\0\0\x71\x81\x57\x12\0\0\0\0\x73\
\x12\x88\x12\0\0\0\0\x71\x81\x56\x12\0\0\0\0\x73\x12\x87\x12\0\0\0\0\x71\x81\
\x55\x12\0\0\0\0\x73\x12\x86\x12\0\0\0\0\x71\x81\x54\x12\0\0\0\0\x73\x12\x85\
\x12\0\0\0\0\x71\x81\x53\x12\0\0\0\0\x73\x12\x84\x12\0\0\0\0\x71\x81\x52\x12\0\
\0\0\0\x73\x12\x83\x12\0\0\0\0\x71\x81\x51\x12\0\0\0\0\x73\x12\x82\x12\0\0\0\0\
\x71\x81\x50\x12\0\0\0\0\x73\x12\x81\x12\0\0\0\0\x71\x81\x4f\x12\0\0\0\0\x73\
\x12\x80\x12\0\0\0\0\x71\x81\x4e\x12\0\0\0\0\x73\x12\x7f\x12\0\0\0\0\x71\x81\
\x4d\x12\0\0\0\0\x73\x12\x7e\x12\0\0\0\0\x71\x81\x4c\x12\0\0\0\0\x73\x12\x7d\
\x12\0\0\0\0\x71\x81\x4b\x12\0\0\0\0\x73\x12\x7c\x12\0\0\0\0\x71\x81\x4a\x12\0\
\0\0\0\x73\x12\x7b\x12\0\0\0\0\x71\x81\x49\x12\0\0\0\0\x73\x12\x7a\x12\0\0\0\0\
\x71\x81\x48\x12\0\0\0\0\x73\x12\x79\x12\0\0\0\0\x71\x81\x47\x12\0\0\0\0\x73\
\x12\x78\x12\0\0\0\0\x71\x81\x46\x12\0\0\0\0\x73\x12\x77\x12\0\0\0\0\x71\x81\
\x45\x12\0\0\0\0\x73\x12\x76\x12\0\0\0\0\x71\x81\x44\x12\0\0\0\0\x73\x12\x75\
\x12\0\0\0\0\x71\x81\x43\x12\0\0\0\0\x73\x12\x74\x12\0\0\0\0\x71\x81\x42\x12\0\
\0\0\0\x73\x12\x73\x12\0\0\0\0\x71\x81\x41\x12\0\0\0\0\x73\x12\x72\x12\0\0\0\0\
\x71\x81\x40\x12\0\0\0\0\x73\x12\x71\x12\0\0\0\0\x71\x81\x3f\x12\0\0\0\0\x73\
\x12\x70\x12\0\0\0\0\x71\x81\x3e\x12\0\0\0\0\x73\x12\x6f\x12\0\0\0\0\x71\x81\
\x3d\x12\0\0\0\0\x73\x12\x6e\x12\0\0\0\0\x71\x81\x3c\x12\0\0\0\0\x73\x12\x6d\
\x12\0\0\0\0\x71\x81\x3b\x12\0\0\0\0\x73\x12\x6c\x12\0\0\0\0\x71\x81\x3a\x12\0\
\0\0\0\x73\x12\x6b\x12\0\0\0\0\x71\x81\x39\x12\0\0\0\0\x73\x12\x6a\x12\0\0\0\0\
\x71\x81\x38\x12\0\0\0\0\x73\x12\x69\x12\0\0\0\0\x71\x81\x37\x12\0\0\0\0\x73\
\x12\x68\x12\0\0\0\0\x71\x81\x36\x12\0\0\0\0\x73\x12\x67\x12\0\0\0\0\x71\x81\
\x35\x12\0\0\0\0\x73\x12\x66\x12\0\0\0\0\x71\x81\x34\x12\0\0\0\0\x73\x12\x65\
\x12\0\0\0\0\x71\x81\x33\x12\0\0\0\0\x73\x12\x64\x12\0\0\0\0\x71\x81\x32\x12\0\
\0\0\0\x73\x12\x63\x12\0\0\0\0\x71\x81\x31\x12\0\0\0\0\x73\x12\x62\x12\0\0\0\0\
\x71\x81\x30\x12\0\0\0\0\x73\x12\x61\x12\0\0\0\0\x71\x81\x2f\x12\0\0\0\0\x73\
\x12\x60\x12\0\0\0\0\x71\x81\x2e\x12\0\0\0\0\x73\x12\x5f\x12\0\0\0\0\x71\x81\
\x2d\x12\0\0\0\0\x73\x12\x5e\x12\0\0\0\0\x71\x81\x2c\x12\0\0\0\0\x73\x12\x5d\
\x12\0\0\0\0\x71\x81\x2b\x12\0\0\0\0\x73\x12\x5c\x12\0\0\0\0\x71\x81\x2a\x12\0\
\0\0\0\x73\x12\x5b\x12\0\0\0\0\x71\x81\x29\x12\0\0\0\0\x73\x12\x5a\x12\0\0\0\0\
\x71\x81\x28\x12\0\0\0\0\x73\x12\x59\x12\0\0\0\0\x71\x81\x27\x12\0\0\0\0\x73\
\x12\x58\x12\0\0\0\0\x71\x81\x26\x12\0\0\0\0\x73\x12\x57\x12\0\0\0\0\x71\x81\
\x25\x12\0\0\0\0\x73\x12\x56\x12\0\0\0\0\x71\x81\x24\x12\0\0\0\0\x73\x12\x55\
\x12\0\0\0\0\x71\x81\x23\x12\0\0\0\0\x73\x12\x54\x12\0\0\0\0\x71\x81\x22\x12\0\
\0\0\0\x73\x12\x53\x12\0\0\0\0\x71\x81\x21\x12\0\0\0\0\x73\x12\x52\x12\0\0\0\0\
\x71\x81\x20\x12\0\0\0\0\x73\x12\x51\x12\0\0\0\0\x71\x81\x1f\x12\0\0\0\0\x73\
\x12\x50\x12\0\0\0\0\x71\x81\x1e\x12\0\0\0\0\x73\x12\x4f\x12\0\0\0\0\x71\x81\
\x1d\x12\0\0\0\0\x73\x12\x4e\x12\0\0\0\0\x71\x81\x1c\x12\0\0\0\0\x73\x12\x4d\
\x12\0\0\0\0\x71\x81\x1b\x12\0\0\0\0\x73\x12\x4c\x12\0\0\0\0\x71\x81\x1a\x12\0\
\0\0\0\x73\x12\x4b\x12\0\0\0\0\x71\x81\x19\x12\0\0\0\0\x73\x12\x4a\x12\0\0\0\0\
\x71\x81\x18\x12\0\0\0\0\x73\x12\x49\x12\0\0\0\0\x71\x81\x17\x12\0\0\0\0\x73\
\x12\x48\x12\0\0\0\0\x71\x81\x16\x12\0\0\0\0\x73\x12\x47\x12\0\0\0\0\x71\x81\
\x15\x12\0\0\0\0\x73\x12\x46\x12\0\0\0\0\x71\x81\x14\x12\0\0\0\0\x73\x12\x45\
\x12\0\0\0\0\x71\x81\x13\x12\0\0\0\0\x73\x12\x44\x12\0\0\0\0\x71\x81\x12\x12\0\
\0\0\0\x73\x12\x43\x12\0\0\0\0\x71\x81\x11\x12\0\0\0\0\x73\x12\x42\x12\0\0\0\0\
\x71\x81\x10\x12\0\0\0\0\x73\x12\x41\x12\0\0\0\0\x71\x81\x0f\x12\0\0\0\0\x73\
\x12\x40\x12\0\0\0\0\x71\x81\x0e\x12\0\0\0\0\x73\x12\x3f\x12\0\0\0\0\x71\x81\
\x0d\x12\0\0\0\0\x73\x12\x3e\x12\0\0\0\0\x71\x81\x0c\x12\0\0\0\0\x73\x12\x3d\
\x12\0\0\0\0\x71\x81\x0b\x12\0\0\0\0\x73\x12\x3c\x12\0\0\0\0\x71\x81\x0a\x12\0\
\0\0\0\x73\x12\x3b\x12\0\0\0\0\x71\x81\x09\x12\0\0\0\0\x73\x12\x3a\x12\0\0\0\0\
\x71\x81\x08\x12\0\0\0\0\x73\x12\x39\x12\0\0\0\0\x71\x81\x07\x12\0\0\0\0\x73\
\x12\x38\x12\0\0\0\0\x71\x81\x06\x12\0\0\0\0\x73\x12\x37\x12\0\0\0\0\x71\x81\
\x05\x12\0\0\0\0\x73\x12\x36\x12\0\0\0\0\x71\x81\x04\x12\0\0\0\0\x73\x12\x35\
\x12\0\0\0\0\x71\x81\x03\x12\0\0\0\0\x73\x12\x34\x12\0\0\0\0\x71\x81\x02\x12\0\
\0\0\0\x73\x12\x33\x12\0\0\0\0\x71\x81\x01\x12\0\0\0\0\x73\x12\x32\x12\0\0\0\0\
\x71\x81\0\x12\0\0\0\0\x73\x12\x31\x12\0\0\0\0\xa6\x04\x4f\x20\x01\x13\0\0\xbf\
\x81\0\0\0\0\0\0\x07\x01\0\0\0\x14\0\0\x2d\x51\x4c\x20\0\0\0\0\x71\x81\xff\x13\
\0\0\0\0\x79\xa2\xb0\xff\0\0\0\0\x73\x12\x30\x14\0\0\0\0\x71\x81\xfe\x13\0\0\0\
\0\x73\x12\x2f\x14\0\0\0\0\x71\x81\xfd\x13\0\0\0\0\x73\x12\x2e\x14\0\0\0\0\x71\
\x81\xfc\x13\0\0\0\0\x73\x12\x2d\x14\0\0\0\0\x71\x81\xfb\x13\0\0\0\0\x73\x12\
\x2c\x14\0\0\0\0\x71\x81\xfa\x13\0\0\0\0\x73\x12\x2b\x14\0\0\0\0\x71\x81\xf9\
\x13\0\0\0\0\x73\x12\x2a\x14\0\0\0\0\x71\x81\xf8\x13\0\0\0\0\x73\x12\x29\x14\0\
\0\0\0\x71\x81\xf7\x13\0\0\0\0\x73\x12\x28\x14\0\0\0\0\x71\x81\xf6\x13\0\0\0\0\
\x73\x12\x27\x14\0\0\0\0\x71\x81\xf5\x13\0\0\0\0\x73\x12\x26\x14\0\0\0\0\x71\
\x81\xf4\x13\0\0\0\0\x73\x12\x25\x14\0\0\0\0\x71\x81\xf3\x13\0\0\0\0\x73\x12\
\x24\x14\0\0\0\0\x71\x81\xf2\x13\0\0\0\0\x73\x12\x23\x14\0\0\0\0\x71\x81\xf1\
\x13\0\0\0\0\x73\x12\x22\x14\0\0\0\0\x71\x81\xf0\x13\0\0\0\0\x73\x12\x21\x14\0\
\0\0\0\x71\x81\xef\x13\0\0\0\0\x73\x12\x20\x14\0\0\0\0\x71\x81\xee\x13\0\0\0\0\
\x73\x12\x1f\x14\0\0\0\0\x71\x81\xed\x13\0\0\0\0\x73\x12\x1e\x14\0\0\0\0\x71\
\x81\xec\x13\0\0\0\0\x73\x12\x1d\x14\0\0\0\0\x71\x81\xeb\x13\0\0\0\0\x73\x12\
\x1c\x14\0\0\0\0\x71\x81\xea\x13\0\0\0\0\x73\x12\x1b\x14\0\0\0\0\x71\x81\xe9\
\x13\0\0\0\0\x73\x12\x1a\x14\0\0\0\0\x71\x81\xe8\x13\0\0\0\0\x73\x12\x19\x14\0\
\0\0\0\x71\x81\xe7\x13\0\0\0\0\x73\x12\x18\x14\0\0\0\0\x71\x81\xe6\x13\0\0\0\0\
\x73\x12\x17\x14\0\0\0\0\x71\x81\xe5\x13\0\0\0\0\x73\x12\x16\x14\0\0\0\0\x71\
\x81\xe4\x13\0\0\0\0\x73\x12\x15\x14\0\0\0\0\x71\x81\xe3\x13\0\0\0\0\x73\x12\
\x14\x14\0\0\0\0\x71\x81\xe2\x13\0\0\0\0\x73\x12\x13\x14\0\0\0\0\x71\x81\xe1\
\x13\0\0\0\0\x73\x12\x12\x14\0\0\0\0\x71\x81\xe0\x13\0\0\0\0\x73\x12\x11\x14\0\
\0\0\0\x71\x81\xdf\x13\0\0\0\0\x73\x12\x10\x14\0\0\0\0\x71\x81\xde\x13\0\0\0\0\
\x73\x12\x0f\x14\0\0\0\0\x71\x81\xdd\x13\0\0\0\0\x73\x12\x0e\x14\0\0\0\0\x71\
\x81\xdc\x13\0\0\0\0\x73\x12\x0d\x14\0\0\0\0\x71\x81\xdb\x13\0\0\0\0\x73\x12\
\x0c\x14\0\0\0\0\x71\x81\xda\x13\0\0\0\0\x73\x12\x0b\x14\0\0\0\0\x71\x81\xd9\
\x13\0\0\0\0\x73\x12\x0a\x14\0\0\0\0\x71\x81\xd8\x13\0\0\0\0\x73\x12\x09\x14\0\
\0\0\0\x71\x81\xd7\x13\0\0\0\0\x73\x12\x08\x14\0\0\0\0\x71\x81\xd6\x13\0\0\0\0\
\x73\x12\x07\x14\0\0\0\0\x71\x81\xd5\x13\0\0\0\0\x73\x12\x06\x14\0\0\0\0\x71\
\x81\xd4\x13\0\0\0\0\x73\x12\x05\x14\0\0\0\0\x71\x81\xd3\x13\0\0\0\0\x73\x12\
\x04\x14\0\0\0\0\x71\x81\xd2\x13\0\0\0\0\x73\x12\x03\x14\0\0\0\0\x71\x81\xd1\
\x13\0\0\0\0\x73\x12\x02\x14\0\0\0\0\x71\x81\xd0\x13\0\0\0\0\x73\x12\x01\x14\0\
\0\0\0\x71\x81\xcf\x13\0\0\0\0\x73\x12\0\x14\0\0\0\0\x71\x81\xce\x13\0\0\0\0\
\x73\x12\xff\x13\0\0\0\0\x71\x81\xcd\x13\0\0\0\0\x73\x12\xfe\x13\0\0\0\0\x71\
\x81\xcc\x13\0\0\0\0\x73\x12\xfd\x13\0\0\0\0\x71\x81\xcb\x13\0\0\0\0\x73\x12\
\xfc\x13\0\0\0\0\x71\x81\xca\x13\0\0\0\0\x73\x12\xfb\x13\0\0\0\0\x71\x81\xc9\
\x13\0\0\0\0\x73\x12\xfa\x13\0\0\0\0\x71\x81\xc8\x13\0\0\0\0\x73\x12\xf9\x13\0\
\0\0\0\x71\x81\xc7\x13\0\0\0\0\x73\x12\xf8\x13\0\0\0\0\x71\x81\xc6\x13\0\0\0\0\
\x73\x12\xf7\x13\0\0\0\0\x71\x81\xc5\x13\0\0\0\0\x73\x12\xf6\x13\0\0\0\0\x71\
\x81\xc4\x13\0\0\0\0\x73\x12\xf5\x13\0\0\0\0\x71\x81\xc3\x13\0\0\0\0\x73\x12\
\xf4\x13\0\0\0\0\x71\x81\xc2\x13\0\0\0\0\x73\x12\xf3\x13\0\0\0\0\x71\x81\xc1\
\x13\0\0\0\0\x73\x12\xf2\x13\0\0\0\0\x71\x81\xc0\x13\0\0\0\0\x73\x12\xf1\x13\0\
\0\0\0\x71\x81\xbf\x13\0\0\0\0\x73\x12\xf0\x13\0\0\0\0\x71\x81\xbe\x13\0\0\0\0\
\x73\x12\xef\x13\0\0\0\0\x71\x81\xbd\x13\0\0\0\0\x73\x12\xee\x13\0\0\0\0\x71\
\x81\xbc\x13\0\0\0\0\x73\x12\xed\x13\0\0\0\0\x71\x81\xbb\x13\0\0\0\0\x73\x12\
\xec\x13\0\0\0\0\x71\x81\xba\x13\0\0\0\0\x73\x12\xeb\x13\0\0\0\0\x71\x81\xb9\
\x13\0\0\0\0\x73\x12\xea\x13\0\0\0\0\x71\x81\xb8\x13\0\0\0\0\x73\x12\xe9\x13\0\
\0\0\0\x71\x81\xb7\x13\0\0\0\0\x73\x12\xe8\x13\0\0\0\0\x71\x81\xb6\x13\0\0\0\0\
\x73\x12\xe7\x13\0\0\0\0\x71\x81\xb5\x13\0\0\0\0\x73\x12\xe6\x13\0\0\0\0\x71\
\x81\xb4\x13\0\0\0\0\x73\x12\xe5\x13\0\0\0\0\x71\x81\xb3\x13\0\0\0\0\x73\x12\
\xe4\x13\0\0\0\0\x71\x81\xb2\x13\0\0\0\0\x73\x12\xe3\x13\0\0\0\0\x71\x81\xb1\
\x13\0\0\0\0\x73\x12\xe2\x13\0\0\0\0\x71\x81\xb0\x13\0\0\0\0\x73\x12\xe1\x13\0\
\0\0\0\x71\x81\xaf\x13\0\0\0\0\x73\x12\xe0\x13\0\0\0\0\x71\x81\xae\x13\0\0\0\0\
\x73\x12\xdf\x13\0\0\0\0\x71\x81\xad\x13\0\0\0\0\x73\x12\xde\x13\0\0\0\0\x71\
\x81\xac\x13\0\0\0\0\x73\x12\xdd\x13\0\0\0\0\x71\x81\xab\x13\0\0\0\0\x73\x12\
\xdc\x13\0\0\0\0\x71\x81\xaa\x13\0\0\0\0\x73\x12\xdb\x13\0\0\0\0\x71\x81\xa9\
\x13\0\0\0\0\x73\x12\xda\x13\0\0\0\0\x71\x81\xa8\x13\0\0\0\0\x73\x12\xd9\x13\0\
\0\0\0\x71\x81\xa7\x13\0\0\0\0\x73\x12\xd8\x13\0\0\0\0\x71\x81\xa6\x13\0\0\0\0\
\x73\x12\xd7\x13\0\0\0\0\x71\x81\xa5\x13\0\0\0\0\x73\x12\xd6\x13\0\0\0\0\x71\
\x81\xa4\x13\0\0\0\0\x73\x12\xd5\x13\0\0\0\0\x71\x81\xa3\x13\0\0\0\0\x73\x12\
\xd4\x13\0\0\0\0\x71\x81\xa2\x13\0\0\0\0\x73\x12\xd3\x13\0\0\0\0\x71\x81\xa1\
\x13\0\0\0\0\x73\x12\xd2\x13\0\0\0\0\x71\x81\xa0\x13\0\0\0\0\x73\x12\xd1\x13\0\
\0\0\0\x71\x81\x9f\x13\0\0\0\0\x73\x12\xd0\x13\0\0\0\0\x71\x81\x9e\x13\0\0\0\0\
\x73\x12\xcf\x13\0\0\0\0\x71\x81\x9d\x13\0\0\0\0\x73\x12\xce\x13\0\0\0\0\x71\
\x81\x9c\x13\0\0\0\0\x73\x12\xcd\x13\0\0\0\0\x71\x81\x9b\x13\0\0\0\0\x73\x12\
\xcc\x13\0\0\0\0\x71\x81\x9a\x13\0\0\0\0\x73\x12\xcb\x13\0\0\0\0\x71\x81\x99\
\x13\0\0\0\0\x73\x12\xca\x13\0\0\0\0\x71\x81\x98\x13\0\0\0\0\x73\x12\xc9\x13\0\
\0\0\0\x71\x81\x97\x13\0\0\0\0\x73\x12\xc8\x13\0\0\0\0\x71\x81\x96\x13\0\0\0\0\
\x73\x12\xc7\x13\0\0\0\0\x71\x81\x95\x13\0\0\0\0\x73\x12\xc6\x13\0\0\0\0\x71\
\x81\x94\x13\0\0\0\0\x73\x12\xc5\x13\0\0\0\0\x71\x81\x93\x13\0\0\0\0\x73\x12\
\xc4\x13\0\0\0\0\x71\x81\x92\x13\0\0\0\0\x73\x12\xc3\x13\0\0\0\0\x71\x81\x91\
\x13\0\0\0\0\x73\x12\xc2\x13\0\0\0\0\x71\x81\x90\x13\0\0\0\0\x73\x12\xc1\x13\0\
\0\0\0\x71\x81\x8f\x13\0\0\0\0\x73\x12\xc0\x13\0\0\0\0\x71\x81\x8e\x13\0\0\0\0\
\x73\x12\xbf\x13\0\0\0\0\x71\x81\x8d\x13\0\0\0\0\x73\x12\xbe\x13\0\0\0\0\x71\
\x81\x8c\x13\0\0\0\0\x73\x12\xbd\x13\0\0\0\0\x71\x81\x8b\x13\0\0\0\0\x73\x12\
\xbc\x13\0\0\0\0\x71\x81\x8a\x13\0\0\0\0\x73\x12\xbb\x13\0\0\0\0\x71\x81\x89\
\x13\0\0\0\0\x73\x12\xba\x13\0\0\0\0\x71\x81\x88\x13\0\0\0\0\x73\x12\xb9\x13\0\
\0\0\0\x71\x81\x87\x13\0\0\0\0\x73\x12\xb8\x13\0\0\0\0\x71\x81\x86\x13\0\0\0\0\
\x73\x12\xb7\x13\0\0\0\0\x71\x81\x85\x13\0\0\0\0\x73\x12\xb6\x13\0\0\0\0\x71\
\x81\x84\x13\0\0\0\0\x73\x12\xb5\x13\0\0\0\0\x71\x81\x83\x13\0\0\0\0\x73\x12\
\xb4\x13\0\0\0\0\x71\x81\x82\x13\0\0\0\0\x73\x12\xb3\x13\0\0\0\0\x71\x81\x81\
\x13\0\0\0\0\x73\x12\xb2\x13\0\0\0\0\x71\x81\x80\x13\0\0\0\0\x73\x12\xb1\x13\0\
\0\0\0\x71\x81\x7f\x13\0\0\0\0\x73\x12\xb0\x13\0\0\0\0\x71\x81\x7e\x13\0\0\0\0\
\x73\x12\xaf\x13\0\0\0\0\x71\x81\x7d\x13\0\0\0\0\x73\x12\xae\x13\0\0\0\0\x71\
\x81\x7c\x13\0\0\0\0\x73\x12\xad\x13\0\0\0\0\x71\x81\x7b\x13\0\0\0\0\x73\x12\
\xac\x13\0\0\0\0\x71\x81\x7a\x13\0\0\0\0\x73\x12\xab\x13\0\0\0\0\x71\x81\x79\
\x13\0\0\0\0\x73\x12\xaa\x13\0\0\0\0\x71\x81\x78\x13\0\0\0\0\x73\x12\xa9\x13\0\
\0\0\0\x71\x81\x77\x13\0\0\0\0\x73\x12\xa8\x13\0\0\0\0\x71\x81\x76\x13\0\0\0\0\
\x73\x12\xa7\x13\0\0\0\0\x71\x81\x75\x13\0\0\0\0\x73\x12\xa6\x13\0\0\0\0\x71\
\x81\x74\x13\0\0\0\0\x73\x12\xa5\x13\0\0\0\0\x71\x81\x73\x13\0\0\0\0\x73\x12\
\xa4\x13\0\0\0\0\x71\x81\x72\x13\0\0\0\0\x73\x12\xa3\x13\0\0\0\0\x71\x81\x71\
\x13\0\0\0\0\x73\x12\xa2\x13\0\0\0\0\x71\x81\x70\x13\0\0\0\0\x73\x12\xa1\x13\0\
\0\0\0\x71\x81\x6f\x13\0\0\0\0\x73\x12\xa0\x13\0\0\0\0\x71\x81\x6e\x13\0\0\0\0\
\x73\x12\x9f\x13\0\0\0\0\x71\x81\x6d\x13\0\0\0\0\x73\x12\x9e\x13\0\0\0\0\x71\
\x81\x6c\x13\0\0\0\0\x73\x12\x9d\x13\0\0\0\0\x71\x81\x6b\x13\0\0\0\0\x73\x12\
\x9c\x13\0\0\0\0\x71\x81\x6a\x13\0\0\0\0\x73\x12\x9b\x13\0\0\0\0\x71\x81\x69\
\x13\0\0\0\0\x73\x12\x9a\x13\0\0\0\0\x71\x81\x68\x13\0\0\0\0\x73\x12\x99\x13\0\
\0\0\0\x71\x81\x67\x13\0\0\0\0\x73\x12\x98\x13\0\0\0\0\x71\x81\x66\x13\0\0\0\0\
\x73\x12\x97\x13\0\0\0\0\x71\x81\x65\x13\0\0\0\0\x73\x12\x96\x13\0\0\0\0\x71\
\x81\x64\x13\0\0\0\0\x73\x12\x95\x13\0\0\0\0\x71\x81\x63\x13\0\0\0\0\x73\x12\
\x94\x13\0\0\0\0\x71\x81\x62\x13\0\0\0\0\x73\x12\x93\x13\0\0\0\0\x71\x81\x61\
\x13\0\0\0\0\x73\x12\x92\x13\0\0\0\0\x71\x81\x60\x13\0\0\0\0\x73\x12\x91\x13\0\
\0\0\0\x71\x81\x5f\x13\0\0\0\0\x73\x12\x90\x13\0\0\0\0\x71\x81\x5e\x13\0\0\0\0\
\x73\x12\x8f\x13\0\0\0\0\x71\x81\x5d\x13\0\0\0\0\x73\x12\x8e\x13\0\0\0\0\x71\
\x81\x5c\x13\0\0\0\0\x73\x12\x8d\x13\0\0\0\0\x71\x81\x5b\x13\0\0\0\0\x73\x12\
\x8c\x13\0\0\0\0\x71\x81\x5a\x13\0\0\0\0\x73\x12\x8b\x13\0\0\0\0\x71\x81\x59\
\x13\0\0\0\0\x73\x12\x8a\x13\0\0\0\0\x71\x81\x58\x13\0\0\0\0\x73\x12\x89\x13\0\
\0\0\0\x71\x81\x57\x13\0\0\0\0\x73\x12\x88\x13\0\0\0\0\x71\x81\x56\x13\0\0\0\0\
\x73\x12\x87\x13\0\0\0\0\x71\x81\x55\x13\0\0\0\0\x73\x12\x86\x13\0\0\0\0\x71\
\x81\x54\x13\0\0\0\0\x73\x12\x85\x13\0\0\0\0\x71\x81\x53\x13\0\0\0\0\x73\x12\
\x84\x13\0\0\0\0\x71\x81\x52\x13\0\0\0\0\x73\x12\x83\x13\0\0\0\0\x71\x81\x51\
\x13\0\0\0\0\x73\x12\x82\x13\0\0\0\0\x71\x81\x50\x13\0\0\0\0\x73\x12\x81\x13\0\
\0\0\0\x71\x81\x4f\x13\0\0\0\0\x73\x12\x80\x13\0\0\0\0\x71\x81\x4e\x13\0\0\0\0\
\x73\x12\x7f\x13\0\0\0\0\x71\x81\x4d\x13\0\0\0\0\x73\x12\x7e\x13\0\0\0\0\x71\
\x81\x4c\x13\0\0\0\0\x73\x12\x7d\x13\0\0\0\0\x71\x81\x4b\x13\0\0\0\0\x73\x12\
\x7c\x13\0\0\0\0\x71\x81\x4a\x13\0\0\0\0\x73\x12\x7b\x13\0\0\0\0\x71\x81\x49\
\x13\0\0\0\0\x73\x12\x7a\x13\0\0\0\0\x71\x81\x48\x13\0\0\0\0\x73\x12\x79\x13\0\
\0\0\0\x71\x81\x47\x13\0\0\0\0\x73\x12\x78\x13\0\0\0\0\x71\x81\x46\x13\0\0\0\0\
\x73\x12\x77\x13\0\0\0\0\x71\x81\x45\x13\0\0\0\0\x73\x12\x76\x13\0\0\0\0\x71\
\x81\x44\x13\0\0\0\0\x73\x12\x75\x13\0\0\0\0\x71\x81\x43\x13\0\0\0\0\x73\x12\
\x74\x13\0\0\0\0\x71\x81\x42\x13\0\0\0\0\x73\x12\x73\x13\0\0\0\0\x71\x81\x41\
\x13\0\0\0\0\x73\x12\x72\x13\0\0\0\0\x71\x81\x40\x13\0\0\0\0\x73\x12\x71\x13\0\
\0\0\0\x71\x81\x3f\x13\0\0\0\0\x73\x12\x70\x13\0\0\0\0\x71\x81\x3e\x13\0\0\0\0\
\x73\x12\x6f\x13\0\0\0\0\x71\x81\x3d\x13\0\0\0\0\x73\x12\x6e\x13\0\0\0\0\x71\
\x81\x3c\x13\0\0\0\0\x73\x12\x6d\x13\0\0\0\0\x71\x81\x3b\x13\0\0\0\0\x73\x12\
\x6c\x13\0\0\0\0\x71\x81\x3a\x13\0\0\0\0\x73\x12\x6b\x13\0\0\0\0\x71\x81\x39\
\x13\0\0\0\0\x73\x12\x6a\x13\0\0\0\0\x71\x81\x38\x13\0\0\0\0\x73\x12\x69\x13\0\
\0\0\0\x71\x81\x37\x13\0\0\0\0\x73\x12\x68\x13\0\0\0\0\x71\x81\x36\x13\0\0\0\0\
\x73\x12\x67\x13\0\0\0\0\x71\x81\x35\x13\0\0\0\0\x73\x12\x66\x13\0\0\0\0\x71\
\x81\x34\x13\0\0\0\0\x73\x12\x65\x13\0\0\0\0\x71\x81\x33\x13\0\0\0\0\x73\x12\
\x64\x13\0\0\0\0\x71\x81\x32\x13\0\0\0\0\x73\x12\x63\x13\0\0\0\0\x71\x81\x31\
\x13\0\0\0\0\x73\x12\x62\x13\0\0\0\0\x71\x81\x30\x13\0\0\0\0\x73\x12\x61\x13\0\
\0\0\0\x71\x81\x2f\x13\0\0\0\0\x73\x12\x60\x13\0\0\0\0\x71\x81\x2e\x13\0\0\0\0\
\x73\x12\x5f\x13\0\0\0\0\x71\x81\x2d\x13\0\0\0\0\x73\x12\x5e\x13\0\0\0\0\x71\
\x81\x2c\x13\0\0\0\0\x73\x12\x5d\x13\0\0\0\0\x71\x81\x2b\x13\0\0\0\0\x73\x12\
\x5c\x13\0\0\0\0\x71\x81\x2a\x13\0\0\0\0\x73\x12\x5b\x13\0\0\0\0\x71\x81\x29\
\x13\0\0\0\0\x73\x12\x5a\x13\0\0\0\0\x71\x81\x28\x13\0\0\0\0\x73\x12\x59\x13\0\
\0\0\0\x71\x81\x27\x13\0\0\0\0\x73\x12\x58\x13\0\0\0\0\x71\x81\x26\x13\0\0\0\0\
\x73\x12\x57\x13\0\0\0\0\x71\x81\x25\x13\0\0\0\0\x73\x12\x56\x13\0\0\0\0\x71\
\x81\x24\x13\0\0\0\0\x73\x12\x55\x13\0\0\0\0\x71\x81\x23\x13\0\0\0\0\x73\x12\
\x54\x13\0\0\0\0\x71\x81\x22\x13\0\0\0\0\x73\x12\x53\x13\0\0\0\0\x71\x81\x21\
\x13\0\0\0\0\x73\x12\x52\x13\0\0\0\0\x71\x81\x20\x13\0\0\0\0\x73\x12\x51\x13\0\
\0\0\0\x71\x81\x1f\x13\0\0\0\0\x73\x12\x50\x13\0\0\0\0\x71\x81\x1e\x13\0\0\0\0\
\x73\x12\x4f\x13\0\0\0\0\x71\x81\x1d\x13\0\0\0\0\x73\x12\x4e\x13\0\0\0\0\x71\
\x81\x1c\x13\0\0\0\0\x73\x12\x4d\x13\0\0\0\0\x71\x81\x1b\x13\0\0\0\0\x73\x12\
\x4c\x13\0\0\0\0\x71\x81\x1a\x13\0\0\0\0\x73\x12\x4b\x13\0\0\0\0\x71\x81\x19\
\x13\0\0\0\0\x73\x12\x4a\x13\0\0\0\0\x71\x81\x18\x13\0\0\0\0\x73\x12\x49\x13\0\
\0\0\0\x71\x81\x17\x13\0\0\0\0\x73\x12\x48\x13\0\0\0\0\x71\x81\x16\x13\0\0\0\0\
\x73\x12\x47\x13\0\0\0\0\x71\x81\x15\x13\0\0\0\0\x73\x12\x46\x13\0\0\0\0\x71\
\x81\x14\x13\0\0\0\0\x73\x12\x45\x13\0\0\0\0\x71\x81\x13\x13\0\0\0\0\x73\x12\
\x44\x13\0\0\0\0\x71\x81\x12\x13\0\0\0\0\x73\x12\x43\x13\0\0\0\0\x71\x81\x11\
\x13\0\0\0\0\x73\x12\x42\x13\0\0\0\0\x71\x81\x10\x13\0\0\0\0\x73\x12\x41\x13\0\
\0\0\0\x71\x81\x0f\x13\0\0\0\0\x73\x12\x40\x13\0\0\0\0\x71\x81\x0e\x13\0\0\0\0\
\x73\x12\x3f\x13\0\0\0\0\x71\x81\x0d\x13\0\0\0\0\x73\x12\x3e\x13\0\0\0\0\x71\
\x81\x0c\x13\0\0\0\0\x73\x12\x3d\x13\0\0\0\0\x71\x81\x0b\x13\0\0\0\0\x73\x12\
\x3c\x13\0\0\0\0\x71\x81\x0a\x13\0\0\0\0\x73\x12\x3b\x13\0\0\0\0\x71\x81\x09\
\x13\0\0\0\0\x73\x12\x3a\x13\0\0\0\0\x71\x81\x08\x13\0\0\0\0\x73\x12\x39\x13\0\
\0\0\0\x71\x81\x07\x13\0\0\0\0\x73\x12\x38\x13\0\0\0\0\x71\x81\x06\x13\0\0\0\0\
\x73\x12\x37\x13\0\0\0\0\x71\x81\x05\x13\0\0\0\0\x73\x12\x36\x13\0\0\0\0\x71\
\x81\x04\x13\0\0\0\0\x73\x12\x35\x13\0\0\0\0\x71\x81\x03\x13\0\0\0\0\x73\x12\
\x34\x13\0\0\0\0\x71\x81\x02\x13\0\0\0\0\x73\x12\x33\x13\0\0\0\0\x71\x81\x01\
\x13\0\0\0\0\x73\x12\x32\x13\0\0\0\0\x71\x81\0\x13\0\0\0\0\x73\x12\x31\x13\0\0\
\0\0\xa6\x04\x4a\x1e\x01\x14\0\0\xbf\x81\0\0\0\0\0\0\x07\x01\0\0\0\x15\0\0\x2d\
\x51\x47\x1e\0\0\0\0\x71\x81\xff\x14\0\0\0\0\x79\xa2\xb0\xff\0\0\0\0\x73\x12\
\x30\x15\0\0\0\0\x71\x81\xfe\x14\0\0\0\0\x73\x12\x2f\x15\0\0\0\0\x71\x81\xfd\
\x14\0\0\0\0\x73\x12\x2e\x15\0\0\0\0\x71\x81\xfc\x14\0\0\0\0\x73\x12\x2d\x15\0\
\0\0\0\x71\x81\xfb\x14\0\0\0\0\x73\x12\x2c\x15\0\0\0\0\x71\x81\xfa\x14\0\0\0\0\
\x73\x12\x2b\x15\0\0\0\0\x71\x81\xf9\x14\0\0\0\0\x73\x12\x2a\x15\0\0\0\0\x71\
\x81\xf8\x14\0\0\0\0\x73\x12\x29\x15\0\0\0\0\x71\x81\xf7\x14\0\0\0\0\x73\x12\
\x28\x15\0\0\0\0\x71\x81\xf6\x14\0\0\0\0\x73\x12\x27\x15\0\0\0\0\x71\x81\xf5\
\x14\0\0\0\0\x73\x12\x26\x15\0\0\0\0\x71\x81\xf4\x14\0\0\0\0\x73\x12\x25\x15\0\
\0\0\0\x71\x81\xf3\x14\0\0\0\0\x73\x12\x24\x15\0\0\0\0\x71\x81\xf2\x14\0\0\0\0\
\x73\x12\x23\x15\0\0\0\0\x71\x81\xf1\x14\0\0\0\0\x73\x12\x22\x15\0\0\0\0\x71\
\x81\xf0\x14\0\0\0\0\x73\x12\x21\x15\0\0\0\0\x71\x81\xef\x14\0\0\0\0\x73\x12\
\x20\x15\0\0\0\0\x71\x81\xee\x14\0\0\0\0\x73\x12\x1f\x15\0\0\0\0\x71\x81\xed\
\x14\0\0\0\0\x73\x12\x1e\x15\0\0\0\0\x71\x81\xec\x14\0\0\0\0\x73\x12\x1d\x15\0\
\0\0\0\x71\x81\xeb\x14\0\0\0\0\x73\x12\x1c\x15\0\0\0\0\x71\x81\xea\x14\0\0\0\0\
\x73\x12\x1b\x15\0\0\0\0\x71\x81\xe9\x14\0\0\0\0\x73\x12\x1a\x15\0\0\0\0\x71\
\x81\xe8\x14\0\0\0\0\x73\x12\x19\x15\0\0\0\0\x71\x81\xe7\x14\0\0\0\0\x73\x12\
\x18\x15\0\0\0\0\x71\x81\xe6\x14\0\0\0\0\x73\x12\x17\x15\0\0\0\0\x71\x81\xe5\
\x14\0\0\0\0\x73\x12\x16\x15\0\0\0\0\x71\x81\xe4\x14\0\0\0\0\x73\x12\x15\x15\0\
\0\0\0\x71\x81\xe3\x14\0\0\0\0\x73\x12\x14\x15\0\0\0\0\x71\x81\xe2\x14\0\0\0\0\
\x73\x12\x13\x15\0\0\0\0\x71\x81\xe1\x14\0\0\0\0\x73\x12\x12\x15\0\0\0\0\x71\
\x81\xe0\x14\0\0\0\0\x73\x12\x11\x15\0\0\0\0\x71\x81\xdf\x14\0\0\0\0\x73\x12\
\x10\x15\0\0\0\0\x71\x81\xde\x14\0\0\0\0\x73\x12\x0f\x15\0\0\0\0\x71\x81\xdd\
\x14\0\0\0\0\x73\x12\x0e\x15\0\0\0\0\x71\x81\xdc\x14\0\0\0\0\x73\x12\x0d\x15\0\
\0\0\0\x71\x81\xdb\x14\0\0\0\0\x73\x12\x0c\x15\0\0\0\0\x71\x81\xda\x14\0\0\0\0\
\x73\x12\x0b\x15\0\0\0\0\x71\x81\xd9\x14\0\0\0\0\x73\x12\x0a\x15\0\0\0\0\x71\
\x81\xd8\x14\0\0\0\0\x73\x12\x09\x15\0\0\0\0\x71\x81\xd7\x14\0\0\0\0\x73\x12\
\x08\x15\0\0\0\0\x71\x81\xd6\x14\0\0\0\0\x73\x12\x07\x15\0\0\0\0\x71\x81\xd5\
\x14\0\0\0\0\x73\x12\x06\x15\0\0\0\0\x71\x81\xd4\x14\0\0\0\0\x73\x12\x05\x15\0\
\0\0\0\x71\x81\xd3\x14\0\0\0\0\x73\x12\x04\x15\0\0\0\0\x71\x81\xd2\x14\0\0\0\0\
\x73\x12\x03\x15\0\0\0\0\x71\x81\xd1\x14\0\0\0\0\x73\x12\x02\x15\0\0\0\0\x71\
\x81\xd0\x14\0\0\0\0\x73\x12\x01\x15\0\0\0\0\x71\x81\xcf\x14\0\0\0\0\x73\x12\0\
\x15\0\0\0\0\x71\x81\xce\x14\0\0\0\0\x73\x12\xff\x14\0\0\0\0\x71\x81\xcd\x14\0\
\0\0\0\x73\x12\xfe\x14\0\0\0\0\x71\x81\xcc\x14\0\0\0\0\x73\x12\xfd\x14\0\0\0\0\
\x71\x81\xcb\x14\0\0\0\0\x73\x12\xfc\x14\0\0\0\0\x71\x81\xca\x14\0\0\0\0\x73\
\x12\xfb\x14\0\0\0\0\x71\x81\xc9\x14\0\0\0\0\x73\x12\xfa\x14\0\0\0\0\x71\x81\
\xc8\x14\0\0\0\0\x73\x12\xf9\x14\0\0\0\0\x71\x81\xc7\x14\0\0\0\0\x73\x12\xf8\
\x14\0\0\0\0\x71\x81\xc6\x14\0\0\0\0\x73\x12\xf7\x14\0\0\0\0\x71\x81\xc5\x14\0\
\0\0\0\x73\x12\xf6\x14\0\0\0\0\x71\x81\xc4\x14\0\0\0\0\x73\x12\xf5\x14\0\0\0\0\
\x71\x81\xc3\x14\0\0\0\0\x73\x12\xf4\x14\0\0\0\0\x71\x81\xc2\x14\0\0\0\0\x73\
\x12\xf3\x14\0\0\0\0\x71\x81\xc1\x14\0\0\0\0\x73\x12\xf2\x14\0\0\0\0\x71\x81\
\xc0\x14\0\0\0\0\x73\x12\xf1\x14\0\0\0\0\x71\x81\xbf\x14\0\0\0\0\x73\x12\xf0\
\x14\0\0\0\0\x71\x81\xbe\x14\0\0\0\0\x73\x12\xef\x14\0\0\0\0\x71\x81\xbd\x14\0\
\0\0\0\x73\x12\xee\x14\0\0\0\0\x71\x81\xbc\x14\0\0\0\0\x73\x12\xed\x14\0\0\0\0\
\x71\x81\xbb\x14\0\0\0\0\x73\x12\xec\x14\0\0\0\0\x71\x81\xba\x14\0\0\0\0\x73\
\x12\xeb\x14\0\0\0\0\x71\x81\xb9\x14\0\0\0\0\x73\x12\xea\x14\0\0\0\0\x71\x81\
\xb8\x14\0\0\0\0\x73\x12\xe9\x14\0\0\0\0\x71\x81\xb7\x14\0\0\0\0\x73\x12\xe8\
\x14\0\0\0\0\x71\x81\xb6\x14\0\0\0\0\x73\x12\xe7\x14\0\0\0\0\x71\x81\xb5\x14\0\
\0\0\0\x73\x12\xe6\x14\0\0\0\0\x71\x81\xb4\x14\0\0\0\0\x73\x12\xe5\x14\0\0\0\0\
\x71\x81\xb3\x14\0\0\0\0\x73\x12\xe4\x14\0\0\0\0\x71\x81\xb2\x14\0\0\0\0\x73\
\x12\xe3\x14\0\0\0\0\x71\x81\xb1\x14\0\0\0\0\x73\x12\xe2\x14\0\0\0\0\x71\x81\
\xb0\x14\0\0\0\0\x73\x12\xe1\x14\0\0\0\0\x71\x81\xaf\x14\0\0\0\0\x73\x12\xe0\
\x14\0\0\0\0\x71\x81\xae\x14\0\0\0\0\x73\x12\xdf\x14\0\0\0\0\x71\x81\xad\x14\0\
\0\0\0\x73\x12\xde\x14\0\0\0\0\x71\x81\xac\x14\0\0\0\0\x73\x12\xdd\x14\0\0\0\0\
\x71\x81\xab\x14\0\0\0\0\x73\x12\xdc\x14\0\0\0\0\x71\x81\xaa\x14\0\0\0\0\x73\
\x12\xdb\x14\0\0\0\0\x71\x81\xa9\x14\0\0\0\0\x73\x12\xda\x14\0\0\0\0\x71\x81\
\xa8\x14\0\0\0\0\x73\x12\xd9\x14\0\0\0\0\x71\x81\xa7\x14\0\0\0\0\x73\x12\xd8\
\x14\0\0\0\0\x71\x81\xa6\x14\0\0\0\0\x73\x12\xd7\x14\0\0\0\0\x71\x81\xa5\x14\0\
\0\0\0\x73\x12\xd6\x14\0\0\0\0\x71\x81\xa4\x14\0\0\0\0\x73\x12\xd5\x14\0\0\0\0\
\x71\x81\xa3\x14\0\0\0\0\x73\x12\xd4\x14\0\0\0\0\x71\x81\xa2\x14\0\0\0\0\x73\
\x12\xd3\x14\0\0\0\0\x71\x81\xa1\x14\0\0\0\0\x73\x12\xd2\x14\0\0\0\0\x71\x81\
\xa0\x14\0\0\0\0\x73\x12\xd1\x14\0\0\0\0\x71\x81\x9f\x14\0\0\0\0\x73\x12\xd0\
\x14\0\0\0\0\x71\x81\x9e\x14\0\0\0\0\x73\x12\xcf\x14\0\0\0\0\x71\x81\x9d\x14\0\
\0\0\0\x73\x12\xce\x14\0\0\0\0\x71\x81\x9c\x14\0\0\0\0\x73\x12\xcd\x14\0\0\0\0\
\x71\x81\x9b\x14\0\0\0\0\x73\x12\xcc\x14\0\0\0\0\x71\x81\x9a\x14\0\0\0\0\x73\
\x12\xcb\x14\0\0\0\0\x71\x81\x99\x14\0\0\0\0\x73\x12\xca\x14\0\0\0\0\x71\x81\
\x98\x14\0\0\0\0\x73\x12\xc9\x14\0\0\0\0\x71\x81\x97\x14\0\0\0\0\x73\x12\xc8\
\x14\0\0\0\0\x71\x81\x96\x14\0\0\0\0\x73\x12\xc7\x14\0\0\0\0\x71\x81\x95\x14\0\
\0\0\0\x73\x12\xc6\x14\0\0\0\0\x71\x81\x94\x14\0\0\0\0\x73\x12\xc5\x14\0\0\0\0\
\x71\x81\x93\x14\0\0\0\0\x73\x12\xc4\x14\0\0\0\0\x71\x81\x92\x14\0\0\0\0\x73\
\x12\xc3\x14\0\0\0\0\x71\x81\x91\x14\0\0\0\0\x73\x12\xc2\x14\0\0\0\0\x71\x81\
\x90\x14\0\0\0\0\x73\x12\xc1\x14\0\0\0\0\x71\x81\x8f\x14\0\0\0\0\x73\x12\xc0\
\x14\0\0\0\0\x71\x81\x8e\x14\0\0\0\0\x73\x12\xbf\x14\0\0\0\0\x71\x81\x8d\x14\0\
\0\0\0\x73\x12\xbe\x14\0\0\0\0\x71\x81\x8c\x14\0\0\0\0\x73\x12\xbd\x14\0\0\0\0\
\x71\x81\x8b\x14\0\0\0\0\x73\x12\xbc\x14\0\0\0\0\x71\x81\x8a\x14\0\0\0\0\x73\
\x12\xbb\x14\0\0\0\0\x71\x81\x89\x14\0\0\0\0\x73\x12\xba\x14\0\0\0\0\x71\x81\
\x88\x14\0\0\0\0\x73\x12\xb9\x14\0\0\0\0\x71\x81\x87\x14\0\0\0\0\x73\x12\xb8\
\x14\0\0\0\0\x71\x81\x86\x14\0\0\0\0\x73\x12\xb7\x14\0\0\0\0\x71\x81\x85\x14\0\
\0\0\0\x73\x12\xb6\x14\0\0\0\0\x71\x81\x84\x14\0\0\0\0\x73\x12\xb5\x14\0\0\0\0\
\x71\x81\x83\x14\0\0\0\0\x73\x12\xb4\x14\0\0\0\0\x71\x81\x82\x14\0\0\0\0\x73\
\x12\xb3\x14\0\0\0\0\x71\x81\x81\x14\0\0\0\0\x73\x12\xb2\x14\0\0\0\0\x71\x81\
\x80\x14\0\0\0\0\x73\x12\xb1\x14\0\0\0\0\x71\x81\x7f\x14\0\0\0\0\x73\x12\xb0\
\x14\0\0\0\0\x71\x81\x7e\x14\0\0\0\0\x73\x12\xaf\x14\0\0\0\0\x71\x81\x7d\x14\0\
\0\0\0\x73\x12\xae\x14\0\0\0\0\x71\x81\x7c\x14\0\0\0\0\x73\x12\xad\x14\0\0\0\0\
\x71\x81\x7b\x14\0\0\0\0\x73\x12\xac\x14\0\0\0\0\x71\x81\x7a\x14\0\0\0\0\x73\
\x12\xab\x14\0\0\0\0\x71\x81\x79\x14\0\0\0\0\x73\x12\xaa\x14\0\0\0\0\x71\x81\
\x78\x14\0\0\0\0\x73\x12\xa9\x14\0\0\0\0\x71\x81\x77\x14\0\0\0\0\x73\x12\xa8\
\x14\0\0\0\0\x71\x81\x76\x14\0\0\0\0\x73\x12\xa7\x14\0\0\0\0\x71\x81\x75\x14\0\
\0\0\0\x73\x12\xa6\x14\0\0\0\0\x71\x81\x74\x14\0\0\0\0\x73\x12\xa5\x14\0\0\0\0\
\x71\x81\x73\x14\0\0\0\0\x73\x12\xa4\x14\0\0\0\0\x71\x81\x72\x14\0\0\0\0\x73\
\x12\xa3\x14\0\0\0\0\x71\x81\x71\x14\0\0\0\0\x73\x12\xa2\x14\0\0\0\0\x71\x81\
\x70\x14\0\0\0\0\x73\x12\xa1\x14\0\0\0\0\x71\x81\x6f\x14\0\0\0\0\x73\x12\xa0\
\x14\0\0\0\0\x71\x81\x6e\x14\0\0\0\0\x73\x12\x9f\x14\0\0\0\0\x71\x81\x6d\x14\0\
\0\0\0\x73\x12\x9e\x14\0\0\0\0\x71\x81\x6c\x14\0\0\0\0\x73\x12\x9d\x14\0\0\0\0\
\x71\x81\x6b\x14\0\0\0\0\x73\x12\x9c\x14\0\0\0\0\x71\x81\x6a\x14\0\0\0\0\x73\
\x12\x9b\x14\0\0\0\0\x71\x81\x69\x14\0\0\0\0\x73\x12\x9a\x14\0\0\0\0\x71\x81\
\x68\x14\0\0\0\0\x73\x12\x99\x14\0\0\0\0\x71\x81\x67\x14\0\0\0\0\x73\x12\x98\
\x14\0\0\0\0\x71\x81\x66\x14\0\0\0\0\x73\x12\x97\x14\0\0\0\0\x71\x81\x65\x14\0\
\0\0\0\x73\x12\x96\x14\0\0\0\0\x71\x81\x64\x14\0\0\0\0\x73\x12\x95\x14\0\0\0\0\
\x71\x81\x63\x14\0\0\0\0\x73\x12\x94\x14\0\0\0\0\x71\x81\x62\x14\0\0\0\0\x73\
\x12\x93\x14\0\0\0\0\x71\x81\x61\x14\0\0\0\0\x73\x12\x92\x14\0\0\0\0\x71\x81\
\x60\x14\0\0\0\0\x73\x12\x91\x14\0\0\0\0\x71\x81\x5f\x14\0\0\0\0\x73\x12\x90\
\x14\0\0\0\0\x71\x81\x5e\x14\0\0\0\0\x73\x12\x8f\x14\0\0\0\0\x71\x81\x5d\x14\0\
\0\0\0\x73\x12\x8e\x14\0\0\0\0\x71\x81\x5c\x14\0\0\0\0\x73\x12\x8d\x14\0\0\0\0\
\x71\x81\x5b\x14\0\0\0\0\x73\x12\x8c\x14\0\0\0\0\x71\x81\x5a\x14\0\0\0\0\x73\
\x12\x8b\x14\0\0\0\0\x71\x81\x59\x14\0\0\0\0\x73\x12\x8a\x14\0\0\0\0\x71\x81\
\x58\x14\0\0\0\0\x73\x12\x89\x14\0\0\0\0\x71\x81\x57\x14\0\0\0\0\x73\x12\x88\
\x14\0\0\0\0\x71\x81\x56\x14\0\0\0\0\x73\x12\x87\x14\0\0\0\0\x71\x81\x55\x14\0\
\0\0\0\x73\x12\x86\x14\0\0\0\0\x71\x81\x54\x14\0\0\0\0\x73\x12\x85\x14\0\0\0\0\
\x71\x81\x53\x14\0\0\0\0\x73\x12\x84\x14\0\0\0\0\x71\x81\x52\x14\0\0\0\0\x73\
\x12\x83\x14\0\0\0\0\x71\x81\x51\x14\0\0\0\0\x73\x12\x82\x14\0\0\0\0\x71\x81\
\x50\x14\0\0\0\0\x73\x12\x81\x14\0\0\0\0\x71\x81\x4f\x14\0\0\0\0\x73\x12\x80\
\x14\0\0\0\0\x71\x81\x4e\x14\0\0\0\0\x73\x12\x7f\x14\0\0\0\0\x71\x81\x4d\x14\0\
\0\0\0\x73\x12\x7e\x14\0\0\0\0\x71\x81\x4c\x14\0\0\0\0\x73\x12\x7d\x14\0\0\0\0\
\x71\x81\x4b\x14\0\0\0\0\x73\x12\x7c\x14\0\0\0\0\x71\x81\x4a\x14\0\0\0\0\x73\
\x12\x7b\x14\0\0\0\0\x71\x81\x49\x14\0\0\0\0\x73\x12\x7a\x14\0\0\0\0\x71\x81\
\x48\x14\0\0\0\0\x73\x12\x79\x14\0\0\0\0\x71\x81\x47\x14\0\0\0\0\x73\x12\x78\
\x14\0\0\0\0\x71\x81\x46\x14\0\0\0\0\x73\x12\x77\x14\0\0\0\0\x71\x81\x45\x14\0\
\0\0\0\x73\x12\x76\x14\0\0\0\0\x71\x81\x44\x14\0\0\0\0\x73\x12\x75\x14\0\0\0\0\
\x71\x81\x43\x14\0\0\0\0\x73\x12\x74\x14\0\0\0\0\x71\x81\x42\x14\0\0\0\0\x73\
\x12\x73\x14\0\0\0\0\x71\x81\x41\x14\0\0\0\0\x73\x12\x72\x14\0\0\0\0\x71\x81\
\x40\x14\0\0\0\0\x73\x12\x71\x14\0\0\0\0\x71\x81\x3f\x14\0\0\0\0\x73\x12\x70\
\x14\0\0\0\0\x71\x81\x3e\x14\0\0\0\0\x73\x12\x6f\x14\0\0\0\0\x71\x81\x3d\x14\0\
\0\0\0\x73\x12\x6e\x14\0\0\0\0\x71\x81\x3c\x14\0\0\0\0\x73\x12\x6d\x14\0\0\0\0\
\x71\x81\x3b\x14\0\0\0\0\x73\x12\x6c\x14\0\0\0\0\x71\x81\x3a\x14\0\0\0\0\x73\
\x12\x6b\x14\0\0\0\0\x71\x81\x39\x14\0\0\0\0\x73\x12\x6a\x14\0\0\0\0\x71\x81\
\x38\x14\0\0\0\0\x73\x12\x69\x14\0\0\0\0\x71\x81\x37\x14\0\0\0\0\x73\x12\x68\
\x14\0\0\0\0\x71\x81\x36\x14\0\0\0\0\x73\x12\x67\x14\0\0\0\0\x71\x81\x35\x14\0\
\0\0\0\x73\x12\x66\x14\0\0\0\0\x71\x81\x34\x14\0\0\0\0\x73\x12\x65\x14\0\0\0\0\
\x71\x81\x33\x14\0\0\0\0\x73\x12\x64\x14\0\0\0\0\x71\x81\x32\x14\0\0\0\0\x73\
\x12\x63\x14\0\0\0\0\x71\x81\x31\x14\0\0\0\0\x73\x12\x62\x14\0\0\0\0\x71\x81\
\x30\x14\0\0\0\0\x73\x12\x61\x14\0\0\0\0\x71\x81\x2f\x14\0\0\0\0\x73\x12\x60\
\x14\0\0\0\0\x71\x81\x2e\x14\0\0\0\0\x73\x12\x5f\x14\0\0\0\0\x71\x81\x2d\x14\0\
\0\0\0\x73\x12\x5e\x14\0\0\0\0\x71\x81\x2c\x14\0\0\0\0\x73\x12\x5d\x14\0\0\0\0\
\x71\x81\x2b\x14\0\0\0\0\x73\x12\x5c\x14\0\0\0\0\x71\x81\x2a\x14\0\0\0\0\x73\
\x12\x5b\x14\0\0\0\0\x71\x81\x29\x14\0\0\0\0\x73\x12\x5a\x14\0\0\0\0\x71\x81\
\x28\x14\0\0\0\0\x73\x12\x59\x14\0\0\0\0\x71\x81\x27\x14\0\0\0\0\x73\x12\x58\
\x14\0\0\0\0\x71\x81\x26\x14\0\0\0\0\x73\x12\x57\x14\0\0\0\0\x71\x81\x25\x14\0\
\0\0\0\x73\x12\x56\x14\0\0\0\0\x71\x81\x24\x14\0\0\0\0\x73\x12\x55\x14\0\0\0\0\
\x71\x81\x23\x14\0\0\0\0\x73\x12\x54\x14\0\0\0\0\x71\x81\x22\x14\0\0\0\0\x73\
\x12\x53\x14\0\0\0\0\x71\x81\x21\x14\0\0\0\0\x73\x12\x52\x14\0\0\0\0\x71\x81\
\x20\x14\0\0\0\0\x73\x12\x51\x14\0\0\0\0\x71\x81\x1f\x14\0\0\0\0\x73\x12\x50\
\x14\0\0\0\0\x71\x81\x1e\x14\0\0\0\0\x73\x12\x4f\x14\0\0\0\0\x71\x81\x1d\x14\0\
\0\0\0\x73\x12\x4e\x14\0\0\0\0\x71\x81\x1c\x14\0\0\0\0\x73\x12\x4d\x14\0\0\0\0\
\x71\x81\x1b\x14\0\0\0\0\x73\x12\x4c\x14\0\0\0\0\x71\x81\x1a\x14\0\0\0\0\x73\
\x12\x4b\x14\0\0\0\0\x71\x81\x19\x14\0\0\0\0\x73\x12\x4a\x14\0\0\0\0\x71\x81\
\x18\x14\0\0\0\0\x73\x12\x49\x14\0\0\0\0\x71\x81\x17\x14\0\0\0\0\x73\x12\x48\
\x14\0\0\0\0\x71\x81\x16\x14\0\0\0\0\x73\x12\x47\x14\0\0\0\0\x71\x81\x15\x14\0\
\0\0\0\x73\x12\x46\x14\0\0\0\0\x71\x81\x14\x14\0\0\0\0\x73\x12\x45\x14\0\0\0\0\
\x71\x81\x13\x14\0\0\0\0\x73\x12\x44\x14\0\0\0\0\x71\x81\x12\x14\0\0\0\0\x73\
\x12\x43\x14\0\0\0\0\x71\x81\x11\x14\0\0\0\0\x73\x12\x42\x14\0\0\0\0\x71\x81\
\x10\x14\0\0\0\0\x73\x12\x41\x14\0\0\0\0\x71\x81\x0f\x14\0\0\0\0\x73\x12\x40\
\x14\0\0\0\0\x71\x81\x0e\x14\0\0\0\0\x73\x12\x3f\x14\0\0\0\0\x71\x81\x0d\x14\0\
\0\0\0\x73\x12\x3e\x14\0\0\0\0\x71\x81\x0c\x14\0\0\0\0\x73\x12\x3d\x14\0\0\0\0\
\x71\x81\x0b\x14\0\0\0\0\x73\x12\x3c\x14\0\0\0\0\x71\x81\x0a\x14\0\0\0\0\x73\
\x12\x3b\x14\0\0\0\0\x71\x81\x09\x14\0\0\0\0\x73\x12\x3a\x14\0\0\0\0\x71\x81\
\x08\x14\0\0\0\0\x73\x12\x39\x14\0\0\0\0\x71\x81\x07\x14\0\0\0\0\x73\x12\x38\
\x14\0\0\0\0\x71\x81\x06\x14\0\0\0\0\x73\x12\x37\x14\0\0\0\0\x71\x81\x05\x14\0\
\0\0\0\x73\x12\x36\x14\0\0\0\0\x71\x81\x04\x14\0\0\0\0\x73\x12\x35\x14\0\0\0\0\
\x71\x81\x03\x14\0\0\0\0\x73\x12\x34\x14\0\0\0\0\x71\x81\x02\x14\0\0\0\0\x73\
\x12\x33\x14\0\0\0\0\x71\x81\x01\x14\0\0\0\0\x73\x12\x32\x14\0\0\0\0\x71\x81\0\
\x14\0\0\0\0\x73\x12\x31\x14\0\0\0\0\xa6\x04\x45\x1c\x01\x15\0\0\xbf\x81\0\0\0\
\0\0\0\x07\x01\0\0\0\x16\0\0\x2d\x51\x42\x1c\0\0\0\0\x71\x81\xff\x15\0\0\0\0\
\x79\xa2\xb0\xff\0\0\0\0\x73\x12\x30\x16\0\0\0\0\x71\x81\xfe\x15\0\0\0\0\x73\
\x12\x2f\x16\0\0\0\0\x71\x81\xfd\x15\0\0\0\0\x73\x12\x2e\x16\0\0\0\0\x71\x81\
\xfc\x15\0\0\0\0\x73\x12\x2d\x16\0\0\0\0\x71\x81\xfb\x15\0\0\0\0\x73\x12\x2c\
\x16\0\0\0\0\x71\x81\xfa\x15\0\0\0\0\x73\x12\x2b\x16\0\0\0\0\x71\x81\xf9\x15\0\
\0\0\0\x73\x12\x2a\x16\0\0\0\0\x71\x81\xf8\x15\0\0\0\0\x73\x12\x29\x16\0\0\0\0\
\x71\x81\xf7\x15\0\0\0\0\x73\x12\x28\x16\0\0\0\0\x71\x81\xf6\x15\0\0\0\0\x73\
\x12\x27\x16\0\0\0\0\x71\x81\xf5\x15\0\0\0\0\x73\x12\x26\x16\0\0\0\0\x71\x81\
\xf4\x15\0\0\0\0\x73\x12\x25\x16\0\0\0\0\x71\x81\xf3\x15\0\0\0\0\x73\x12\x24\
\x16\0\0\0\0\x71\x81\xf2\x15\0\0\0\0\x73\x12\x23\x16\0\0\0\0\x71\x81\xf1\x15\0\
\0\0\0\x73\x12\x22\x16\0\0\0\0\x71\x81\xf0\x15\0\0\0\0\x73\x12\x21\x16\0\0\0\0\
\x71\x81\xef\x15\0\0\0\0\x73\x12\x20\x16\0\0\0\0\x71\x81\xee\x15\0\0\0\0\x73\
\x12\x1f\x16\0\0\0\0\x71\x81\xed\x15\0\0\0\0\x73\x12\x1e\x16\0\0\0\0\x71\x81\
\xec\x15\0\0\0\0\x73\x12\x1d\x16\0\0\0\0\x71\x81\xeb\x15\0\0\0\0\x73\x12\x1c\
\x16\0\0\0\0\x71\x81\xea\x15\0\0\0\0\x73\x12\x1b\x16\0\0\0\0\x71\x81\xe9\x15\0\
\0\0\0\x73\x12\x1a\x16\0\0\0\0\x71\x81\xe8\x15\0\0\0\0\x73\x12\x19\x16\0\0\0\0\
\x71\x81\xe7\x15\0\0\0\0\x73\x12\x18\x16\0\0\0\0\x71\x81\xe6\x15\0\0\0\0\x73\
\x12\x17\x16\0\0\0\0\x71\x81\xe5\x15\0\0\0\0\x73\x12\x16\x16\0\0\0\0\x71\x81\
\xe4\x15\0\0\0\0\x73\x12\x15\x16\0\0\0\0\x71\x81\xe3\x15\0\0\0\0\x73\x12\x14\
\x16\0\0\0\0\x71\x81\xe2\x15\0\0\0\0\x73\x12\x13\x16\0\0\0\0\x71\x81\xe1\x15\0\
\0\0\0\x73\x12\x12\x16\0\0\0\0\x71\x81\xe0\x15\0\0\0\0\x73\x12\x11\x16\0\0\0\0\
\x71\x81\xdf\x15\0\0\0\0\x73\x12\x10\x16\0\0\0\0\x71\x81\xde\x15\0\0\0\0\x73\
\x12\x0f\x16\0\0\0\0\x71\x81\xdd\x15\0\0\0\0\x73\x12\x0e\x16\0\0\0\0\x71\x81\
\xdc\x15\0\0\0\0\x73\x12\x0d\x16\0\0\0\0\x71\x81\xdb\x15\0\0\0\0\x73\x12\x0c\
\x16\0\0\0\0\x71\x81\xda\x15\0\0\0\0\x73\x12\x0b\x16\0\0\0\0\x71\x81\xd9\x15\0\
\0\0\0\x73\x12\x0a\x16\0\0\0\0\x71\x81\xd8\x15\0\0\0\0\x73\x12\x09\x16\0\0\0\0\
\x71\x81\xd7\x15\0\0\0\0\x73\x12\x08\x16\0\0\0\0\x71\x81\xd6\x15\0\0\0\0\x73\
\x12\x07\x16\0\0\0\0\x71\x81\xd5\x15\0\0\0\0\x73\x12\x06\x16\0\0\0\0\x71\x81\
\xd4\x15\0\0\0\0\x73\x12\x05\x16\0\0\0\0\x71\x81\xd3\x15\0\0\0\0\x73\x12\x04\
\x16\0\0\0\0\x71\x81\xd2\x15\0\0\0\0\x73\x12\x03\x16\0\0\0\0\x71\x81\xd1\x15\0\
\0\0\0\x73\x12\x02\x16\0\0\0\0\x71\x81\xd0\x15\0\0\0\0\x73\x12\x01\x16\0\0\0\0\
\x71\x81\xcf\x15\0\0\0\0\x73\x12\0\x16\0\0\0\0\x71\x81\xce\x15\0\0\0\0\x73\x12\
\xff\x15\0\0\0\0\x71\x81\xcd\x15\0\0\0\0\x73\x12\xfe\x15\0\0\0\0\x71\x81\xcc\
\x15\0\0\0\0\x73\x12\xfd\x15\0\0\0\0\x71\x81\xcb\x15\0\0\0\0\x73\x12\xfc\x15\0\
\0\0\0\x71\x81\xca\x15\0\0\0\0\x73\x12\xfb\x15\0\0\0\0\x71\x81\xc9\x15\0\0\0\0\
\x73\x12\xfa\x15\0\0\0\0\x71\x81\xc8\x15\0\0\0\0\x73\x12\xf9\x15\0\0\0\0\x71\
\x81\xc7\x15\0\0\0\0\x73\x12\xf8\x15\0\0\0\0\x71\x81\xc6\x15\0\0\0\0\x73\x12\
\xf7\x15\0\0\0\0\x71\x81\xc5\x15\0\0\0\0\x73\x12\xf6\x15\0\0\0\0\x71\x81\xc4\
\x15\0\0\0\0\x73\x12\xf5\x15\0\0\0\0\x71\x81\xc3\x15\0\0\0\0\x73\x12\xf4\x15\0\
\0\0\0\x71\x81\xc2\x15\0\0\0\0\x73\x12\xf3\x15\0\0\0\0\x71\x81\xc1\x15\0\0\0\0\
\x73\x12\xf2\x15\0\0\0\0\x71\x81\xc0\x15\0\0\0\0\x73\x12\xf1\x15\0\0\0\0\x71\
\x81\xbf\x15\0\0\0\0\x73\x12\xf0\x15\0\0\0\0\x71\x81\xbe\x15\0\0\0\0\x73\x12\
\xef\x15\0\0\0\0\x71\x81\xbd\x15\0\0\0\0\x73\x12\xee\x15\0\0\0\0\x71\x81\xbc\
\x15\0\0\0\0\x73\x12\xed\x15\0\0\0\0\x71\x81\xbb\x15\0\0\0\0\x73\x12\xec\x15\0\
\0\0\0\x71\x81\xba\x15\0\0\0\0\x73\x12\xeb\x15\0\0\0\0\x71\x81\xb9\x15\0\0\0\0\
\x73\x12\xea\x15\0\0\0\0\x71\x81\xb8\x15\0\0\0\0\x73\x12\xe9\x15\0\0\0\0\x71\
\x81\xb7\x15\0\0\0\0\x73\x12\xe8\x15\0\0\0\0\x71\x81\xb6\x15\0\0\0\0\x73\x12\
\xe7\x15\0\0\0\0\x71\x81\xb5\x15\0\0\0\0\x73\x12\xe6\x15\0\0\0\0\x71\x81\xb4\
\x15\0\0\0\0\x73\x12\xe5\x15\0\0\0\0\x71\x81\xb3\x15\0\0\0\0\x73\x12\xe4\x15\0\
\0\0\0\x71\x81\xb2\x15\0\0\0\0\x73\x12\xe3\x15\0\0\0\0\x71\x81\xb1\x15\0\0\0\0\
\x73\x12\xe2\x15\0\0\0\0\x71\x81\xb0\x15\0\0\0\0\x73\x12\xe1\x15\0\0\0\0\x71\
\x81\xaf\x15\0\0\0\0\x73\x12\xe0\x15\0\0\0\0\x71\x81\xae\x15\0\0\0\0\x73\x12\
\xdf\x15\0\0\0\0\x71\x81\xad\x15\0\0\0\0\x73\x12\xde\x15\0\0\0\0\x71\x81\xac\
\x15\0\0\0\0\x73\x12\xdd\x15\0\0\0\0\x71\x81\xab\x15\0\0\0\0\x73\x12\xdc\x15\0\
\0\0\0\x71\x81\xaa\x15\0\0\0\0\x73\x12\xdb\x15\0\0\0\0\x71\x81\xa9\x15\0\0\0\0\
\x73\x12\xda\x15\0\0\0\0\x71\x81\xa8\x15\0\0\0\0\x73\x12\xd9\x15\0\0\0\0\x71\
\x81\xa7\x15\0\0\0\0\x73\x12\xd8\x15\0\0\0\0\x71\x81\xa6\x15\0\0\0\0\x73\x12\
\xd7\x15\0\0\0\0\x71\x81\xa5\x15\0\0\0\0\x73\x12\xd6\x15\0\0\0\0\x71\x81\xa4\
\x15\0\0\0\0\x73\x12\xd5\x15\0\0\0\0\x71\x81\xa3\x15\0\0\0\0\x73\x12\xd4\x15\0\
\0\0\0\x71\x81\xa2\x15\0\0\0\0\x73\x12\xd3\x15\0\0\0\0\x71\x81\xa1\x15\0\0\0\0\
\x73\x12\xd2\x15\0\0\0\0\x71\x81\xa0\x15\0\0\0\0\x73\x12\xd1\x15\0\0\0\0\x71\
\x81\x9f\x15\0\0\0\0\x73\x12\xd0\x15\0\0\0\0\x71\x81\x9e\x15\0\0\0\0\x73\x12\
\xcf\x15\0\0\0\0\x71\x81\x9d\x15\0\0\0\0\x73\x12\xce\x15\0\0\0\0\x71\x81\x9c\
\x15\0\0\0\0\x73\x12\xcd\x15\0\0\0\0\x71\x81\x9b\x15\0\0\0\0\x73\x12\xcc\x15\0\
\0\0\0\x71\x81\x9a\x15\0\0\0\0\x73\x12\xcb\x15\0\0\0\0\x71\x81\x99\x15\0\0\0\0\
\x73\x12\xca\x15\0\0\0\0\x71\x81\x98\x15\0\0\0\0\x73\x12\xc9\x15\0\0\0\0\x71\
\x81\x97\x15\0\0\0\0\x73\x12\xc8\x15\0\0\0\0\x71\x81\x96\x15\0\0\0\0\x73\x12\
\xc7\x15\0\0\0\0\x71\x81\x95\x15\0\0\0\0\x73\x12\xc6\x15\0\0\0\0\x71\x81\x94\
\x15\0\0\0\0\x73\x12\xc5\x15\0\0\0\0\x71\x81\x93\x15\0\0\0\0\x73\x12\xc4\x15\0\
\0\0\0\x71\x81\x92\x15\0\0\0\0\x73\x12\xc3\x15\0\0\0\0\x71\x81\x91\x15\0\0\0\0\
\x73\x12\xc2\x15\0\0\0\0\x71\x81\x90\x15\0\0\0\0\x73\x12\xc1\x15\0\0\0\0\x71\
\x81\x8f\x15\0\0\0\0\x73\x12\xc0\x15\0\0\0\0\x71\x81\x8e\x15\0\0\0\0\x73\x12\
\xbf\x15\0\0\0\0\x71\x81\x8d\x15\0\0\0\0\x73\x12\xbe\x15\0\0\0\0\x71\x81\x8c\
\x15\0\0\0\0\x73\x12\xbd\x15\0\0\0\0\x71\x81\x8b\x15\0\0\0\0\x73\x12\xbc\x15\0\
\0\0\0\x71\x81\x8a\x15\0\0\0\0\x73\x12\xbb\x15\0\0\0\0\x71\x81\x89\x15\0\0\0\0\
\x73\x12\xba\x15\0\0\0\0\x71\x81\x88\x15\0\0\0\0\x73\x12\xb9\x15\0\0\0\0\x71\
\x81\x87\x15\0\0\0\0\x73\x12\xb8\x15\0\0\0\0\x71\x81\x86\x15\0\0\0\0\x73\x12\
\xb7\x15\0\0\0\0\x71\x81\x85\x15\0\0\0\0\x73\x12\xb6\x15\0\0\0\0\x71\x81\x84\
\x15\0\0\0\0\x73\x12\xb5\x15\0\0\0\0\x71\x81\x83\x15\0\0\0\0\x73\x12\xb4\x15\0\
\0\0\0\x71\x81\x82\x15\0\0\0\0\x73\x12\xb3\x15\0\0\0\0\x71\x81\x81\x15\0\0\0\0\
\x73\x12\xb2\x15\0\0\0\0\x71\x81\x80\x15\0\0\0\0\x73\x12\xb1\x15\0\0\0\0\x71\
\x81\x7f\x15\0\0\0\0\x73\x12\xb0\x15\0\0\0\0\x71\x81\x7e\x15\0\0\0\0\x73\x12\
\xaf\x15\0\0\0\0\x71\x81\x7d\x15\0\0\0\0\x73\x12\xae\x15\0\0\0\0\x71\x81\x7c\
\x15\0\0\0\0\x73\x12\xad\x15\0\0\0\0\x71\x81\x7b\x15\0\0\0\0\x73\x12\xac\x15\0\
\0\0\0\x71\x81\x7a\x15\0\0\0\0\x73\x12\xab\x15\0\0\0\0\x71\x81\x79\x15\0\0\0\0\
\x73\x12\xaa\x15\0\0\0\0\x71\x81\x78\x15\0\0\0\0\x73\x12\xa9\x15\0\0\0\0\x71\
\x81\x77\x15\0\0\0\0\x73\x12\xa8\x15\0\0\0\0\x71\x81\x76\x15\0\0\0\0\x73\x12\
\xa7\x15\0\0\0\0\x71\x81\x75\x15\0\0\0\0\x73\x12\xa6\x15\0\0\0\0\x71\x81\x74\
\x15\0\0\0\0\x73\x12\xa5\x15\0\0\0\0\x71\x81\x73\x15\0\0\0\0\x73\x12\xa4\x15\0\
\0\0\0\x71\x81\x72\x15\0\0\0\0\x73\x12\xa3\x15\0\0\0\0\x71\x81\x71\x15\0\0\0\0\
\x73\x12\xa2\x15\0\0\0\0\x71\x81\x70\x15\0\0\0\0\x73\x12\xa1\x15\0\0\0\0\x71\
\x81\x6f\x15\0\0\0\0\x73\x12\xa0\x15\0\0\0\0\x71\x81\x6e\x15\0\0\0\0\x73\x12\
\x9f\x15\0\0\0\0\x71\x81\x6d\x15\0\0\0\0\x73\x12\x9e\x15\0\0\0\0\x71\x81\x6c\
\x15\0\0\0\0\x73\x12\x9d\x15\0\0\0\0\x71\x81\x6b\x15\0\0\0\0\x73\x12\x9c\x15\0\
\0\0\0\x71\x81\x6a\x15\0\0\0\0\x73\x12\x9b\x15\0\0\0\0\x71\x81\x69\x15\0\0\0\0\
\x73\x12\x9a\x15\0\0\0\0\x71\x81\x68\x15\0\0\0\0\x73\x12\x99\x15\0\0\0\0\x71\
\x81\x67\x15\0\0\0\0\x73\x12\x98\x15\0\0\0\0\x71\x81\x66\x15\0\0\0\0\x73\x12\
\x97\x15\0\0\0\0\x71\x81\x65\x15\0\0\0\0\x73\x12\x96\x15\0\0\0\0\x71\x81\x64\
\x15\0\0\0\0\x73\x12\x95\x15\0\0\0\0\x71\x81\x63\x15\0\0\0\0\x73\x12\x94\x15\0\
\0\0\0\x71\x81\x62\x15\0\0\0\0\x73\x12\x93\x15\0\0\0\0\x71\x81\x61\x15\0\0\0\0\
\x73\x12\x92\x15\0\0\0\0\x71\x81\x60\x15\0\0\0\0\x73\x12\x91\x15\0\0\0\0\x71\
\x81\x5f\x15\0\0\0\0\x73\x12\x90\x15\0\0\0\0\x71\x81\x5e\x15\0\0\0\0\x73\x12\
\x8f\x15\0\0\0\0\x71\x81\x5d\x15\0\0\0\0\x73\x12\x8e\x15\0\0\0\0\x71\x81\x5c\
\x15\0\0\0\0\x73\x12\x8d\x15\0\0\0\0\x71\x81\x5b\x15\0\0\0\0\x73\x12\x8c\x15\0\
\0\0\0\x71\x81\x5a\x15\0\0\0\0\x73\x12\x8b\x15\0\0\0\0\x71\x81\x59\x15\0\0\0\0\
\x73\x12\x8a\x15\0\0\0\0\x71\x81\x58\x15\0\0\0\0\x73\x12\x89\x15\0\0\0\0\x71\
\x81\x57\x15\0\0\0\0\x73\x12\x88\x15\0\0\0\0\x71\x81\x56\x15\0\0\0\0\x73\x12\
\x87\x15\0\0\0\0\x71\x81\x55\x15\0\0\0\0\x73\x12\x86\x15\0\0\0\0\x71\x81\x54\
\x15\0\0\0\0\x73\x12\x85\x15\0\0\0\0\x71\x81\x53\x15\0\0\0\0\x73\x12\x84\x15\0\
\0\0\0\x71\x81\x52\x15\0\0\0\0\x73\x12\x83\x15\0\0\0\0\x71\x81\x51\x15\0\0\0\0\
\x73\x12\x82\x15\0\0\0\0\x71\x81\x50\x15\0\0\0\0\x73\x12\x81\x15\0\0\0\0\x71\
\x81\x4f\x15\0\0\0\0\x73\x12\x80\x15\0\0\0\0\x71\x81\x4e\x15\0\0\0\0\x73\x12\
\x7f\x15\0\0\0\0\x71\x81\x4d\x15\0\0\0\0\x73\x12\x7e\x15\0\0\0\0\x71\x81\x4c\
\x15\0\0\0\0\x73\x12\x7d\x15\0\0\0\0\x71\x81\x4b\x15\0\0\0\0\x73\x12\x7c\x15\0\
\0\0\0\x71\x81\x4a\x15\0\0\0\0\x73\x12\x7b\x15\0\0\0\0\x71\x81\x49\x15\0\0\0\0\
\x73\x12\x7a\x15\0\0\0\0\x71\x81\x48\x15\0\0\0\0\x73\x12\x79\x15\0\0\0\0\x71\
\x81\x47\x15\0\0\0\0\x73\x12\x78\x15\0\0\0\0\x71\x81\x46\x15\0\0\0\0\x73\x12\
\x77\x15\0\0\0\0\x71\x81\x45\x15\0\0\0\0\x73\x12\x76\x15\0\0\0\0\x71\x81\x44\
\x15\0\0\0\0\x73\x12\x75\x15\0\0\0\0\x71\x81\x43\x15\0\0\0\0\x73\x12\x74\x15\0\
\0\0\0\x71\x81\x42\x15\0\0\0\0\x73\x12\x73\x15\0\0\0\0\x71\x81\x41\x15\0\0\0\0\
\x73\x12\x72\x15\0\0\0\0\x71\x81\x40\x15\0\0\0\0\x73\x12\x71\x15\0\0\0\0\x71\
\x81\x3f\x15\0\0\0\0\x73\x12\x70\x15\0\0\0\0\x71\x81\x3e\x15\0\0\0\0\x73\x12\
\x6f\x15\0\0\0\0\x71\x81\x3d\x15\0\0\0\0\x73\x12\x6e\x15\0\0\0\0\x71\x81\x3c\
\x15\0\0\0\0\x73\x12\x6d\x15\0\0\0\0\x71\x81\x3b\x15\0\0\0\0\x73\x12\x6c\x15\0\
\0\0\0\x71\x81\x3a\x15\0\0\0\0\x73\x12\x6b\x15\0\0\0\0\x71\x81\x39\x15\0\0\0\0\
\x73\x12\x6a\x15\0\0\0\0\x71\x81\x38\x15\0\0\0\0\x73\x12\x69\x15\0\0\0\0\x71\
\x81\x37\x15\0\0\0\0\x73\x12\x68\x15\0\0\0\0\x71\x81\x36\x15\0\0\0\0\x73\x12\
\x67\x15\0\0\0\0\x71\x81\x35\x15\0\0\0\0\x73\x12\x66\x15\0\0\0\0\x71\x81\x34\
\x15\0\0\0\0\x73\x12\x65\x15\0\0\0\0\x71\x81\x33\x15\0\0\0\0\x73\x12\x64\x15\0\
\0\0\0\x71\x81\x32\x15\0\0\0\0\x73\x12\x63\x15\0\0\0\0\x71\x81\x31\x15\0\0\0\0\
\x73\x12\x62\x15\0\0\0\0\x71\x81\x30\x15\0\0\0\0\x73\x12\x61\x15\0\0\0\0\x71\
\x81\x2f\x15\0\0\0\0\x73\x12\x60\x15\0\0\0\0\x71\x81\x2e\x15\0\0\0\0\x73\x12\
\x5f\x15\0\0\0\0\x71\x81\x2d\x15\0\0\0\0\x73\x12\x5e\x15\0\0\0\0\x71\x81\x2c\
\x15\0\0\0\0\x73\x12\x5d\x15\0\0\0\0\x71\x81\x2b\x15\0\0\0\0\x73\x12\x5c\x15\0\
\0\0\0\x71\x81\x2a\x15\0\0\0\0\x73\x12\x5b\x15\0\0\0\0\x71\x81\x29\x15\0\0\0\0\
\x73\x12\x5a\x15\0\0\0\0\x71\x81\x28\x15\0\0\0\0\x73\x12\x59\x15\0\0\0\0\x71\
\x81\x27\x15\0\0\0\0\x73\x12\x58\x15\0\0\0\0\x71\x81\x26\x15\0\0\0\0\x73\x12\
\x57\x15\0\0\0\0\x71\x81\x25\x15\0\0\0\0\x73\x12\x56\x15\0\0\0\0\x71\x81\x24\
\x15\0\0\0\0\x73\x12\x55\x15\0\0\0\0\x71\x81\x23\x15\0\0\0\0\x73\x12\x54\x15\0\
\0\0\0\x71\x81\x22\x15\0\0\0\0\x73\x12\x53\x15\0\0\0\0\x71\x81\x21\x15\0\0\0\0\
\x73\x12\x52\x15\0\0\0\0\x71\x81\x20\x15\0\0\0\0\x73\x12\x51\x15\0\0\0\0\x71\
\x81\x1f\x15\0\0\0\0\x73\x12\x50\x15\0\0\0\0\x71\x81\x1e\x15\0\0\0\0\x73\x12\
\x4f\x15\0\0\0\0\x71\x81\x1d\x15\0\0\0\0\x73\x12\x4e\x15\0\0\0\0\x71\x81\x1c\
\x15\0\0\0\0\x73\x12\x4d\x15\0\0\0\0\x71\x81\x1b\x15\0\0\0\0\x73\x12\x4c\x15\0\
\0\0\0\x71\x81\x1a\x15\0\0\0\0\x73\x12\x4b\x15\0\0\0\0\x71\x81\x19\x15\0\0\0\0\
\x73\x12\x4a\x15\0\0\0\0\x71\x81\x18\x15\0\0\0\0\x73\x12\x49\x15\0\0\0\0\x71\
\x81\x17\x15\0\0\0\0\x73\x12\x48\x15\0\0\0\0\x71\x81\x16\x15\0\0\0\0\x73\x12\
\x47\x15\0\0\0\0\x71\x81\x15\x15\0\0\0\0\x73\x12\x46\x15\0\0\0\0\x71\x81\x14\
\x15\0\0\0\0\x73\x12\x45\x15\0\0\0\0\x71\x81\x13\x15\0\0\0\0\x73\x12\x44\x15\0\
\0\0\0\x71\x81\x12\x15\0\0\0\0\x73\x12\x43\x15\0\0\0\0\x71\x81\x11\x15\0\0\0\0\
\x73\x12\x42\x15\0\0\0\0\x71\x81\x10\x15\0\0\0\0\x73\x12\x41\x15\0\0\0\0\x71\
\x81\x0f\x15\0\0\0\0\x73\x12\x40\x15\0\0\0\0\x71\x81\x0e\x15\0\0\0\0\x73\x12\
\x3f\x15\0\0\0\0\x71\x81\x0d\x15\0\0\0\0\x73\x12\x3e\x15\0\0\0\0\x71\x81\x0c\
\x15\0\0\0\0\x73\x12\x3d\x15\0\0\0\0\x71\x81\x0b\x15\0\0\0\0\x73\x12\x3c\x15\0\
\0\0\0\x71\x81\x0a\x15\0\0\0\0\x73\x12\x3b\x15\0\0\0\0\x71\x81\x09\x15\0\0\0\0\
\x73\x12\x3a\x15\0\0\0\0\x71\x81\x08\x15\0\0\0\0\x73\x12\x39\x15\0\0\0\0\x71\
\x81\x07\x15\0\0\0\0\x73\x12\x38\x15\0\0\0\0\x71\x81\x06\x15\0\0\0\0\x73\x12\
\x37\x15\0\0\0\0\x71\x81\x05\x15\0\0\0\0\x73\x12\x36\x15\0\0\0\0\x71\x81\x04\
\x15\0\0\0\0\x73\x12\x35\x15\0\0\0\0\x71\x81\x03\x15\0\0\0\0\x73\x12\x34\x15\0\
\0\0\0\x71\x81\x02\x15\0\0\0\0\x73\x12\x33\x15\0\0\0\0\x71\x81\x01\x15\0\0\0\0\
\x73\x12\x32\x15\0\0\0\0\x71\x81\0\x15\0\0\0\0\x73\x12\x31\x15\0\0\0\0\xa6\x04\
\x40\x1a\x01\x16\0\0\xbf\x81\0\0\0\0\0\0\x07\x01\0\0\0\x17\0\0\x2d\x51\x3d\x1a\
\0\0\0\0\x71\x81\xff\x16\0\0\0\0\x79\xa2\xb0\xff\0\0\0\0\x73\x12\x30\x17\0\0\0\
\0\x71\x81\xfe\x16\0\0\0\0\x73\x12\x2f\x17\0\0\0\0\x71\x81\xfd\x16\0\0\0\0\x73\
\x12\x2e\x17\0\0\0\0\x71\x81\xfc\x16\0\0\0\0\x73\x12\x2d\x17\0\0\0\0\x71\x81\
\xfb\x16\0\0\0\0\x73\x12\x2c\x17\0\0\0\0\x71\x81\xfa\x16\0\0\0\0\x73\x12\x2b\
\x17\0\0\0\0\x71\x81\xf9\x16\0\0\0\0\x73\x12\x2a\x17\0\0\0\0\x71\x81\xf8\x16\0\
\0\0\0\x73\x12\x29\x17\0\0\0\0\x71\x81\xf7\x16\0\0\0\0\x73\x12\x28\x17\0\0\0\0\
\x71\x81\xf6\x16\0\0\0\0\x73\x12\x27\x17\0\0\0\0\x71\x81\xf5\x16\0\0\0\0\x73\
\x12\x26\x17\0\0\0\0\x71\x81\xf4\x16\0\0\0\0\x73\x12\x25\x17\0\0\0\0\x71\x81\
\xf3\x16\0\0\0\0\x73\x12\x24\x17\0\0\0\0\x71\x81\xf2\x16\0\0\0\0\x73\x12\x23\
\x17\0\0\0\0\x71\x81\xf1\x16\0\0\0\0\x73\x12\x22\x17\0\0\0\0\x71\x81\xf0\x16\0\
\0\0\0\x73\x12\x21\x17\0\0\0\0\x71\x81\xef\x16\0\0\0\0\x73\x12\x20\x17\0\0\0\0\
\x71\x81\xee\x16\0\0\0\0\x73\x12\x1f\x17\0\0\0\0\x71\x81\xed\x16\0\0\0\0\x73\
\x12\x1e\x17\0\0\0\0\x71\x81\xec\x16\0\0\0\0\x73\x12\x1d\x17\0\0\0\0\x71\x81\
\xeb\x16\0\0\0\0\x73\x12\x1c\x17\0\0\0\0\x71\x81\xea\x16\0\0\0\0\x73\x12\x1b\
\x17\0\0\0\0\x71\x81\xe9\x16\0\0\0\0\x73\x12\x1a\x17\0\0\0\0\x71\x81\xe8\x16\0\
\0\0\0\x73\x12\x19\x17\0\0\0\0\x71\x81\xe7\x16\0\0\0\0\x73\x12\x18\x17\0\0\0\0\
\x71\x81\xe6\x16\0\0\0\0\x73\x12\x17\x17\0\0\0\0\x71\x81\xe5\x16\0\0\0\0\x73\
\x12\x16\x17\0\0\0\0\x71\x81\xe4\x16\0\0\0\0\x73\x12\x15\x17\0\0\0\0\x71\x81\
\xe3\x16\0\0\0\0\x73\x12\x14\x17\0\0\0\0\x71\x81\xe2\x16\0\0\0\0\x73\x12\x13\
\x17\0\0\0\0\x71\x81\xe1\x16\0\0\0\0\x73\x12\x12\x17\0\0\0\0\x71\x81\xe0\x16\0\
\0\0\0\x73\x12\x11\x17\0\0\0\0\x71\x81\xdf\x16\0\0\0\0\x73\x12\x10\x17\0\0\0\0\
\x71\x81\xde\x16\0\0\0\0\x73\x12\x0f\x17\0\0\0\0\x71\x81\xdd\x16\0\0\0\0\x73\
\x12\x0e\x17\0\0\0\0\x71\x81\xdc\x16\0\0\0\0\x73\x12\x0d\x17\0\0\0\0\x71\x81\
\xdb\x16\0\0\0\0\x73\x12\x0c\x17\0\0\0\0\x71\x81\xda\x16\0\0\0\0\x73\x12\x0b\
\x17\0\0\0\0\x71\x81\xd9\x16\0\0\0\0\x73\x12\x0a\x17\0\0\0\0\x71\x81\xd8\x16\0\
\0\0\0\x73\x12\x09\x17\0\0\0\0\x71\x81\xd7\x16\0\0\0\0\x73\x12\x08\x17\0\0\0\0\
\x71\x81\xd6\x16\0\0\0\0\x73\x12\x07\x17\0\0\0\0\x71\x81\xd5\x16\0\0\0\0\x73\
\x12\x06\x17\0\0\0\0\x71\x81\xd4\x16\0\0\0\0\x73\x12\x05\x17\0\0\0\0\x71\x81\
\xd3\x16\0\0\0\0\x73\x12\x04\x17\0\0\0\0\x71\x81\xd2\x16\0\0\0\0\x73\x12\x03\
\x17\0\0\0\0\x71\x81\xd1\x16\0\0\0\0\x73\x12\x02\x17\0\0\0\0\x71\x81\xd0\x16\0\
\0\0\0\x73\x12\x01\x17\0\0\0\0\x71\x81\xcf\x16\0\0\0\0\x73\x12\0\x17\0\0\0\0\
\x71\x81\xce\x16\0\0\0\0\x73\x12\xff\x16\0\0\0\0\x71\x81\xcd\x16\0\0\0\0\x73\
\x12\xfe\x16\0\0\0\0\x71\x81\xcc\x16\0\0\0\0\x73\x12\xfd\x16\0\0\0\0\x71\x81\
\xcb\x16\0\0\0\0\x73\x12\xfc\x16\0\0\0\0\x71\x81\xca\x16\0\0\0\0\x73\x12\xfb\
\x16\0\0\0\0\x71\x81\xc9\x16\0\0\0\0\x73\x12\xfa\x16\0\0\0\0\x71\x81\xc8\x16\0\
\0\0\0\x73\x12\xf9\x16\0\0\0\0\x71\x81\xc7\x16\0\0\0\0\x73\x12\xf8\x16\0\0\0\0\
\x71\x81\xc6\x16\0\0\0\0\x73\x12\xf7\x16\0\0\0\0\x71\x81\xc5\x16\0\0\0\0\x73\
\x12\xf6\x16\0\0\0\0\x71\x81\xc4\x16\0\0\0\0\x73\x12\xf5\x16\0\0\0\0\x71\x81\
\xc3\x16\0\0\0\0\x73\x12\xf4\x16\0\0\0\0\x71\x81\xc2\x16\0\0\0\0\x73\x12\xf3\
\x16\0\0\0\0\x71\x81\xc1\x16\0\0\0\0\x73\x12\xf2\x16\0\0\0\0\x71\x81\xc0\x16\0\
\0\0\0\x73\x12\xf1\x16\0\0\0\0\x71\x81\xbf\x16\0\0\0\0\x73\x12\xf0\x16\0\0\0\0\
\x71\x81\xbe\x16\0\0\0\0\x73\x12\xef\x16\0\0\0\0\x71\x81\xbd\x16\0\0\0\0\x73\
\x12\xee\x16\0\0\0\0\x71\x81\xbc\x16\0\0\0\0\x73\x12\xed\x16\0\0\0\0\x71\x81\
\xbb\x16\0\0\0\0\x73\x12\xec\x16\0\0\0\0\x71\x81\xba\x16\0\0\0\0\x73\x12\xeb\
\x16\0\0\0\0\x71\x81\xb9\x16\0\0\0\0\x73\x12\xea\x16\0\0\0\0\x71\x81\xb8\x16\0\
\0\0\0\x73\x12\xe9\x16\0\0\0\0\x71\x81\xb7\x16\0\0\0\0\x73\x12\xe8\x16\0\0\0\0\
\x71\x81\xb6\x16\0\0\0\0\x73\x12\xe7\x16\0\0\0\0\x71\x81\xb5\x16\0\0\0\0\x73\
\x12\xe6\x16\0\0\0\0\x71\x81\xb4\x16\0\0\0\0\x73\x12\xe5\x16\0\0\0\0\x71\x81\
\xb3\x16\0\0\0\0\x73\x12\xe4\x16\0\0\0\0\x71\x81\xb2\x16\0\0\0\0\x73\x12\xe3\
\x16\0\0\0\0\x71\x81\xb1\x16\0\0\0\0\x73\x12\xe2\x16\0\0\0\0\x71\x81\xb0\x16\0\
\0\0\0\x73\x12\xe1\x16\0\0\0\0\x71\x81\xaf\x16\0\0\0\0\x73\x12\xe0\x16\0\0\0\0\
\x71\x81\xae\x16\0\0\0\0\x73\x12\xdf\x16\0\0\0\0\x71\x81\xad\x16\0\0\0\0\x73\
\x12\xde\x16\0\0\0\0\x71\x81\xac\x16\0\0\0\0\x73\x12\xdd\x16\0\0\0\0\x71\x81\
\xab\x16\0\0\0\0\x73\x12\xdc\x16\0\0\0\0\x71\x81\xaa\x16\0\0\0\0\x73\x12\xdb\
\x16\0\0\0\0\x71\x81\xa9\x16\0\0\0\0\x73\x12\xda\x16\0\0\0\0\x71\x81\xa8\x16\0\
\0\0\0\x73\x12\xd9\x16\0\0\0\0\x71\x81\xa7\x16\0\0\0\0\x73\x12\xd8\x16\0\0\0\0\
\x71\x81\xa6\x16\0\0\0\0\x73\x12\xd7\x16\0\0\0\0\x71\x81\xa5\x16\0\0\0\0\x73\
\x12\xd6\x16\0\0\0\0\x71\x81\xa4\x16\0\0\0\0\x73\x12\xd5\x16\0\0\0\0\x71\x81\
\xa3\x16\0\0\0\0\x73\x12\xd4\x16\0\0\0\0\x71\x81\xa2\x16\0\0\0\0\x73\x12\xd3\
\x16\0\0\0\0\x71\x81\xa1\x16\0\0\0\0\x73\x12\xd2\x16\0\0\0\0\x71\x81\xa0\x16\0\
\0\0\0\x73\x12\xd1\x16\0\0\0\0\x71\x81\x9f\x16\0\0\0\0\x73\x12\xd0\x16\0\0\0\0\
\x71\x81\x9e\x16\0\0\0\0\x73\x12\xcf\x16\0\0\0\0\x71\x81\x9d\x16\0\0\0\0\x73\
\x12\xce\x16\0\0\0\0\x71\x81\x9c\x16\0\0\0\0\x73\x12\xcd\x16\0\0\0\0\x71\x81\
\x9b\x16\0\0\0\0\x73\x12\xcc\x16\0\0\0\0\x71\x81\x9a\x16\0\0\0\0\x73\x12\xcb\
\x16\0\0\0\0\x71\x81\x99\x16\0\0\0\0\x73\x12\xca\x16\0\0\0\0\x71\x81\x98\x16\0\
\0\0\0\x73\x12\xc9\x16\0\0\0\0\x71\x81\x97\x16\0\0\0\0\x73\x12\xc8\x16\0\0\0\0\
\x71\x81\x96\x16\0\0\0\0\x73\x12\xc7\x16\0\0\0\0\x71\x81\x95\x16\0\0\0\0\x73\
\x12\xc6\x16\0\0\0\0\x71\x81\x94\x16\0\0\0\0\x73\x12\xc5\x16\0\0\0\0\x71\x81\
\x93\x16\0\0\0\0\x73\x12\xc4\x16\0\0\0\0\x71\x81\x92\x16\0\0\0\0\x73\x12\xc3\
\x16\0\0\0\0\x71\x81\x91\x16\0\0\0\0\x73\x12\xc2\x16\0\0\0\0\x71\x81\x90\x16\0\
\0\0\0\x73\x12\xc1\x16\0\0\0\0\x71\x81\x8f\x16\0\0\0\0\x73\x12\xc0\x16\0\0\0\0\
\x71\x81\x8e\x16\0\0\0\0\x73\x12\xbf\x16\0\0\0\0\x71\x81\x8d\x16\0\0\0\0\x73\
\x12\xbe\x16\0\0\0\0\x71\x81\x8c\x16\0\0\0\0\x73\x12\xbd\x16\0\0\0\0\x71\x81\
\x8b\x16\0\0\0\0\x73\x12\xbc\x16\0\0\0\0\x71\x81\x8a\x16\0\0\0\0\x73\x12\xbb\
\x16\0\0\0\0\x71\x81\x89\x16\0\0\0\0\x73\x12\xba\x16\0\0\0\0\x71\x81\x88\x16\0\
\0\0\0\x73\x12\xb9\x16\0\0\0\0\x71\x81\x87\x16\0\0\0\0\x73\x12\xb8\x16\0\0\0\0\
\x71\x81\x86\x16\0\0\0\0\x73\x12\xb7\x16\0\0\0\0\x71\x81\x85\x16\0\0\0\0\x73\
\x12\xb6\x16\0\0\0\0\x71\x81\x84\x16\0\0\0\0\x73\x12\xb5\x16\0\0\0\0\x71\x81\
\x83\x16\0\0\0\0\x73\x12\xb4\x16\0\0\0\0\x71\x81\x82\x16\0\0\0\0\x73\x12\xb3\
\x16\0\0\0\0\x71\x81\x81\x16\0\0\0\0\x73\x12\xb2\x16\0\0\0\0\x71\x81\x80\x16\0\
\0\0\0\x73\x12\xb1\x16\0\0\0\0\x71\x81\x7f\x16\0\0\0\0\x73\x12\xb0\x16\0\0\0\0\
\x71\x81\x7e\x16\0\0\0\0\x73\x12\xaf\x16\0\0\0\0\x71\x81\x7d\x16\0\0\0\0\x73\
\x12\xae\x16\0\0\0\0\x71\x81\x7c\x16\0\0\0\0\x73\x12\xad\x16\0\0\0\0\x71\x81\
\x7b\x16\0\0\0\0\x73\x12\xac\x16\0\0\0\0\x71\x81\x7a\x16\0\0\0\0\x73\x12\xab\
\x16\0\0\0\0\x71\x81\x79\x16\0\0\0\0\x73\x12\xaa\x16\0\0\0\0\x71\x81\x78\x16\0\
\0\0\0\x73\x12\xa9\x16\0\0\0\0\x71\x81\x77\x16\0\0\0\0\x73\x12\xa8\x16\0\0\0\0\
\x71\x81\x76\x16\0\0\0\0\x73\x12\xa7\x16\0\0\0\0\x71\x81\x75\x16\0\0\0\0\x73\
\x12\xa6\x16\0\0\0\0\x71\x81\x74\x16\0\0\0\0\x73\x12\xa5\x16\0\0\0\0\x71\x81\
\x73\x16\0\0\0\0\x73\x12\xa4\x16\0\0\0\0\x71\x81\x72\x16\0\0\0\0\x73\x12\xa3\
\x16\0\0\0\0\x71\x81\x71\x16\0\0\0\0\x73\x12\xa2\x16\0\0\0\0\x71\x81\x70\x16\0\
\0\0\0\x73\x12\xa1\x16\0\0\0\0\x71\x81\x6f\x16\0\0\0\0\x73\x12\xa0\x16\0\0\0\0\
\x71\x81\x6e\x16\0\0\0\0\x73\x12\x9f\x16\0\0\0\0\x71\x81\x6d\x16\0\0\0\0\x73\
\x12\x9e\x16\0\0\0\0\x71\x81\x6c\x16\0\0\0\0\x73\x12\x9d\x16\0\0\0\0\x71\x81\
\x6b\x16\0\0\0\0\x73\x12\x9c\x16\0\0\0\0\x71\x81\x6a\x16\0\0\0\0\x73\x12\x9b\
\x16\0\0\0\0\x71\x81\x69\x16\0\0\0\0\x73\x12\x9a\x16\0\0\0\0\x71\x81\x68\x16\0\
\0\0\0\x73\x12\x99\x16\0\0\0\0\x71\x81\x67\x16\0\0\0\0\x73\x12\x98\x16\0\0\0\0\
\x71\x81\x66\x16\0\0\0\0\x73\x12\x97\x16\0\0\0\0\x71\x81\x65\x16\0\0\0\0\x73\
\x12\x96\x16\0\0\0\0\x71\x81\x64\x16\0\0\0\0\x73\x12\x95\x16\0\0\0\0\x71\x81\
\x63\x16\0\0\0\0\x73\x12\x94\x16\0\0\0\0\x71\x81\x62\x16\0\0\0\0\x73\x12\x93\
\x16\0\0\0\0\x71\x81\x61\x16\0\0\0\0\x73\x12\x92\x16\0\0\0\0\x71\x81\x60\x16\0\
\0\0\0\x73\x12\x91\x16\0\0\0\0\x71\x81\x5f\x16\0\0\0\0\x73\x12\x90\x16\0\0\0\0\
\x71\x81\x5e\x16\0\0\0\0\x73\x12\x8f\x16\0\0\0\0\x71\x81\x5d\x16\0\0\0\0\x73\
\x12\x8e\x16\0\0\0\0\x71\x81\x5c\x16\0\0\0\0\x73\x12\x8d\x16\0\0\0\0\x71\x81\
\x5b\x16\0\0\0\0\x73\x12\x8c\x16\0\0\0\0\x71\x81\x5a\x16\0\0\0\0\x73\x12\x8b\
\x16\0\0\0\0\x71\x81\x59\x16\0\0\0\0\x73\x12\x8a\x16\0\0\0\0\x71\x81\x58\x16\0\
\0\0\0\x73\x12\x89\x16\0\0\0\0\x71\x81\x57\x16\0\0\0\0\x73\x12\x88\x16\0\0\0\0\
\x71\x81\x56\x16\0\0\0\0\x73\x12\x87\x16\0\0\0\0\x71\x81\x55\x16\0\0\0\0\x73\
\x12\x86\x16\0\0\0\0\x71\x81\x54\x16\0\0\0\0\x73\x12\x85\x16\0\0\0\0\x71\x81\
\x53\x16\0\0\0\0\x73\x12\x84\x16\0\0\0\0\x71\x81\x52\x16\0\0\0\0\x73\x12\x83\
\x16\0\0\0\0\x71\x81\x51\x16\0\0\0\0\x73\x12\x82\x16\0\0\0\0\x71\x81\x50\x16\0\
\0\0\0\x73\x12\x81\x16\0\0\0\0\x71\x81\x4f\x16\0\0\0\0\x73\x12\x80\x16\0\0\0\0\
\x71\x81\x4e\x16\0\0\0\0\x73\x12\x7f\x16\0\0\0\0\x71\x81\x4d\x16\0\0\0\0\x73\
\x12\x7e\x16\0\0\0\0\x71\x81\x4c\x16\0\0\0\0\x73\x12\x7d\x16\0\0\0\0\x71\x81\
\x4b\x16\0\0\0\0\x73\x12\x7c\x16\0\0\0\0\x71\x81\x4a\x16\0\0\0\0\x73\x12\x7b\
\x16\0\0\0\0\x71\x81\x49\x16\0\0\0\0\x73\x12\x7a\x16\0\0\0\0\x71\x81\x48\x16\0\
\0\0\0\x73\x12\x79\x16\0\0\0\0\x71\x81\x47\x16\0\0\0\0\x73\x12\x78\x16\0\0\0\0\
\x71\x81\x46\x16\0\0\0\0\x73\x12\x77\x16\0\0\0\0\x71\x81\x45\x16\0\0\0\0\x73\
\x12\x76\x16\0\0\0\0\x71\x81\x44\x16\0\0\0\0\x73\x12\x75\x16\0\0\0\0\x71\x81\
\x43\x16\0\0\0\0\x73\x12\x74\x16\0\0\0\0\x71\x81\x42\x16\0\0\0\0\x73\x12\x73\
\x16\0\0\0\0\x71\x81\x41\x16\0\0\0\0\x73\x12\x72\x16\0\0\0\0\x71\x81\x40\x16\0\
\0\0\0\x73\x12\x71\x16\0\0\0\0\x71\x81\x3f\x16\0\0\0\0\x73\x12\x70\x16\0\0\0\0\
\x71\x81\x3e\x16\0\0\0\0\x73\x12\x6f\x16\0\0\0\0\x71\x81\x3d\x16\0\0\0\0\x73\
\x12\x6e\x16\0\0\0\0\x71\x81\x3c\x16\0\0\0\0\x73\x12\x6d\x16\0\0\0\0\x71\x81\
\x3b\x16\0\0\0\0\x73\x12\x6c\x16\0\0\0\0\x71\x81\x3a\x16\0\0\0\0\x73\x12\x6b\
\x16\0\0\0\0\x71\x81\x39\x16\0\0\0\0\x73\x12\x6a\x16\0\0\0\0\x71\x81\x38\x16\0\
\0\0\0\x73\x12\x69\x16\0\0\0\0\x71\x81\x37\x16\0\0\0\0\x73\x12\x68\x16\0\0\0\0\
\x71\x81\x36\x16\0\0\0\0\x73\x12\x67\x16\0\0\0\0\x71\x81\x35\x16\0\0\0\0\x73\
\x12\x66\x16\0\0\0\0\x71\x81\x34\x16\0\0\0\0\x73\x12\x65\x16\0\0\0\0\x71\x81\
\x33\x16\0\0\0\0\x73\x12\x64\x16\0\0\0\0\x71\x81\x32\x16\0\0\0\0\x73\x12\x63\
\x16\0\0\0\0\x71\x81\x31\x16\0\0\0\0\x73\x12\x62\x16\0\0\0\0\x71\x81\x30\x16\0\
\0\0\0\x73\x12\x61\x16\0\0\0\0\x71\x81\x2f\x16\0\0\0\0\x73\x12\x60\x16\0\0\0\0\
\x71\x81\x2e\x16\0\0\0\0\x73\x12\x5f\x16\0\0\0\0\x71\x81\x2d\x16\0\0\0\0\x73\
\x12\x5e\x16\0\0\0\0\x71\x81\x2c\x16\0\0\0\0\x73\x12\x5d\x16\0\0\0\0\x71\x81\
\x2b\x16\0\0\0\0\x73\x12\x5c\x16\0\0\0\0\x71\x81\x2a\x16\0\0\0\0\x73\x12\x5b\
\x16\0\0\0\0\x71\x81\x29\x16\0\0\0\0\x73\x12\x5a\x16\0\0\0\0\x71\x81\x28\x16\0\
\0\0\0\x73\x12\x59\x16\0\0\0\0\x71\x81\x27\x16\0\0\0\0\x73\x12\x58\x16\0\0\0\0\
\x71\x81\x26\x16\0\0\0\0\x73\x12\x57\x16\0\0\0\0\x71\x81\x25\x16\0\0\0\0\x73\
\x12\x56\x16\0\0\0\0\x71\x81\x24\x16\0\0\0\0\x73\x12\x55\x16\0\0\0\0\x71\x81\
\x23\x16\0\0\0\0\x73\x12\x54\x16\0\0\0\0\x71\x81\x22\x16\0\0\0\0\x73\x12\x53\
\x16\0\0\0\0\x71\x81\x21\x16\0\0\0\0\x73\x12\x52\x16\0\0\0\0\x71\x81\x20\x16\0\
\0\0\0\x73\x12\x51\x16\0\0\0\0\x71\x81\x1f\x16\0\0\0\0\x73\x12\x50\x16\0\0\0\0\
\x71\x81\x1e\x16\0\0\0\0\x73\x12\x4f\x16\0\0\0\0\x71\x81\x1d\x16\0\0\0\0\x73\
\x12\x4e\x16\0\0\0\0\x71\x81\x1c\x16\0\0\0\0\x73\x12\x4d\x16\0\0\0\0\x71\x81\
\x1b\x16\0\0\0\0\x73\x12\x4c\x16\0\0\0\0\x71\x81\x1a\x16\0\0\0\0\x73\x12\x4b\
\x16\0\0\0\0\x71\x81\x19\x16\0\0\0\0\x73\x12\x4a\x16\0\0\0\0\x71\x81\x18\x16\0\
\0\0\0\x73\x12\x49\x16\0\0\0\0\x71\x81\x17\x16\0\0\0\0\x73\x12\x48\x16\0\0\0\0\
\x71\x81\x16\x16\0\0\0\0\x73\x12\x47\x16\0\0\0\0\x71\x81\x15\x16\0\0\0\0\x73\
\x12\x46\x16\0\0\0\0\x71\x81\x14\x16\0\0\0\0\x73\x12\x45\x16\0\0\0\0\x71\x81\
\x13\x16\0\0\0\0\x73\x12\x44\x16\0\0\0\0\x71\x81\x12\x16\0\0\0\0\x73\x12\x43\
\x16\0\0\0\0\x71\x81\x11\x16\0\0\0\0\x73\x12\x42\x16\0\0\0\0\x71\x81\x10\x16\0\
\0\0\0\x73\x12\x41\x16\0\0\0\0\x71\x81\x0f\x16\0\0\0\0\x73\x12\x40\x16\0\0\0\0\
\x71\x81\x0e\x16\0\0\0\0\x73\x12\x3f\x16\0\0\0\0\x71\x81\x0d\x16\0\0\0\0\x73\
\x12\x3e\x16\0\0\0\0\x71\x81\x0c\x16\0\0\0\0\x73\x12\x3d\x16\0\0\0\0\x71\x81\
\x0b\x16\0\0\0\0\x73\x12\x3c\x16\0\0\0\0\x71\x81\x0a\x16\0\0\0\0\x73\x12\x3b\
\x16\0\0\0\0\x71\x81\x09\x16\0\0\0\0\x73\x12\x3a\x16\0\0\0\0\x71\x81\x08\x16\0\
\0\0\0\x73\x12\x39\x16\0\0\0\0\x71\x81\x07\x16\0\0\0\0\x73\x12\x38\x16\0\0\0\0\
\x71\x81\x06\x16\0\0\0\0\x73\x12\x37\x16\0\0\0\0\x71\x81\x05\x16\0\0\0\0\x73\
\x12\x36\x16\0\0\0\0\x71\x81\x04\x16\0\0\0\0\x73\x12\x35\x16\0\0\0\0\x71\x81\
\x03\x16\0\0\0\0\x73\x12\x34\x16\0\0\0\0\x71\x81\x02\x16\0\0\0\0\x73\x12\x33\
\x16\0\0\0\0\x71\x81\x01\x16\0\0\0\0\x73\x12\x32\x16\0\0\0\0\x71\x81\0\x16\0\0\
\0\0\x73\x12\x31\x16\0\0\0\0\xa6\x04\x3b\x18\x01\x17\0\0\xbf\x81\0\0\0\0\0\0\
\x07\x01\0\0\0\x18\0\0\x2d\x51\x38\x18\0\0\0\0\x71\x81\xff\x17\0\0\0\0\x79\xa2\
\xb0\xff\0\0\0\0\x73\x12\x30\x18\0\0\0\0\x71\x81\xfe\x17\0\0\0\0\x73\x12\x2f\
\x18\0\0\0\0\x71\x81\xfd\x17\0\0\0\0\x73\x12\x2e\x18\0\0\0\0\x71\x81\xfc\x17\0\
\0\0\0\x73\x12\x2d\x18\0\0\0\0\x71\x81\xfb\x17\0\0\0\0\x73\x12\x2c\x18\0\0\0\0\
\x71\x81\xfa\x17\0\0\0\0\x73\x12\x2b\x18\0\0\0\0\x71\x81\xf9\x17\0\0\0\0\x73\
\x12\x2a\x18\0\0\0\0\x71\x81\xf8\x17\0\0\0\0\x73\x12\x29\x18\0\0\0\0\x71\x81\
\xf7\x17\0\0\0\0\x73\x12\x28\x18\0\0\0\0\x71\x81\xf6\x17\0\0\0\0\x73\x12\x27\
\x18\0\0\0\0\x71\x81\xf5\x17\0\0\0\0\x73\x12\x26\x18\0\0\0\0\x71\x81\xf4\x17\0\
\0\0\0\x73\x12\x25\x18\0\0\0\0\x71\x81\xf3\x17\0\0\0\0\x73\x12\x24\x18\0\0\0\0\
\x71\x81\xf2\x17\0\0\0\0\x73\x12\x23\x18\0\0\0\0\x71\x81\xf1\x17\0\0\0\0\x73\
\x12\x22\x18\0\0\0\0\x71\x81\xf0\x17\0\0\0\0\x73\x12\x21\x18\0\0\0\0\x71\x81\
\xef\x17\0\0\0\0\x73\x12\x20\x18\0\0\0\0\x71\x81\xee\x17\0\0\0\0\x73\x12\x1f\
\x18\0\0\0\0\x71\x81\xed\x17\0\0\0\0\x73\x12\x1e\x18\0\0\0\0\x71\x81\xec\x17\0\
\0\0\0\x73\x12\x1d\x18\0\0\0\0\x71\x81\xeb\x17\0\0\0\0\x73\x12\x1c\x18\0\0\0\0\
\x71\x81\xea\x17\0\0\0\0\x73\x12\x1b\x18\0\0\0\0\x71\x81\xe9\x17\0\0\0\0\x73\
\x12\x1a\x18\0\0\0\0\x71\x81\xe8\x17\0\0\0\0\x73\x12\x19\x18\0\0\0\0\x71\x81\
\xe7\x17\0\0\0\0\x73\x12\x18\x18\0\0\0\0\x71\x81\xe6\x17\0\0\0\0\x73\x12\x17\
\x18\0\0\0\0\x71\x81\xe5\x17\0\0\0\0\x73\x12\x16\x18\0\0\0\0\x71\x81\xe4\x17\0\
\0\0\0\x73\x12\x15\x18\0\0\0\0\x71\x81\xe3\x17\0\0\0\0\x73\x12\x14\x18\0\0\0\0\
\x71\x81\xe2\x17\0\0\0\0\x73\x12\x13\x18\0\0\0\0\x71\x81\xe1\x17\0\0\0\0\x73\
\x12\x12\x18\0\0\0\0\x71\x81\xe0\x17\0\0\0\0\x73\x12\x11\x18\0\0\0\0\x71\x81\
\xdf\x17\0\0\0\0\x73\x12\x10\x18\0\0\0\0\x71\x81\xde\x17\0\0\0\0\x73\x12\x0f\
\x18\0\0\0\0\x71\x81\xdd\x17\0\0\0\0\x73\x12\x0e\x18\0\0\0\0\x71\x81\xdc\x17\0\
\0\0\0\x73\x12\x0d\x18\0\0\0\0\x71\x81\xdb\x17\0\0\0\0\x73\x12\x0c\x18\0\0\0\0\
\x71\x81\xda\x17\0\0\0\0\x73\x12\x0b\x18\0\0\0\0\x71\x81\xd9\x17\0\0\0\0\x73\
\x12\x0a\x18\0\0\0\0\x71\x81\xd8\x17\0\0\0\0\x73\x12\x09\x18\0\0\0\0\x71\x81\
\xd7\x17\0\0\0\0\x73\x12\x08\x18\0\0\0\0\x71\x81\xd6\x17\0\0\0\0\x73\x12\x07\
\x18\0\0\0\0\x71\x81\xd5\x17\0\0\0\0\x73\x12\x06\x18\0\0\0\0\x71\x81\xd4\x17\0\
\0\0\0\x73\x12\x05\x18\0\0\0\0\x71\x81\xd3\x17\0\0\0\0\x73\x12\x04\x18\0\0\0\0\
\x71\x81\xd2\x17\0\0\0\0\x73\x12\x03\x18\0\0\0\0\x71\x81\xd1\x17\0\0\0\0\x73\
\x12\x02\x18\0\0\0\0\x71\x81\xd0\x17\0\0\0\0\x73\x12\x01\x18\0\0\0\0\x71\x81\
\xcf\x17\0\0\0\0\x73\x12\0\x18\0\0\0\0\x71\x81\xce\x17\0\0\0\0\x73\x12\xff\x17\
\0\0\0\0\x71\x81\xcd\x17\0\0\0\0\x73\x12\xfe\x17\0\0\0\0\x71\x81\xcc\x17\0\0\0\
\0\x73\x12\xfd\x17\0\0\0\0\x71\x81\xcb\x17\0\0\0\0\x73\x12\xfc\x17\0\0\0\0\x71\
\x81\xca\x17\0\0\0\0\x73\x12\xfb\x17\0\0\0\0\x71\x81\xc9\x17\0\0\0\0\x73\x12\
\xfa\x17\0\0\0\0\x71\x81\xc8\x17\0\0\0\0\x73\x12\xf9\x17\0\0\0\0\x71\x81\xc7\
\x17\0\0\0\0\x73\x12\xf8\x17\0\0\0\0\x71\x81\xc6\x17\0\0\0\0\x73\x12\xf7\x17\0\
\0\0\0\x71\x81\xc5\x17\0\0\0\0\x73\x12\xf6\x17\0\0\0\0\x71\x81\xc4\x17\0\0\0\0\
\x73\x12\xf5\x17\0\0\0\0\x71\x81\xc3\x17\0\0\0\0\x73\x12\xf4\x17\0\0\0\0\x71\
\x81\xc2\x17\0\0\0\0\x73\x12\xf3\x17\0\0\0\0\x71\x81\xc1\x17\0\0\0\0\x73\x12\
\xf2\x17\0\0\0\0\x71\x81\xc0\x17\0\0\0\0\x73\x12\xf1\x17\0\0\0\0\x71\x81\xbf\
\x17\0\0\0\0\x73\x12\xf0\x17\0\0\0\0\x71\x81\xbe\x17\0\0\0\0\x73\x12\xef\x17\0\
\0\0\0\x71\x81\xbd\x17\0\0\0\0\x73\x12\xee\x17\0\0\0\0\x71\x81\xbc\x17\0\0\0\0\
\x73\x12\xed\x17\0\0\0\0\x71\x81\xbb\x17\0\0\0\0\x73\x12\xec\x17\0\0\0\0\x71\
\x81\xba\x17\0\0\0\0\x73\x12\xeb\x17\0\0\0\0\x71\x81\xb9\x17\0\0\0\0\x73\x12\
\xea\x17\0\0\0\0\x71\x81\xb8\x17\0\0\0\0\x73\x12\xe9\x17\0\0\0\0\x71\x81\xb7\
\x17\0\0\0\0\x73\x12\xe8\x17\0\0\0\0\x71\x81\xb6\x17\0\0\0\0\x73\x12\xe7\x17\0\
\0\0\0\x71\x81\xb5\x17\0\0\0\0\x73\x12\xe6\x17\0\0\0\0\x71\x81\xb4\x17\0\0\0\0\
\x73\x12\xe5\x17\0\0\0\0\x71\x81\xb3\x17\0\0\0\0\x73\x12\xe4\x17\0\0\0\0\x71\
\x81\xb2\x17\0\0\0\0\x73\x12\xe3\x17\0\0\0\0\x71\x81\xb1\x17\0\0\0\0\x73\x12\
\xe2\x17\0\0\0\0\x71\x81\xb0\x17\0\0\0\0\x73\x12\xe1\x17\0\0\0\0\x71\x81\xaf\
\x17\0\0\0\0\x73\x12\xe0\x17\0\0\0\0\x71\x81\xae\x17\0\0\0\0\x73\x12\xdf\x17\0\
\0\0\0\x71\x81\xad\x17\0\0\0\0\x73\x12\xde\x17\0\0\0\0\x71\x81\xac\x17\0\0\0\0\
\x73\x12\xdd\x17\0\0\0\0\x71\x81\xab\x17\0\0\0\0\x73\x12\xdc\x17\0\0\0\0\x71\
\x81\xaa\x17\0\0\0\0\x73\x12\xdb\x17\0\0\0\0\x71\x81\xa9\x17\0\0\0\0\x73\x12\
\xda\x17\0\0\0\0\x71\x81\xa8\x17\0\0\0\0\x73\x12\xd9\x17\0\0\0\0\x71\x81\xa7\
\x17\0\0\0\0\x73\x12\xd8\x17\0\0\0\0\x71\x81\xa6\x17\0\0\0\0\x73\x12\xd7\x17\0\
\0\0\0\x71\x81\xa5\x17\0\0\0\0\x73\x12\xd6\x17\0\0\0\0\x71\x81\xa4\x17\0\0\0\0\
\x73\x12\xd5\x17\0\0\0\0\x71\x81\xa3\x17\0\0\0\0\x73\x12\xd4\x17\0\0\0\0\x71\
\x81\xa2\x17\0\0\0\0\x73\x12\xd3\x17\0\0\0\0\x71\x81\xa1\x17\0\0\0\0\x73\x12\
\xd2\x17\0\0\0\0\x71\x81\xa0\x17\0\0\0\0\x73\x12\xd1\x17\0\0\0\0\x71\x81\x9f\
\x17\0\0\0\0\x73\x12\xd0\x17\0\0\0\0\x71\x81\x9e\x17\0\0\0\0\x73\x12\xcf\x17\0\
\0\0\0\x71\x81\x9d\x17\0\0\0\0\x73\x12\xce\x17\0\0\0\0\x71\x81\x9c\x17\0\0\0\0\
\x73\x12\xcd\x17\0\0\0\0\x71\x81\x9b\x17\0\0\0\0\x73\x12\xcc\x17\0\0\0\0\x71\
\x81\x9a\x17\0\0\0\0\x73\x12\xcb\x17\0\0\0\0\x71\x81\x99\x17\0\0\0\0\x73\x12\
\xca\x17\0\0\0\0\x71\x81\x98\x17\0\0\0\0\x73\x12\xc9\x17\0\0\0\0\x71\x81\x97\
\x17\0\0\0\0\x73\x12\xc8\x17\0\0\0\0\x71\x81\x96\x17\0\0\0\0\x73\x12\xc7\x17\0\
\0\0\0\x71\x81\x95\x17\0\0\0\0\x73\x12\xc6\x17\0\0\0\0\x71\x81\x94\x17\0\0\0\0\
\x73\x12\xc5\x17\0\0\0\0\x71\x81\x93\x17\0\0\0\0\x73\x12\xc4\x17\0\0\0\0\x71\
\x81\x92\x17\0\0\0\0\x73\x12\xc3\x17\0\0\0\0\x71\x81\x91\x17\0\0\0\0\x73\x12\
\xc2\x17\0\0\0\0\x71\x81\x90\x17\0\0\0\0\x73\x12\xc1\x17\0\0\0\0\x71\x81\x8f\
\x17\0\0\0\0\x73\x12\xc0\x17\0\0\0\0\x71\x81\x8e\x17\0\0\0\0\x73\x12\xbf\x17\0\
\0\0\0\x71\x81\x8d\x17\0\0\0\0\x73\x12\xbe\x17\0\0\0\0\x71\x81\x8c\x17\0\0\0\0\
\x73\x12\xbd\x17\0\0\0\0\x71\x81\x8b\x17\0\0\0\0\x73\x12\xbc\x17\0\0\0\0\x71\
\x81\x8a\x17\0\0\0\0\x73\x12\xbb\x17\0\0\0\0\x71\x81\x89\x17\0\0\0\0\x73\x12\
\xba\x17\0\0\0\0\x71\x81\x88\x17\0\0\0\0\x73\x12\xb9\x17\0\0\0\0\x71\x81\x87\
\x17\0\0\0\0\x73\x12\xb8\x17\0\0\0\0\x71\x81\x86\x17\0\0\0\0\x73\x12\xb7\x17\0\
\0\0\0\x71\x81\x85\x17\0\0\0\0\x73\x12\xb6\x17\0\0\0\0\x71\x81\x84\x17\0\0\0\0\
\x73\x12\xb5\x17\0\0\0\0\x71\x81\x83\x17\0\0\0\0\x73\x12\xb4\x17\0\0\0\0\x71\
\x81\x82\x17\0\0\0\0\x73\x12\xb3\x17\0\0\0\0\x71\x81\x81\x17\0\0\0\0\x73\x12\
\xb2\x17\0\0\0\0\x71\x81\x80\x17\0\0\0\0\x73\x12\xb1\x17\0\0\0\0\x71\x81\x7f\
\x17\0\0\0\0\x73\x12\xb0\x17\0\0\0\0\x71\x81\x7e\x17\0\0\0\0\x73\x12\xaf\x17\0\
\0\0\0\x71\x81\x7d\x17\0\0\0\0\x73\x12\xae\x17\0\0\0\0\x71\x81\x7c\x17\0\0\0\0\
\x73\x12\xad\x17\0\0\0\0\x71\x81\x7b\x17\0\0\0\0\x73\x12\xac\x17\0\0\0\0\x71\
\x81\x7a\x17\0\0\0\0\x73\x12\xab\x17\0\0\0\0\x71\x81\x79\x17\0\0\0\0\x73\x12\
\xaa\x17\0\0\0\0\x71\x81\x78\x17\0\0\0\0\x73\x12\xa9\x17\0\0\0\0\x71\x81\x77\
\x17\0\0\0\0\x73\x12\xa8\x17\0\0\0\0\x71\x81\x76\x17\0\0\0\0\x73\x12\xa7\x17\0\
\0\0\0\x71\x81\x75\x17\0\0\0\0\x73\x12\xa6\x17\0\0\0\0\x71\x81\x74\x17\0\0\0\0\
\x73\x12\xa5\x17\0\0\0\0\x71\x81\x73\x17\0\0\0\0\x73\x12\xa4\x17\0\0\0\0\x71\
\x81\x72\x17\0\0\0\0\x73\x12\xa3\x17\0\0\0\0\x71\x81\x71\x17\0\0\0\0\x73\x12\
\xa2\x17\0\0\0\0\x71\x81\x70\x17\0\0\0\0\x73\x12\xa1\x17\0\0\0\0\x71\x81\x6f\
\x17\0\0\0\0\x73\x12\xa0\x17\0\0\0\0\x71\x81\x6e\x17\0\0\0\0\x73\x12\x9f\x17\0\
\0\0\0\x71\x81\x6d\x17\0\0\0\0\x73\x12\x9e\x17\0\0\0\0\x71\x81\x6c\x17\0\0\0\0\
\x73\x12\x9d\x17\0\0\0\0\x71\x81\x6b\x17\0\0\0\0\x73\x12\x9c\x17\0\0\0\0\x71\
\x81\x6a\x17\0\0\0\0\x73\x12\x9b\x17\0\0\0\0\x71\x81\x69\x17\0\0\0\0\x73\x12\
\x9a\x17\0\0\0\0\x71\x81\x68\x17\0\0\0\0\x73\x12\x99\x17\0\0\0\0\x71\x81\x67\
\x17\0\0\0\0\x73\x12\x98\x17\0\0\0\0\x71\x81\x66\x17\0\0\0\0\x73\x12\x97\x17\0\
\0\0\0\x71\x81\x65\x17\0\0\0\0\x73\x12\x96\x17\0\0\0\0\x71\x81\x64\x17\0\0\0\0\
\x73\x12\x95\x17\0\0\0\0\x71\x81\x63\x17\0\0\0\0\x73\x12\x94\x17\0\0\0\0\x71\
\x81\x62\x17\0\0\0\0\x73\x12\x93\x17\0\0\0\0\x71\x81\x61\x17\0\0\0\0\x73\x12\
\x92\x17\0\0\0\0\x71\x81\x60\x17\0\0\0\0\x73\x12\x91\x17\0\0\0\0\x71\x81\x5f\
\x17\0\0\0\0\x73\x12\x90\x17\0\0\0\0\x71\x81\x5e\x17\0\0\0\0\x73\x12\x8f\x17\0\
\0\0\0\x71\x81\x5d\x17\0\0\0\0\x73\x12\x8e\x17\0\0\0\0\x71\x81\x5c\x17\0\0\0\0\
\x73\x12\x8d\x17\0\0\0\0\x71\x81\x5b\x17\0\0\0\0\x73\x12\x8c\x17\0\0\0\0\x71\
\x81\x5a\x17\0\0\0\0\x73\x12\x8b\x17\0\0\0\0\x71\x81\x59\x17\0\0\0\0\x73\x12\
\x8a\x17\0\0\0\0\x71\x81\x58\x17\0\0\0\0\x73\x12\x89\x17\0\0\0\0\x71\x81\x57\
\x17\0\0\0\0\x73\x12\x88\x17\0\0\0\0\x71\x81\x56\x17\0\0\0\0\x73\x12\x87\x17\0\
\0\0\0\x71\x81\x55\x17\0\0\0\0\x73\x12\x86\x17\0\0\0\0\x71\x81\x54\x17\0\0\0\0\
\x73\x12\x85\x17\0\0\0\0\x71\x81\x53\x17\0\0\0\0\x73\x12\x84\x17\0\0\0\0\x71\
\x81\x52\x17\0\0\0\0\x73\x12\x83\x17\0\0\0\0\x71\x81\x51\x17\0\0\0\0\x73\x12\
\x82\x17\0\0\0\0\x71\x81\x50\x17\0\0\0\0\x73\x12\x81\x17\0\0\0\0\x71\x81\x4f\
\x17\0\0\0\0\x73\x12\x80\x17\0\0\0\0\x71\x81\x4e\x17\0\0\0\0\x73\x12\x7f\x17\0\
\0\0\0\x71\x81\x4d\x17\0\0\0\0\x73\x12\x7e\x17\0\0\0\0\x71\x81\x4c\x17\0\0\0\0\
\x73\x12\x7d\x17\0\0\0\0\x71\x81\x4b\x17\0\0\0\0\x73\x12\x7c\x17\0\0\0\0\x71\
\x81\x4a\x17\0\0\0\0\x73\x12\x7b\x17\0\0\0\0\x71\x81\x49\x17\0\0\0\0\x73\x12\
\x7a\x17\0\0\0\0\x71\x81\x48\x17\0\0\0\0\x73\x12\x79\x17\0\0\0\0\x71\x81\x47\
\x17\0\0\0\0\x73\x12\x78\x17\0\0\0\0\x71\x81\x46\x17\0\0\0\0\x73\x12\x77\x17\0\
\0\0\0\x71\x81\x45\x17\0\0\0\0\x73\x12\x76\x17\0\0\0\0\x71\x81\x44\x17\0\0\0\0\
\x73\x12\x75\x17\0\0\0\0\x71\x81\x43\x17\0\0\0\0\x73\x12\x74\x17\0\0\0\0\x71\
\x81\x42\x17\0\0\0\0\x73\x12\x73\x17\0\0\0\0\x71\x81\x41\x17\0\0\0\0\x73\x12\
\x72\x17\0\0\0\0\x71\x81\x40\x17\0\0\0\0\x73\x12\x71\x17\0\0\0\0\x71\x81\x3f\
\x17\0\0\0\0\x73\x12\x70\x17\0\0\0\0\x71\x81\x3e\x17\0\0\0\0\x73\x12\x6f\x17\0\
\0\0\0\x71\x81\x3d\x17\0\0\0\0\x73\x12\x6e\x17\0\0\0\0\x71\x81\x3c\x17\0\0\0\0\
\x73\x12\x6d\x17\0\0\0\0\x71\x81\x3b\x17\0\0\0\0\x73\x12\x6c\x17\0\0\0\0\x71\
\x81\x3a\x17\0\0\0\0\x73\x12\x6b\x17\0\0\0\0\x71\x81\x39\x17\0\0\0\0\x73\x12\
\x6a\x17\0\0\0\0\x71\x81\x38\x17\0\0\0\0\x73\x12\x69\x17\0\0\0\0\x71\x81\x37\
\x17\0\0\0\0\x73\x12\x68\x17\0\0\0\0\x71\x81\x36\x17\0\0\0\0\x73\x12\x67\x17\0\
\0\0\0\x71\x81\x35\x17\0\0\0\0\x73\x12\x66\x17\0\0\0\0\x71\x81\x34\x17\0\0\0\0\
\x73\x12\x65\x17\0\0\0\0\x71\x81\x33\x17\0\0\0\0\x73\x12\x64\x17\0\0\0\0\x71\
\x81\x32\x17\0\0\0\0\x73\x12\x63\x17\0\0\0\0\x71\x81\x31\x17\0\0\0\0\x73\x12\
\x62\x17\0\0\0\0\x71\x81\x30\x17\0\0\0\0\x73\x12\x61\x17\0\0\0\0\x71\x81\x2f\
\x17\0\0\0\0\x73\x12\x60\x17\0\0\0\0\x71\x81\x2e\x17\0\0\0\0\x73\x12\x5f\x17\0\
\0\0\0\x71\x81\x2d\x17\0\0\0\0\x73\x12\x5e\x17\0\0\0\0\x71\x81\x2c\x17\0\0\0\0\
\x73\x12\x5d\x17\0\0\0\0\x71\x81\x2b\x17\0\0\0\0\x73\x12\x5c\x17\0\0\0\0\x71\
\x81\x2a\x17\0\0\0\0\x73\x12\x5b\x17\0\0\0\0\x71\x81\x29\x17\0\0\0\0\x73\x12\
\x5a\x17\0\0\0\0\x71\x81\x28\x17\0\0\0\0\x73\x12\x59\x17\0\0\0\0\x71\x81\x27\
\x17\0\0\0\0\x73\x12\x58\x17\0\0\0\0\x71\x81\x26\x17\0\0\0\0\x73\x12\x57\x17\0\
\0\0\0\x71\x81\x25\x17\0\0\0\0\x73\x12\x56\x17\0\0\0\0\x71\x81\x24\x17\0\0\0\0\
\x73\x12\x55\x17\0\0\0\0\x71\x81\x23\x17\0\0\0\0\x73\x12\x54\x17\0\0\0\0\x71\
\x81\x22\x17\0\0\0\0\x73\x12\x53\x17\0\0\0\0\x71\x81\x21\x17\0\0\0\0\x73\x12\
\x52\x17\0\0\0\0\x71\x81\x20\x17\0\0\0\0\x73\x12\x51\x17\0\0\0\0\x71\x81\x1f\
\x17\0\0\0\0\x73\x12\x50\x17\0\0\0\0\x71\x81\x1e\x17\0\0\0\0\x73\x12\x4f\x17\0\
\0\0\0\x71\x81\x1d\x17\0\0\0\0\x73\x12\x4e\x17\0\0\0\0\x71\x81\x1c\x17\0\0\0\0\
\x73\x12\x4d\x17\0\0\0\0\x71\x81\x1b\x17\0\0\0\0\x73\x12\x4c\x17\0\0\0\0\x71\
\x81\x1a\x17\0\0\0\0\x73\x12\x4b\x17\0\0\0\0\x71\x81\x19\x17\0\0\0\0\x73\x12\
\x4a\x17\0\0\0\0\x71\x81\x18\x17\0\0\0\0\x73\x12\x49\x17\0\0\0\0\x71\x81\x17\
\x17\0\0\0\0\x73\x12\x48\x17\0\0\0\0\x71\x81\x16\x17\0\0\0\0\x73\x12\x47\x17\0\
\0\0\0\x71\x81\x15\x17\0\0\0\0\x73\x12\x46\x17\0\0\0\0\x71\x81\x14\x17\0\0\0\0\
\x73\x12\x45\x17\0\0\0\0\x71\x81\x13\x17\0\0\0\0\x73\x12\x44\x17\0\0\0\0\x71\
\x81\x12\x17\0\0\0\0\x73\x12\x43\x17\0\0\0\0\x71\x81\x11\x17\0\0\0\0\x73\x12\
\x42\x17\0\0\0\0\x71\x81\x10\x17\0\0\0\0\x73\x12\x41\x17\0\0\0\0\x71\x81\x0f\
\x17\0\0\0\0\x73\x12\x40\x17\0\0\0\0\x71\x81\x0e\x17\0\0\0\0\x73\x12\x3f\x17\0\
\0\0\0\x71\x81\x0d\x17\0\0\0\0\x73\x12\x3e\x17\0\0\0\0\x71\x81\x0c\x17\0\0\0\0\
\x73\x12\x3d\x17\0\0\0\0\x71\x81\x0b\x17\0\0\0\0\x73\x12\x3c\x17\0\0\0\0\x71\
\x81\x0a\x17\0\0\0\0\x73\x12\x3b\x17\0\0\0\0\x71\x81\x09\x17\0\0\0\0\x73\x12\
\x3a\x17\0\0\0\0\x71\x81\x08\x17\0\0\0\0\x73\x12\x39\x17\0\0\0\0\x71\x81\x07\
\x17\0\0\0\0\x73\x12\x38\x17\0\0\0\0\x71\x81\x06\x17\0\0\0\0\x73\x12\x37\x17\0\
\0\0\0\x71\x81\x05\x17\0\0\0\0\x73\x12\x36\x17\0\0\0\0\x71\x81\x04\x17\0\0\0\0\
\x73\x12\x35\x17\0\0\0\0\x71\x81\x03\x17\0\0\0\0\x73\x12\x34\x17\0\0\0\0\x71\
\x81\x02\x17\0\0\0\0\x73\x12\x33\x17\0\0\0\0\x71\x81\x01\x17\0\0\0\0\x73\x12\
\x32\x17\0\0\0\0\x71\x81\0\x17\0\0\0\0\x73\x12\x31\x17\0\0\0\0\xa6\x04\x36\x16\
\x01\x18\0\0\xbf\x81\0\0\0\0\0\0\x07\x01\0\0\0\x19\0\0\x2d\x51\x33\x16\0\0\0\0\
\x71\x81\xff\x18\0\0\0\0\x79\xa2\xb0\xff\0\0\0\0\x73\x12\x30\x19\0\0\0\0\x71\
\x81\xfe\x18\0\0\0\0\x73\x12\x2f\x19\0\0\0\0\x71\x81\xfd\x18\0\0\0\0\x73\x12\
\x2e\x19\0\0\0\0\x71\x81\xfc\x18\0\0\0\0\x73\x12\x2d\x19\0\0\0\0\x71\x81\xfb\
\x18\0\0\0\0\x73\x12\x2c\x19\0\0\0\0\x71\x81\xfa\x18\0\0\0\0\x73\x12\x2b\x19\0\
\0\0\0\x71\x81\xf9\x18\0\0\0\0\x73\x12\x2a\x19\0\0\0\0\x71\x81\xf8\x18\0\0\0\0\
\x73\x12\x29\x19\0\0\0\0\x71\x81\xf7\x18\0\0\0\0\x73\x12\x28\x19\0\0\0\0\x71\
\x81\xf6\x18\0\0\0\0\x73\x12\x27\x19\0\0\0\0\x71\x81\xf5\x18\0\0\0\0\x73\x12\
\x26\x19\0\0\0\0\x71\x81\xf4\x18\0\0\0\0\x73\x12\x25\x19\0\0\0\0\x71\x81\xf3\
\x18\0\0\0\0\x73\x12\x24\x19\0\0\0\0\x71\x81\xf2\x18\0\0\0\0\x73\x12\x23\x19\0\
\0\0\0\x71\x81\xf1\x18\0\0\0\0\x73\x12\x22\x19\0\0\0\0\x71\x81\xf0\x18\0\0\0\0\
\x73\x12\x21\x19\0\0\0\0\x71\x81\xef\x18\0\0\0\0\x73\x12\x20\x19\0\0\0\0\x71\
\x81\xee\x18\0\0\0\0\x73\x12\x1f\x19\0\0\0\0\x71\x81\xed\x18\0\0\0\0\x73\x12\
\x1e\x19\0\0\0\0\x71\x81\xec\x18\0\0\0\0\x73\x12\x1d\x19\0\0\0\0\x71\x81\xeb\
\x18\0\0\0\0\x73\x12\x1c\x19\0\0\0\0\x71\x81\xea\x18\0\0\0\0\x73\x12\x1b\x19\0\
\0\0\0\x71\x81\xe9\x18\0\0\0\0\x73\x12\x1a\x19\0\0\0\0\x71\x81\xe8\x18\0\0\0\0\
\x73\x12\x19\x19\0\0\0\0\x71\x81\xe7\x18\0\0\0\0\x73\x12\x18\x19\0\0\0\0\x71\
\x81\xe6\x18\0\0\0\0\x73\x12\x17\x19\0\0\0\0\x71\x81\xe5\x18\0\0\0\0\x73\x12\
\x16\x19\0\0\0\0\x71\x81\xe4\x18\0\0\0\0\x73\x12\x15\x19\0\0\0\0\x71\x81\xe3\
\x18\0\0\0\0\x73\x12\x14\x19\0\0\0\0\x71\x81\xe2\x18\0\0\0\0\x73\x12\x13\x19\0\
\0\0\0\x71\x81\xe1\x18\0\0\0\0\x73\x12\x12\x19\0\0\0\0\x71\x81\xe0\x18\0\0\0\0\
\x73\x12\x11\x19\0\0\0\0\x71\x81\xdf\x18\0\0\0\0\x73\x12\x10\x19\0\0\0\0\x71\
\x81\xde\x18\0\0\0\0\x73\x12\x0f\x19\0\0\0\0\x71\x81\xdd\x18\0\0\0\0\x73\x12\
\x0e\x19\0\0\0\0\x71\x81\xdc\x18\0\0\0\0\x73\x12\x0d\x19\0\0\0\0\x71\x81\xdb\
\x18\0\0\0\0\x73\x12\x0c\x19\0\0\0\0\x71\x81\xda\x18\0\0\0\0\x73\x12\x0b\x19\0\
\0\0\0\x71\x81\xd9\x18\0\0\0\0\x73\x12\x0a\x19\0\0\0\0\x71\x81\xd8\x18\0\0\0\0\
\x73\x12\x09\x19\0\0\0\0\x71\x81\xd7\x18\0\0\0\0\x73\x12\x08\x19\0\0\0\0\x71\
\x81\xd6\x18\0\0\0\0\x73\x12\x07\x19\0\0\0\0\x71\x81\xd5\x18\0\0\0\0\x73\x12\
\x06\x19\0\0\0\0\x71\x81\xd4\x18\0\0\0\0\x73\x12\x05\x19\0\0\0\0\x71\x81\xd3\
\x18\0\0\0\0\x73\x12\x04\x19\0\0\0\0\x71\x81\xd2\x18\0\0\0\0\x73\x12\x03\x19\0\
\0\0\0\x71\x81\xd1\x18\0\0\0\0\x73\x12\x02\x19\0\0\0\0\x71\x81\xd0\x18\0\0\0\0\
\x73\x12\x01\x19\0\0\0\0\x71\x81\xcf\x18\0\0\0\0\x73\x12\0\x19\0\0\0\0\x71\x81\
\xce\x18\0\0\0\0\x73\x12\xff\x18\0\0\0\0\x71\x81\xcd\x18\0\0\0\0\x73\x12\xfe\
\x18\0\0\0\0\x71\x81\xcc\x18\0\0\0\0\x73\x12\xfd\x18\0\0\0\0\x71\x81\xcb\x18\0\
\0\0\0\x73\x12\xfc\x18\0\0\0\0\x71\x81\xca\x18\0\0\0\0\x73\x12\xfb\x18\0\0\0\0\
\x71\x81\xc9\x18\0\0\0\0\x73\x12\xfa\x18\0\0\0\0\x71\x81\xc8\x18\0\0\0\0\x73\
\x12\xf9\x18\0\0\0\0\x71\x81\xc7\x18\0\0\0\0\x73\x12\xf8\x18\0\0\0\0\x71\x81\
\xc6\x18\0\0\0\0\x73\x12\xf7\x18\0\0\0\0\x71\x81\xc5\x18\0\0\0\0\x73\x12\xf6\
\x18\0\0\0\0\x71\x81\xc4\x18\0\0\0\0\x73\x12\xf5\x18\0\0\0\0\x71\x81\xc3\x18\0\
\0\0\0\x73\x12\xf4\x18\0\0\0\0\x71\x81\xc2\x18\0\0\0\0\x73\x12\xf3\x18\0\0\0\0\
\x71\x81\xc1\x18\0\0\0\0\x73\x12\xf2\x18\0\0\0\0\x71\x81\xc0\x18\0\0\0\0\x73\
\x12\xf1\x18\0\0\0\0\x71\x81\xbf\x18\0\0\0\0\x73\x12\xf0\x18\0\0\0\0\x71\x81\
\xbe\x18\0\0\0\0\x73\x12\xef\x18\0\0\0\0\x71\x81\xbd\x18\0\0\0\0\x73\x12\xee\
\x18\0\0\0\0\x71\x81\xbc\x18\0\0\0\0\x73\x12\xed\x18\0\0\0\0\x71\x81\xbb\x18\0\
\0\0\0\x73\x12\xec\x18\0\0\0\0\x71\x81\xba\x18\0\0\0\0\x73\x12\xeb\x18\0\0\0\0\
\x71\x81\xb9\x18\0\0\0\0\x73\x12\xea\x18\0\0\0\0\x71\x81\xb8\x18\0\0\0\0\x73\
\x12\xe9\x18\0\0\0\0\x71\x81\xb7\x18\0\0\0\0\x73\x12\xe8\x18\0\0\0\0\x71\x81\
\xb6\x18\0\0\0\0\x73\x12\xe7\x18\0\0\0\0\x71\x81\xb5\x18\0\0\0\0\x73\x12\xe6\
\x18\0\0\0\0\x71\x81\xb4\x18\0\0\0\0\x73\x12\xe5\x18\0\0\0\0\x71\x81\xb3\x18\0\
\0\0\0\x73\x12\xe4\x18\0\0\0\0\x71\x81\xb2\x18\0\0\0\0\x73\x12\xe3\x18\0\0\0\0\
\x71\x81\xb1\x18\0\0\0\0\x73\x12\xe2\x18\0\0\0\0\x71\x81\xb0\x18\0\0\0\0\x73\
\x12\xe1\x18\0\0\0\0\x71\x81\xaf\x18\0\0\0\0\x73\x12\xe0\x18\0\0\0\0\x71\x81\
\xae\x18\0\0\0\0\x73\x12\xdf\x18\0\0\0\0\x71\x81\xad\x18\0\0\0\0\x73\x12\xde\
\x18\0\0\0\0\x71\x81\xac\x18\0\0\0\0\x73\x12\xdd\x18\0\0\0\0\x71\x81\xab\x18\0\
\0\0\0\x73\x12\xdc\x18\0\0\0\0\x71\x81\xaa\x18\0\0\0\0\x73\x12\xdb\x18\0\0\0\0\
\x71\x81\xa9\x18\0\0\0\0\x73\x12\xda\x18\0\0\0\0\x71\x81\xa8\x18\0\0\0\0\x73\
\x12\xd9\x18\0\0\0\0\x71\x81\xa7\x18\0\0\0\0\x73\x12\xd8\x18\0\0\0\0\x71\x81\
\xa6\x18\0\0\0\0\x73\x12\xd7\x18\0\0\0\0\x71\x81\xa5\x18\0\0\0\0\x73\x12\xd6\
\x18\0\0\0\0\x71\x81\xa4\x18\0\0\0\0\x73\x12\xd5\x18\0\0\0\0\x71\x81\xa3\x18\0\
\0\0\0\x73\x12\xd4\x18\0\0\0\0\x71\x81\xa2\x18\0\0\0\0\x73\x12\xd3\x18\0\0\0\0\
\x71\x81\xa1\x18\0\0\0\0\x73\x12\xd2\x18\0\0\0\0\x71\x81\xa0\x18\0\0\0\0\x73\
\x12\xd1\x18\0\0\0\0\x71\x81\x9f\x18\0\0\0\0\x73\x12\xd0\x18\0\0\0\0\x71\x81\
\x9e\x18\0\0\0\0\x73\x12\xcf\x18\0\0\0\0\x71\x81\x9d\x18\0\0\0\0\x73\x12\xce\
\x18\0\0\0\0\x71\x81\x9c\x18\0\0\0\0\x73\x12\xcd\x18\0\0\0\0\x71\x81\x9b\x18\0\
\0\0\0\x73\x12\xcc\x18\0\0\0\0\x71\x81\x9a\x18\0\0\0\0\x73\x12\xcb\x18\0\0\0\0\
\x71\x81\x99\x18\0\0\0\0\x73\x12\xca\x18\0\0\0\0\x71\x81\x98\x18\0\0\0\0\x73\
\x12\xc9\x18\0\0\0\0\x71\x81\x97\x18\0\0\0\0\x73\x12\xc8\x18\0\0\0\0\x71\x81\
\x96\x18\0\0\0\0\x73\x12\xc7\x18\0\0\0\0\x71\x81\x95\x18\0\0\0\0\x73\x12\xc6\
\x18\0\0\0\0\x71\x81\x94\x18\0\0\0\0\x73\x12\xc5\x18\0\0\0\0\x71\x81\x93\x18\0\
\0\0\0\x73\x12\xc4\x18\0\0\0\0\x71\x81\x92\x18\0\0\0\0\x73\x12\xc3\x18\0\0\0\0\
\x71\x81\x91\x18\0\0\0\0\x73\x12\xc2\x18\0\0\0\0\x71\x81\x90\x18\0\0\0\0\x73\
\x12\xc1\x18\0\0\0\0\x71\x81\x8f\x18\0\0\0\0\x73\x12\xc0\x18\0\0\0\0\x71\x81\
\x8e\x18\0\0\0\0\x73\x12\xbf\x18\0\0\0\0\x71\x81\x8d\x18\0\0\0\0\x73\x12\xbe\
\x18\0\0\0\0\x71\x81\x8c\x18\0\0\0\0\x73\x12\xbd\x18\0\0\0\0\x71\x81\x8b\x18\0\
\0\0\0\x73\x12\xbc\x18\0\0\0\0\x71\x81\x8a\x18\0\0\0\0\x73\x12\xbb\x18\0\0\0\0\
\x71\x81\x89\x18\0\0\0\0\x73\x12\xba\x18\0\0\0\0\x71\x81\x88\x18\0\0\0\0\x73\
\x12\xb9\x18\0\0\0\0\x71\x81\x87\x18\0\0\0\0\x73\x12\xb8\x18\0\0\0\0\x71\x81\
\x86\x18\0\0\0\0\x73\x12\xb7\x18\0\0\0\0\x71\x81\x85\x18\0\0\0\0\x73\x12\xb6\
\x18\0\0\0\0\x71\x81\x84\x18\0\0\0\0\x73\x12\xb5\x18\0\0\0\0\x71\x81\x83\x18\0\
\0\0\0\x73\x12\xb4\x18\0\0\0\0\x71\x81\x82\x18\0\0\0\0\x73\x12\xb3\x18\0\0\0\0\
\x71\x81\x81\x18\0\0\0\0\x73\x12\xb2\x18\0\0\0\0\x71\x81\x80\x18\0\0\0\0\x73\
\x12\xb1\x18\0\0\0\0\x71\x81\x7f\x18\0\0\0\0\x73\x12\xb0\x18\0\0\0\0\x71\x81\
\x7e\x18\0\0\0\0\x73\x12\xaf\x18\0\0\0\0\x71\x81\x7d\x18\0\0\0\0\x73\x12\xae\
\x18\0\0\0\0\x71\x81\x7c\x18\0\0\0\0\x73\x12\xad\x18\0\0\0\0\x71\x81\x7b\x18\0\
\0\0\0\x73\x12\xac\x18\0\0\0\0\x71\x81\x7a\x18\0\0\0\0\x73\x12\xab\x18\0\0\0\0\
\x71\x81\x79\x18\0\0\0\0\x73\x12\xaa\x18\0\0\0\0\x71\x81\x78\x18\0\0\0\0\x73\
\x12\xa9\x18\0\0\0\0\x71\x81\x77\x18\0\0\0\0\x73\x12\xa8\x18\0\0\0\0\x71\x81\
\x76\x18\0\0\0\0\x73\x12\xa7\x18\0\0\0\0\x71\x81\x75\x18\0\0\0\0\x73\x12\xa6\
\x18\0\0\0\0\x71\x81\x74\x18\0\0\0\0\x73\x12\xa5\x18\0\0\0\0\x71\x81\x73\x18\0\
\0\0\0\x73\x12\xa4\x18\0\0\0\0\x71\x81\x72\x18\0\0\0\0\x73\x12\xa3\x18\0\0\0\0\
\x71\x81\x71\x18\0\0\0\0\x73\x12\xa2\x18\0\0\0\0\x71\x81\x70\x18\0\0\0\0\x73\
\x12\xa1\x18\0\0\0\0\x71\x81\x6f\x18\0\0\0\0\x73\x12\xa0\x18\0\0\0\0\x71\x81\
\x6e\x18\0\0\0\0\x73\x12\x9f\x18\0\0\0\0\x71\x81\x6d\x18\0\0\0\0\x73\x12\x9e\
\x18\0\0\0\0\x71\x81\x6c\x18\0\0\0\0\x73\x12\x9d\x18\0\0\0\0\x71\x81\x6b\x18\0\
\0\0\0\x73\x12\x9c\x18\0\0\0\0\x71\x81\x6a\x18\0\0\0\0\x73\x12\x9b\x18\0\0\0\0\
\x71\x81\x69\x18\0\0\0\0\x73\x12\x9a\x18\0\0\0\0\x71\x81\x68\x18\0\0\0\0\x73\
\x12\x99\x18\0\0\0\0\x71\x81\x67\x18\0\0\0\0\x73\x12\x98\x18\0\0\0\0\x71\x81\
\x66\x18\0\0\0\0\x73\x12\x97\x18\0\0\0\0\x71\x81\x65\x18\0\0\0\0\x73\x12\x96\
\x18\0\0\0\0\x71\x81\x64\x18\0\0\0\0\x73\x12\x95\x18\0\0\0\0\x71\x81\x63\x18\0\
\0\0\0\x73\x12\x94\x18\0\0\0\0\x71\x81\x62\x18\0\0\0\0\x73\x12\x93\x18\0\0\0\0\
\x71\x81\x61\x18\0\0\0\0\x73\x12\x92\x18\0\0\0\0\x71\x81\x60\x18\0\0\0\0\x73\
\x12\x91\x18\0\0\0\0\x71\x81\x5f\x18\0\0\0\0\x73\x12\x90\x18\0\0\0\0\x71\x81\
\x5e\x18\0\0\0\0\x73\x12\x8f\x18\0\0\0\0\x71\x81\x5d\x18\0\0\0\0\x73\x12\x8e\
\x18\0\0\0\0\x71\x81\x5c\x18\0\0\0\0\x73\x12\x8d\x18\0\0\0\0\x71\x81\x5b\x18\0\
\0\0\0\x73\x12\x8c\x18\0\0\0\0\x71\x81\x5a\x18\0\0\0\0\x73\x12\x8b\x18\0\0\0\0\
\x71\x81\x59\x18\0\0\0\0\x73\x12\x8a\x18\0\0\0\0\x71\x81\x58\x18\0\0\0\0\x73\
\x12\x89\x18\0\0\0\0\x71\x81\x57\x18\0\0\0\0\x73\x12\x88\x18\0\0\0\0\x71\x81\
\x56\x18\0\0\0\0\x73\x12\x87\x18\0\0\0\0\x71\x81\x55\x18\0\0\0\0\x73\x12\x86\
\x18\0\0\0\0\x71\x81\x54\x18\0\0\0\0\x73\x12\x85\x18\0\0\0\0\x71\x81\x53\x18\0\
\0\0\0\x73\x12\x84\x18\0\0\0\0\x71\x81\x52\x18\0\0\0\0\x73\x12\x83\x18\0\0\0\0\
\x71\x81\x51\x18\0\0\0\0\x73\x12\x82\x18\0\0\0\0\x71\x81\x50\x18\0\0\0\0\x73\
\x12\x81\x18\0\0\0\0\x71\x81\x4f\x18\0\0\0\0\x73\x12\x80\x18\0\0\0\0\x71\x81\
\x4e\x18\0\0\0\0\x73\x12\x7f\x18\0\0\0\0\x71\x81\x4d\x18\0\0\0\0\x73\x12\x7e\
\x18\0\0\0\0\x71\x81\x4c\x18\0\0\0\0\x73\x12\x7d\x18\0\0\0\0\x71\x81\x4b\x18\0\
\0\0\0\x73\x12\x7c\x18\0\0\0\0\x71\x81\x4a\x18\0\0\0\0\x73\x12\x7b\x18\0\0\0\0\
\x71\x81\x49\x18\0\0\0\0\x73\x12\x7a\x18\0\0\0\0\x71\x81\x48\x18\0\0\0\0\x73\
\x12\x79\x18\0\0\0\0\x71\x81\x47\x18\0\0\0\0\x73\x12\x78\x18\0\0\0\0\x71\x81\
\x46\x18\0\0\0\0\x73\x12\x77\x18\0\0\0\0\x71\x81\x45\x18\0\0\0\0\x73\x12\x76\
\x18\0\0\0\0\x71\x81\x44\x18\0\0\0\0\x73\x12\x75\x18\0\0\0\0\x71\x81\x43\x18\0\
\0\0\0\x73\x12\x74\x18\0\0\0\0\x71\x81\x42\x18\0\0\0\0\x73\x12\x73\x18\0\0\0\0\
\x71\x81\x41\x18\0\0\0\0\x73\x12\x72\x18\0\0\0\0\x71\x81\x40\x18\0\0\0\0\x73\
\x12\x71\x18\0\0\0\0\x71\x81\x3f\x18\0\0\0\0\x73\x12\x70\x18\0\0\0\0\x71\x81\
\x3e\x18\0\0\0\0\x73\x12\x6f\x18\0\0\0\0\x71\x81\x3d\x18\0\0\0\0\x73\x12\x6e\
\x18\0\0\0\0\x71\x81\x3c\x18\0\0\0\0\x73\x12\x6d\x18\0\0\0\0\x71\x81\x3b\x18\0\
\0\0\0\x73\x12\x6c\x18\0\0\0\0\x71\x81\x3a\x18\0\0\0\0\x73\x12\x6b\x18\0\0\0\0\
\x71\x81\x39\x18\0\0\0\0\x73\x12\x6a\x18\0\0\0\0\x71\x81\x38\x18\0\0\0\0\x73\
\x12\x69\x18\0\0\0\0\x71\x81\x37\x18\0\0\0\0\x73\x12\x68\x18\0\0\0\0\x71\x81\
\x36\x18\0\0\0\0\x73\x12\x67\x18\0\0\0\0\x71\x81\x35\x18\0\0\0\0\x73\x12\x66\
\x18\0\0\0\0\x71\x81\x34\x18\0\0\0\0\x73\x12\x65\x18\0\0\0\0\x71\x81\x33\x18\0\
\0\0\0\x73\x12\x64\x18\0\0\0\0\x71\x81\x32\x18\0\0\0\0\x73\x12\x63\x18\0\0\0\0\
\x71\x81\x31\x18\0\0\0\0\x73\x12\x62\x18\0\0\0\0\x71\x81\x30\x18\0\0\0\0\x73\
\x12\x61\x18\0\0\0\0\x71\x81\x2f\x18\0\0\0\0\x73\x12\x60\x18\0\0\0\0\x71\x81\
\x2e\x18\0\0\0\0\x73\x12\x5f\x18\0\0\0\0\x71\x81\x2d\x18\0\0\0\0\x73\x12\x5e\
\x18\0\0\0\0\x71\x81\x2c\x18\0\0\0\0\x73\x12\x5d\x18\0\0\0\0\x71\x81\x2b\x18\0\
\0\0\0\x73\x12\x5c\x18\0\0\0\0\x71\x81\x2a\x18\0\0\0\0\x73\x12\x5b\x18\0\0\0\0\
\x71\x81\x29\x18\0\0\0\0\x73\x12\x5a\x18\0\0\0\0\x71\x81\x28\x18\0\0\0\0\x73\
\x12\x59\x18\0\0\0\0\x71\x81\x27\x18\0\0\0\0\x73\x12\x58\x18\0\0\0\0\x71\x81\
\x26\x18\0\0\0\0\x73\x12\x57\x18\0\0\0\0\x71\x81\x25\x18\0\0\0\0\x73\x12\x56\
\x18\0\0\0\0\x71\x81\x24\x18\0\0\0\0\x73\x12\x55\x18\0\0\0\0\x71\x81\x23\x18\0\
\0\0\0\x73\x12\x54\x18\0\0\0\0\x71\x81\x22\x18\0\0\0\0\x73\x12\x53\x18\0\0\0\0\
\x71\x81\x21\x18\0\0\0\0\x73\x12\x52\x18\0\0\0\0\x71\x81\x20\x18\0\0\0\0\x73\
\x12\x51\x18\0\0\0\0\x71\x81\x1f\x18\0\0\0\0\x73\x12\x50\x18\0\0\0\0\x71\x81\
\x1e\x18\0\0\0\0\x73\x12\x4f\x18\0\0\0\0\x71\x81\x1d\x18\0\0\0\0\x73\x12\x4e\
\x18\0\0\0\0\x71\x81\x1c\x18\0\0\0\0\x73\x12\x4d\x18\0\0\0\0\x71\x81\x1b\x18\0\
\0\0\0\x73\x12\x4c\x18\0\0\0\0\x71\x81\x1a\x18\0\0\0\0\x73\x12\x4b\x18\0\0\0\0\
\x71\x81\x19\x18\0\0\0\0\x73\x12\x4a\x18\0\0\0\0\x71\x81\x18\x18\0\0\0\0\x73\
\x12\x49\x18\0\0\0\0\x71\x81\x17\x18\0\0\0\0\x73\x12\x48\x18\0\0\0\0\x71\x81\
\x16\x18\0\0\0\0\x73\x12\x47\x18\0\0\0\0\x71\x81\x15\x18\0\0\0\0\x73\x12\x46\
\x18\0\0\0\0\x71\x81\x14\x18\0\0\0\0\x73\x12\x45\x18\0\0\0\0\x71\x81\x13\x18\0\
\0\0\0\x73\x12\x44\x18\0\0\0\0\x71\x81\x12\x18\0\0\0\0\x73\x12\x43\x18\0\0\0\0\
\x71\x81\x11\x18\0\0\0\0\x73\x12\x42\x18\0\0\0\0\x71\x81\x10\x18\0\0\0\0\x73\
\x12\x41\x18\0\0\0\0\x71\x81\x0f\x18\0\0\0\0\x73\x12\x40\x18\0\0\0\0\x71\x81\
\x0e\x18\0\0\0\0\x73\x12\x3f\x18\0\0\0\0\x71\x81\x0d\x18\0\0\0\0\x73\x12\x3e\
\x18\0\0\0\0\x71\x81\x0c\x18\0\0\0\0\x73\x12\x3d\x18\0\0\0\0\x71\x81\x0b\x18\0\
\0\0\0\x73\x12\x3c\x18\0\0\0\0\x71\x81\x0a\x18\0\0\0\0\x73\x12\x3b\x18\0\0\0\0\
\x71\x81\x09\x18\0\0\0\0\x73\x12\x3a\x18\0\0\0\0\x71\x81\x08\x18\0\0\0\0\x73\
\x12\x39\x18\0\0\0\0\x71\x81\x07\x18\0\0\0\0\x73\x12\x38\x18\0\0\0\0\x71\x81\
\x06\x18\0\0\0\0\x73\x12\x37\x18\0\0\0\0\x71\x81\x05\x18\0\0\0\0\x73\x12\x36\
\x18\0\0\0\0\x71\x81\x04\x18\0\0\0\0\x73\x12\x35\x18\0\0\0\0\x71\x81\x03\x18\0\
\0\0\0\x73\x12\x34\x18\0\0\0\0\x71\x81\x02\x18\0\0\0\0\x73\x12\x33\x18\0\0\0\0\
\x71\x81\x01\x18\0\0\0\0\x73\x12\x32\x18\0\0\0\0\x71\x81\0\x18\0\0\0\0\x73\x12\
\x31\x18\0\0\0\0\xa6\x04\x31\x14\x01\x19\0\0\xbf\x81\0\0\0\0\0\0\x07\x01\0\0\0\
\x1a\0\0\x2d\x51\x2e\x14\0\0\0\0\x71\x81\xff\x19\0\0\0\0\x79\xa2\xb0\xff\0\0\0\
\0\x73\x12\x30\x1a\0\0\0\0\x71\x81\xfe\x19\0\0\0\0\x73\x12\x2f\x1a\0\0\0\0\x71\
\x81\xfd\x19\0\0\0\0\x73\x12\x2e\x1a\0\0\0\0\x71\x81\xfc\x19\0\0\0\0\x73\x12\
\x2d\x1a\0\0\0\0\x71\x81\xfb\x19\0\0\0\0\x73\x12\x2c\x1a\0\0\0\0\x71\x81\xfa\
\x19\0\0\0\0\x73\x12\x2b\x1a\0\0\0\0\x71\x81\xf9\x19\0\0\0\0\x73\x12\x2a\x1a\0\
\0\0\0\x71\x81\xf8\x19\0\0\0\0\x73\x12\x29\x1a\0\0\0\0\x71\x81\xf7\x19\0\0\0\0\
\x73\x12\x28\x1a\0\0\0\0\x71\x81\xf6\x19\0\0\0\0\x73\x12\x27\x1a\0\0\0\0\x71\
\x81\xf5\x19\0\0\0\0\x73\x12\x26\x1a\0\0\0\0\x71\x81\xf4\x19\0\0\0\0\x73\x12\
\x25\x1a\0\0\0\0\x71\x81\xf3\x19\0\0\0\0\x73\x12\x24\x1a\0\0\0\0\x71\x81\xf2\
\x19\0\0\0\0\x73\x12\x23\x1a\0\0\0\0\x71\x81\xf1\x19\0\0\0\0\x73\x12\x22\x1a\0\
\0\0\0\x71\x81\xf0\x19\0\0\0\0\x73\x12\x21\x1a\0\0\0\0\x71\x81\xef\x19\0\0\0\0\
\x73\x12\x20\x1a\0\0\0\0\x71\x81\xee\x19\0\0\0\0\x73\x12\x1f\x1a\0\0\0\0\x71\
\x81\xed\x19\0\0\0\0\x73\x12\x1e\x1a\0\0\0\0\x71\x81\xec\x19\0\0\0\0\x73\x12\
\x1d\x1a\0\0\0\0\x71\x81\xeb\x19\0\0\0\0\x73\x12\x1c\x1a\0\0\0\0\x71\x81\xea\
\x19\0\0\0\0\x73\x12\x1b\x1a\0\0\0\0\x71\x81\xe9\x19\0\0\0\0\x73\x12\x1a\x1a\0\
\0\0\0\x71\x81\xe8\x19\0\0\0\0\x73\x12\x19\x1a\0\0\0\0\x71\x81\xe7\x19\0\0\0\0\
\x73\x12\x18\x1a\0\0\0\0\x71\x81\xe6\x19\0\0\0\0\x73\x12\x17\x1a\0\0\0\0\x71\
\x81\xe5\x19\0\0\0\0\x73\x12\x16\x1a\0\0\0\0\x71\x81\xe4\x19\0\0\0\0\x73\x12\
\x15\x1a\0\0\0\0\x71\x81\xe3\x19\0\0\0\0\x73\x12\x14\x1a\0\0\0\0\x71\x81\xe2\
\x19\0\0\0\0\x73\x12\x13\x1a\0\0\0\0\x71\x81\xe1\x19\0\0\0\0\x73\x12\x12\x1a\0\
\0\0\0\x71\x81\xe0\x19\0\0\0\0\x73\x12\x11\x1a\0\0\0\0\x71\x81\xdf\x19\0\0\0\0\
\x73\x12\x10\x1a\0\0\0\0\x71\x81\xde\x19\0\0\0\0\x73\x12\x0f\x1a\0\0\0\0\x71\
\x81\xdd\x19\0\0\0\0\x73\x12\x0e\x1a\0\0\0\0\x71\x81\xdc\x19\0\0\0\0\x73\x12\
\x0d\x1a\0\0\0\0\x71\x81\xdb\x19\0\0\0\0\x73\x12\x0c\x1a\0\0\0\0\x71\x81\xda\
\x19\0\0\0\0\x73\x12\x0b\x1a\0\0\0\0\x71\x81\xd9\x19\0\0\0\0\x73\x12\x0a\x1a\0\
\0\0\0\x71\x81\xd8\x19\0\0\0\0\x73\x12\x09\x1a\0\0\0\0\x71\x81\xd7\x19\0\0\0\0\
\x73\x12\x08\x1a\0\0\0\0\x71\x81\xd6\x19\0\0\0\0\x73\x12\x07\x1a\0\0\0\0\x71\
\x81\xd5\x19\0\0\0\0\x73\x12\x06\x1a\0\0\0\0\x71\x81\xd4\x19\0\0\0\0\x73\x12\
\x05\x1a\0\0\0\0\x71\x81\xd3\x19\0\0\0\0\x73\x12\x04\x1a\0\0\0\0\x71\x81\xd2\
\x19\0\0\0\0\x73\x12\x03\x1a\0\0\0\0\x71\x81\xd1\x19\0\0\0\0\x73\x12\x02\x1a\0\
\0\0\0\x71\x81\xd0\x19\0\0\0\0\x73\x12\x01\x1a\0\0\0\0\x71\x81\xcf\x19\0\0\0\0\
\x73\x12\0\x1a\0\0\0\0\x71\x81\xce\x19\0\0\0\0\x73\x12\xff\x19\0\0\0\0\x71\x81\
\xcd\x19\0\0\0\0\x73\x12\xfe\x19\0\0\0\0\x71\x81\xcc\x19\0\0\0\0\x73\x12\xfd\
\x19\0\0\0\0\x71\x81\xcb\x19\0\0\0\0\x73\x12\xfc\x19\0\0\0\0\x71\x81\xca\x19\0\
\0\0\0\x73\x12\xfb\x19\0\0\0\0\x71\x81\xc9\x19\0\0\0\0\x73\x12\xfa\x19\0\0\0\0\
\x71\x81\xc8\x19\0\0\0\0\x73\x12\xf9\x19\0\0\0\0\x71\x81\xc7\x19\0\0\0\0\x73\
\x12\xf8\x19\0\0\0\0\x71\x81\xc6\x19\0\0\0\0\x73\x12\xf7\x19\0\0\0\0\x71\x81\
\xc5\x19\0\0\0\0\x73\x12\xf6\x19\0\0\0\0\x71\x81\xc4\x19\0\0\0\0\x73\x12\xf5\
\x19\0\0\0\0\x71\x81\xc3\x19\0\0\0\0\x73\x12\xf4\x19\0\0\0\0\x71\x81\xc2\x19\0\
\0\0\0\x73\x12\xf3\x19\0\0\0\0\x71\x81\xc1\x19\0\0\0\0\x73\x12\xf2\x19\0\0\0\0\
\x71\x81\xc0\x19\0\0\0\0\x73\x12\xf1\x19\0\0\0\0\x71\x81\xbf\x19\0\0\0\0\x73\
\x12\xf0\x19\0\0\0\0\x71\x81\xbe\x19\0\0\0\0\x73\x12\xef\x19\0\0\0\0\x71\x81\
\xbd\x19\0\0\0\0\x73\x12\xee\x19\0\0\0\0\x71\x81\xbc\x19\0\0\0\0\x73\x12\xed\
\x19\0\0\0\0\x71\x81\xbb\x19\0\0\0\0\x73\x12\xec\x19\0\0\0\0\x71\x81\xba\x19\0\
\0\0\0\x73\x12\xeb\x19\0\0\0\0\x71\x81\xb9\x19\0\0\0\0\x73\x12\xea\x19\0\0\0\0\
\x71\x81\xb8\x19\0\0\0\0\x73\x12\xe9\x19\0\0\0\0\x71\x81\xb7\x19\0\0\0\0\x73\
\x12\xe8\x19\0\0\0\0\x71\x81\xb6\x19\0\0\0\0\x73\x12\xe7\x19\0\0\0\0\x71\x81\
\xb5\x19\0\0\0\0\x73\x12\xe6\x19\0\0\0\0\x71\x81\xb4\x19\0\0\0\0\x73\x12\xe5\
\x19\0\0\0\0\x71\x81\xb3\x19\0\0\0\0\x73\x12\xe4\x19\0\0\0\0\x71\x81\xb2\x19\0\
\0\0\0\x73\x12\xe3\x19\0\0\0\0\x71\x81\xb1\x19\0\0\0\0\x73\x12\xe2\x19\0\0\0\0\
\x71\x81\xb0\x19\0\0\0\0\x73\x12\xe1\x19\0\0\0\0\x71\x81\xaf\x19\0\0\0\0\x73\
\x12\xe0\x19\0\0\0\0\x71\x81\xae\x19\0\0\0\0\x73\x12\xdf\x19\0\0\0\0\x71\x81\
\xad\x19\0\0\0\0\x73\x12\xde\x19\0\0\0\0\x71\x81\xac\x19\0\0\0\0\x73\x12\xdd\
\x19\0\0\0\0\x71\x81\xab\x19\0\0\0\0\x73\x12\xdc\x19\0\0\0\0\x71\x81\xaa\x19\0\
\0\0\0\x73\x12\xdb\x19\0\0\0\0\x71\x81\xa9\x19\0\0\0\0\x73\x12\xda\x19\0\0\0\0\
\x71\x81\xa8\x19\0\0\0\0\x73\x12\xd9\x19\0\0\0\0\x71\x81\xa7\x19\0\0\0\0\x73\
\x12\xd8\x19\0\0\0\0\x71\x81\xa6\x19\0\0\0\0\x73\x12\xd7\x19\0\0\0\0\x71\x81\
\xa5\x19\0\0\0\0\x73\x12\xd6\x19\0\0\0\0\x71\x81\xa4\x19\0\0\0\0\x73\x12\xd5\
\x19\0\0\0\0\x71\x81\xa3\x19\0\0\0\0\x73\x12\xd4\x19\0\0\0\0\x71\x81\xa2\x19\0\
\0\0\0\x73\x12\xd3\x19\0\0\0\0\x71\x81\xa1\x19\0\0\0\0\x73\x12\xd2\x19\0\0\0\0\
\x71\x81\xa0\x19\0\0\0\0\x73\x12\xd1\x19\0\0\0\0\x71\x81\x9f\x19\0\0\0\0\x73\
\x12\xd0\x19\0\0\0\0\x71\x81\x9e\x19\0\0\0\0\x73\x12\xcf\x19\0\0\0\0\x71\x81\
\x9d\x19\0\0\0\0\x73\x12\xce\x19\0\0\0\0\x71\x81\x9c\x19\0\0\0\0\x73\x12\xcd\
\x19\0\0\0\0\x71\x81\x9b\x19\0\0\0\0\x73\x12\xcc\x19\0\0\0\0\x71\x81\x9a\x19\0\
\0\0\0\x73\x12\xcb\x19\0\0\0\0\x71\x81\x99\x19\0\0\0\0\x73\x12\xca\x19\0\0\0\0\
\x71\x81\x98\x19\0\0\0\0\x73\x12\xc9\x19\0\0\0\0\x71\x81\x97\x19\0\0\0\0\x73\
\x12\xc8\x19\0\0\0\0\x71\x81\x96\x19\0\0\0\0\x73\x12\xc7\x19\0\0\0\0\x71\x81\
\x95\x19\0\0\0\0\x73\x12\xc6\x19\0\0\0\0\x71\x81\x94\x19\0\0\0\0\x73\x12\xc5\
\x19\0\0\0\0\x71\x81\x93\x19\0\0\0\0\x73\x12\xc4\x19\0\0\0\0\x71\x81\x92\x19\0\
\0\0\0\x73\x12\xc3\x19\0\0\0\0\x71\x81\x91\x19\0\0\0\0\x73\x12\xc2\x19\0\0\0\0\
\x71\x81\x90\x19\0\0\0\0\x73\x12\xc1\x19\0\0\0\0\x71\x81\x8f\x19\0\0\0\0\x73\
\x12\xc0\x19\0\0\0\0\x71\x81\x8e\x19\0\0\0\0\x73\x12\xbf\x19\0\0\0\0\x71\x81\
\x8d\x19\0\0\0\0\x73\x12\xbe\x19\0\0\0\0\x71\x81\x8c\x19\0\0\0\0\x73\x12\xbd\
\x19\0\0\0\0\x71\x81\x8b\x19\0\0\0\0\x73\x12\xbc\x19\0\0\0\0\x71\x81\x8a\x19\0\
\0\0\0\x73\x12\xbb\x19\0\0\0\0\x71\x81\x89\x19\0\0\0\0\x73\x12\xba\x19\0\0\0\0\
\x71\x81\x88\x19\0\0\0\0\x73\x12\xb9\x19\0\0\0\0\x71\x81\x87\x19\0\0\0\0\x73\
\x12\xb8\x19\0\0\0\0\x71\x81\x86\x19\0\0\0\0\x73\x12\xb7\x19\0\0\0\0\x71\x81\
\x85\x19\0\0\0\0\x73\x12\xb6\x19\0\0\0\0\x71\x81\x84\x19\0\0\0\0\x73\x12\xb5\
\x19\0\0\0\0\x71\x81\x83\x19\0\0\0\0\x73\x12\xb4\x19\0\0\0\0\x71\x81\x82\x19\0\
\0\0\0\x73\x12\xb3\x19\0\0\0\0\x71\x81\x81\x19\0\0\0\0\x73\x12\xb2\x19\0\0\0\0\
\x71\x81\x80\x19\0\0\0\0\x73\x12\xb1\x19\0\0\0\0\x71\x81\x7f\x19\0\0\0\0\x73\
\x12\xb0\x19\0\0\0\0\x71\x81\x7e\x19\0\0\0\0\x73\x12\xaf\x19\0\0\0\0\x71\x81\
\x7d\x19\0\0\0\0\x73\x12\xae\x19\0\0\0\0\x71\x81\x7c\x19\0\0\0\0\x73\x12\xad\
\x19\0\0\0\0\x71\x81\x7b\x19\0\0\0\0\x73\x12\xac\x19\0\0\0\0\x71\x81\x7a\x19\0\
\0\0\0\x73\x12\xab\x19\0\0\0\0\x71\x81\x79\x19\0\0\0\0\x73\x12\xaa\x19\0\0\0\0\
\x71\x81\x78\x19\0\0\0\0\x73\x12\xa9\x19\0\0\0\0\x71\x81\x77\x19\0\0\0\0\x73\
\x12\xa8\x19\0\0\0\0\x71\x81\x76\x19\0\0\0\0\x73\x12\xa7\x19\0\0\0\0\x71\x81\
\x75\x19\0\0\0\0\x73\x12\xa6\x19\0\0\0\0\x71\x81\x74\x19\0\0\0\0\x73\x12\xa5\
\x19\0\0\0\0\x71\x81\x73\x19\0\0\0\0\x73\x12\xa4\x19\0\0\0\0\x71\x81\x72\x19\0\
\0\0\0\x73\x12\xa3\x19\0\0\0\0\x71\x81\x71\x19\0\0\0\0\x73\x12\xa2\x19\0\0\0\0\
\x71\x81\x70\x19\0\0\0\0\x73\x12\xa1\x19\0\0\0\0\x71\x81\x6f\x19\0\0\0\0\x73\
\x12\xa0\x19\0\0\0\0\x71\x81\x6e\x19\0\0\0\0\x73\x12\x9f\x19\0\0\0\0\x71\x81\
\x6d\x19\0\0\0\0\x73\x12\x9e\x19\0\0\0\0\x71\x81\x6c\x19\0\0\0\0\x73\x12\x9d\
\x19\0\0\0\0\x71\x81\x6b\x19\0\0\0\0\x73\x12\x9c\x19\0\0\0\0\x71\x81\x6a\x19\0\
\0\0\0\x73\x12\x9b\x19\0\0\0\0\x71\x81\x69\x19\0\0\0\0\x73\x12\x9a\x19\0\0\0\0\
\x71\x81\x68\x19\0\0\0\0\x73\x12\x99\x19\0\0\0\0\x71\x81\x67\x19\0\0\0\0\x73\
\x12\x98\x19\0\0\0\0\x71\x81\x66\x19\0\0\0\0\x73\x12\x97\x19\0\0\0\0\x71\x81\
\x65\x19\0\0\0\0\x73\x12\x96\x19\0\0\0\0\x71\x81\x64\x19\0\0\0\0\x73\x12\x95\
\x19\0\0\0\0\x71\x81\x63\x19\0\0\0\0\x73\x12\x94\x19\0\0\0\0\x71\x81\x62\x19\0\
\0\0\0\x73\x12\x93\x19\0\0\0\0\x71\x81\x61\x19\0\0\0\0\x73\x12\x92\x19\0\0\0\0\
\x71\x81\x60\x19\0\0\0\0\x73\x12\x91\x19\0\0\0\0\x71\x81\x5f\x19\0\0\0\0\x73\
\x12\x90\x19\0\0\0\0\x71\x81\x5e\x19\0\0\0\0\x73\x12\x8f\x19\0\0\0\0\x71\x81\
\x5d\x19\0\0\0\0\x73\x12\x8e\x19\0\0\0\0\x71\x81\x5c\x19\0\0\0\0\x73\x12\x8d\
\x19\0\0\0\0\x71\x81\x5b\x19\0\0\0\0\x73\x12\x8c\x19\0\0\0\0\x71\x81\x5a\x19\0\
\0\0\0\x73\x12\x8b\x19\0\0\0\0\x71\x81\x59\x19\0\0\0\0\x73\x12\x8a\x19\0\0\0\0\
\x71\x81\x58\x19\0\0\0\0\x73\x12\x89\x19\0\0\0\0\x71\x81\x57\x19\0\0\0\0\x73\
\x12\x88\x19\0\0\0\0\x71\x81\x56\x19\0\0\0\0\x73\x12\x87\x19\0\0\0\0\x71\x81\
\x55\x19\0\0\0\0\x73\x12\x86\x19\0\0\0\0\x71\x81\x54\x19\0\0\0\0\x73\x12\x85\
\x19\0\0\0\0\x71\x81\x53\x19\0\0\0\0\x73\x12\x84\x19\0\0\0\0\x71\x81\x52\x19\0\
\0\0\0\x73\x12\x83\x19\0\0\0\0\x71\x81\x51\x19\0\0\0\0\x73\x12\x82\x19\0\0\0\0\
\x71\x81\x50\x19\0\0\0\0\x73\x12\x81\x19\0\0\0\0\x71\x81\x4f\x19\0\0\0\0\x73\
\x12\x80\x19\0\0\0\0\x71\x81\x4e\x19\0\0\0\0\x73\x12\x7f\x19\0\0\0\0\x71\x81\
\x4d\x19\0\0\0\0\x73\x12\x7e\x19\0\0\0\0\x71\x81\x4c\x19\0\0\0\0\x73\x12\x7d\
\x19\0\0\0\0\x71\x81\x4b\x19\0\0\0\0\x73\x12\x7c\x19\0\0\0\0\x71\x81\x4a\x19\0\
\0\0\0\x73\x12\x7b\x19\0\0\0\0\x71\x81\x49\x19\0\0\0\0\x73\x12\x7a\x19\0\0\0\0\
\x71\x81\x48\x19\0\0\0\0\x73\x12\x79\x19\0\0\0\0\x71\x81\x47\x19\0\0\0\0\x73\
\x12\x78\x19\0\0\0\0\x71\x81\x46\x19\0\0\0\0\x73\x12\x77\x19\0\0\0\0\x71\x81\
\x45\x19\0\0\0\0\x73\x12\x76\x19\0\0\0\0\x71\x81\x44\x19\0\0\0\0\x73\x12\x75\
\x19\0\0\0\0\x71\x81\x43\x19\0\0\0\0\x73\x12\x74\x19\0\0\0\0\x71\x81\x42\x19\0\
\0\0\0\x73\x12\x73\x19\0\0\0\0\x71\x81\x41\x19\0\0\0\0\x73\x12\x72\x19\0\0\0\0\
\x71\x81\x40\x19\0\0\0\0\x73\x12\x71\x19\0\0\0\0\x71\x81\x3f\x19\0\0\0\0\x73\
\x12\x70\x19\0\0\0\0\x71\x81\x3e\x19\0\0\0\0\x73\x12\x6f\x19\0\0\0\0\x71\x81\
\x3d\x19\0\0\0\0\x73\x12\x6e\x19\0\0\0\0\x71\x81\x3c\x19\0\0\0\0\x73\x12\x6d\
\x19\0\0\0\0\x71\x81\x3b\x19\0\0\0\0\x73\x12\x6c\x19\0\0\0\0\x71\x81\x3a\x19\0\
\0\0\0\x73\x12\x6b\x19\0\0\0\0\x71\x81\x39\x19\0\0\0\0\x73\x12\x6a\x19\0\0\0\0\
\x71\x81\x38\x19\0\0\0\0\x73\x12\x69\x19\0\0\0\0\x71\x81\x37\x19\0\0\0\0\x73\
\x12\x68\x19\0\0\0\0\x71\x81\x36\x19\0\0\0\0\x73\x12\x67\x19\0\0\0\0\x71\x81\
\x35\x19\0\0\0\0\x73\x12\x66\x19\0\0\0\0\x71\x81\x34\x19\0\0\0\0\x73\x12\x65\
\x19\0\0\0\0\x71\x81\x33\x19\0\0\0\0\x73\x12\x64\x19\0\0\0\0\x71\x81\x32\x19\0\
\0\0\0\x73\x12\x63\x19\0\0\0\0\x71\x81\x31\x19\0\0\0\0\x73\x12\x62\x19\0\0\0\0\
\x71\x81\x30\x19\0\0\0\0\x73\x12\x61\x19\0\0\0\0\x71\x81\x2f\x19\0\0\0\0\x73\
\x12\x60\x19\0\0\0\0\x71\x81\x2e\x19\0\0\0\0\x73\x12\x5f\x19\0\0\0\0\x71\x81\
\x2d\x19\0\0\0\0\x73\x12\x5e\x19\0\0\0\0\x71\x81\x2c\x19\0\0\0\0\x73\x12\x5d\
\x19\0\0\0\0\x71\x81\x2b\x19\0\0\0\0\x73\x12\x5c\x19\0\0\0\0\x71\x81\x2a\x19\0\
\0\0\0\x73\x12\x5b\x19\0\0\0\0\x71\x81\x29\x19\0\0\0\0\x73\x12\x5a\x19\0\0\0\0\
\x71\x81\x28\x19\0\0\0\0\x73\x12\x59\x19\0\0\0\0\x71\x81\x27\x19\0\0\0\0\x73\
\x12\x58\x19\0\0\0\0\x71\x81\x26\x19\0\0\0\0\x73\x12\x57\x19\0\0\0\0\x71\x81\
\x25\x19\0\0\0\0\x73\x12\x56\x19\0\0\0\0\x71\x81\x24\x19\0\0\0\0\x73\x12\x55\
\x19\0\0\0\0\x71\x81\x23\x19\0\0\0\0\x73\x12\x54\x19\0\0\0\0\x71\x81\x22\x19\0\
\0\0\0\x73\x12\x53\x19\0\0\0\0\x71\x81\x21\x19\0\0\0\0\x73\x12\x52\x19\0\0\0\0\
\x71\x81\x20\x19\0\0\0\0\x73\x12\x51\x19\0\0\0\0\x71\x81\x1f\x19\0\0\0\0\x73\
\x12\x50\x19\0\0\0\0\x71\x81\x1e\x19\0\0\0\0\x73\x12\x4f\x19\0\0\0\0\x71\x81\
\x1d\x19\0\0\0\0\x73\x12\x4e\x19\0\0\0\0\x71\x81\x1c\x19\0\0\0\0\x73\x12\x4d\
\x19\0\0\0\0\x71\x81\x1b\x19\0\0\0\0\x73\x12\x4c\x19\0\0\0\0\x71\x81\x1a\x19\0\
\0\0\0\x73\x12\x4b\x19\0\0\0\0\x71\x81\x19\x19\0\0\0\0\x73\x12\x4a\x19\0\0\0\0\
\x71\x81\x18\x19\0\0\0\0\x73\x12\x49\x19\0\0\0\0\x71\x81\x17\x19\0\0\0\0\x73\
\x12\x48\x19\0\0\0\0\x71\x81\x16\x19\0\0\0\0\x73\x12\x47\x19\0\0\0\0\x71\x81\
\x15\x19\0\0\0\0\x73\x12\x46\x19\0\0\0\0\x71\x81\x14\x19\0\0\0\0\x73\x12\x45\
\x19\0\0\0\0\x71\x81\x13\x19\0\0\0\0\x73\x12\x44\x19\0\0\0\0\x71\x81\x12\x19\0\
\0\0\0\x73\x12\x43\x19\0\0\0\0\x71\x81\x11\x19\0\0\0\0\x73\x12\x42\x19\0\0\0\0\
\x71\x81\x10\x19\0\0\0\0\x73\x12\x41\x19\0\0\0\0\x71\x81\x0f\x19\0\0\0\0\x73\
\x12\x40\x19\0\0\0\0\x71\x81\x0e\x19\0\0\0\0\x73\x12\x3f\x19\0\0\0\0\x71\x81\
\x0d\x19\0\0\0\0\x73\x12\x3e\x19\0\0\0\0\x71\x81\x0c\x19\0\0\0\0\x73\x12\x3d\
\x19\0\0\0\0\x71\x81\x0b\x19\0\0\0\0\x73\x12\x3c\x19\0\0\0\0\x71\x81\x0a\x19\0\
\0\0\0\x73\x12\x3b\x19\0\0\0\0\x71\x81\x09\x19\0\0\0\0\x73\x12\x3a\x19\0\0\0\0\
\x71\x81\x08\x19\0\0\0\0\x73\x12\x39\x19\0\0\0\0\x71\x81\x07\x19\0\0\0\0\x73\
\x12\x38\x19\0\0\0\0\x71\x81\x06\x19\0\0\0\0\x73\x12\x37\x19\0\0\0\0\x71\x81\
\x05\x19\0\0\0\0\x73\x12\x36\x19\0\0\0\0\x71\x81\x04\x19\0\0\0\0\x73\x12\x35\
\x19\0\0\0\0\x71\x81\x03\x19\0\0\0\0\x73\x12\x34\x19\0\0\0\0\x71\x81\x02\x19\0\
\0\0\0\x73\x12\x33\x19\0\0\0\0\x71\x81\x01\x19\0\0\0\0\x73\x12\x32\x19\0\0\0\0\
\x71\x81\0\x19\0\0\0\0\x73\x12\x31\x19\0\0\0\0\xa6\x04\x2c\x12\x01\x1a\0\0\xbf\
\x81\0\0\0\0\0\0\x07\x01\0\0\0\x1b\0\0\x2d\x51\x29\x12\0\0\0\0\x71\x81\xff\x1a\
\0\0\0\0\x79\xa2\xb0\xff\0\0\0\0\x73\x12\x30\x1b\0\0\0\0\x71\x81\xfe\x1a\0\0\0\
\0\x73\x12\x2f\x1b\0\0\0\0\x71\x81\xfd\x1a\0\0\0\0\x73\x12\x2e\x1b\0\0\0\0\x71\
\x81\xfc\x1a\0\0\0\0\x73\x12\x2d\x1b\0\0\0\0\x71\x81\xfb\x1a\0\0\0\0\x73\x12\
\x2c\x1b\0\0\0\0\x71\x81\xfa\x1a\0\0\0\0\x73\x12\x2b\x1b\0\0\0\0\x71\x81\xf9\
\x1a\0\0\0\0\x73\x12\x2a\x1b\0\0\0\0\x71\x81\xf8\x1a\0\0\0\0\x73\x12\x29\x1b\0\
\0\0\0\x71\x81\xf7\x1a\0\0\0\0\x73\x12\x28\x1b\0\0\0\0\x71\x81\xf6\x1a\0\0\0\0\
\x73\x12\x27\x1b\0\0\0\0\x71\x81\xf5\x1a\0\0\0\0\x73\x12\x26\x1b\0\0\0\0\x71\
\x81\xf4\x1a\0\0\0\0\x73\x12\x25\x1b\0\0\0\0\x71\x81\xf3\x1a\0\0\0\0\x73\x12\
\x24\x1b\0\0\0\0\x71\x81\xf2\x1a\0\0\0\0\x73\x12\x23\x1b\0\0\0\0\x71\x81\xf1\
\x1a\0\0\0\0\x73\x12\x22\x1b\0\0\0\0\x71\x81\xf0\x1a\0\0\0\0\x73\x12\x21\x1b\0\
\0\0\0\x71\x81\xef\x1a\0\0\0\0\x73\x12\x20\x1b\0\0\0\0\x71\x81\xee\x1a\0\0\0\0\
\x73\x12\x1f\x1b\0\0\0\0\x71\x81\xed\x1a\0\0\0\0\x73\x12\x1e\x1b\0\0\0\0\x71\
\x81\xec\x1a\0\0\0\0\x73\x12\x1d\x1b\0\0\0\0\x71\x81\xeb\x1a\0\0\0\0\x73\x12\
\x1c\x1b\0\0\0\0\x71\x81\xea\x1a\0\0\0\0\x73\x12\x1b\x1b\0\0\0\0\x71\x81\xe9\
\x1a\0\0\0\0\x73\x12\x1a\x1b\0\0\0\0\x71\x81\xe8\x1a\0\0\0\0\x73\x12\x19\x1b\0\
\0\0\0\x71\x81\xe7\x1a\0\0\0\0\x73\x12\x18\x1b\0\0\0\0\x71\x81\xe6\x1a\0\0\0\0\
\x73\x12\x17\x1b\0\0\0\0\x71\x81\xe5\x1a\0\0\0\0\x73\x12\x16\x1b\0\0\0\0\x71\
\x81\xe4\x1a\0\0\0\0\x73\x12\x15\x1b\0\0\0\0\x71\x81\xe3\x1a\0\0\0\0\x73\x12\
\x14\x1b\0\0\0\0\x71\x81\xe2\x1a\0\0\0\0\x73\x12\x13\x1b\0\0\0\0\x71\x81\xe1\
\x1a\0\0\0\0\x73\x12\x12\x1b\0\0\0\0\x71\x81\xe0\x1a\0\0\0\0\x73\x12\x11\x1b\0\
\0\0\0\x71\x81\xdf\x1a\0\0\0\0\x73\x12\x10\x1b\0\0\0\0\x71\x81\xde\x1a\0\0\0\0\
\x73\x12\x0f\x1b\0\0\0\0\x71\x81\xdd\x1a\0\0\0\0\x73\x12\x0e\x1b\0\0\0\0\x71\
\x81\xdc\x1a\0\0\0\0\x73\x12\x0d\x1b\0\0\0\0\x71\x81\xdb\x1a\0\0\0\0\x73\x12\
\x0c\x1b\0\0\0\0\x71\x81\xda\x1a\0\0\0\0\x73\x12\x0b\x1b\0\0\0\0\x71\x81\xd9\
\x1a\0\0\0\0\x73\x12\x0a\x1b\0\0\0\0\x71\x81\xd8\x1a\0\0\0\0\x73\x12\x09\x1b\0\
\0\0\0\x71\x81\xd7\x1a\0\0\0\0\x73\x12\x08\x1b\0\0\0\0\x71\x81\xd6\x1a\0\0\0\0\
\x73\x12\x07\x1b\0\0\0\0\x71\x81\xd5\x1a\0\0\0\0\x73\x12\x06\x1b\0\0\0\0\x71\
\x81\xd4\x1a\0\0\0\0\x73\x12\x05\x1b\0\0\0\0\x71\x81\xd3\x1a\0\0\0\0\x73\x12\
\x04\x1b\0\0\0\0\x71\x81\xd2\x1a\0\0\0\0\x73\x12\x03\x1b\0\0\0\0\x71\x81\xd1\
\x1a\0\0\0\0\x73\x12\x02\x1b\0\0\0\0\x71\x81\xd0\x1a\0\0\0\0\x73\x12\x01\x1b\0\
\0\0\0\x71\x81\xcf\x1a\0\0\0\0\x73\x12\0\x1b\0\0\0\0\x71\x81\xce\x1a\0\0\0\0\
\x73\x12\xff\x1a\0\0\0\0\x71\x81\xcd\x1a\0\0\0\0\x73\x12\xfe\x1a\0\0\0\0\x71\
\x81\xcc\x1a\0\0\0\0\x73\x12\xfd\x1a\0\0\0\0\x71\x81\xcb\x1a\0\0\0\0\x73\x12\
\xfc\x1a\0\0\0\0\x71\x81\xca\x1a\0\0\0\0\x73\x12\xfb\x1a\0\0\0\0\x71\x81\xc9\
\x1a\0\0\0\0\x73\x12\xfa\x1a\0\0\0\0\x71\x81\xc8\x1a\0\0\0\0\x73\x12\xf9\x1a\0\
\0\0\0\x71\x81\xc7\x1a\0\0\0\0\x73\x12\xf8\x1a\0\0\0\0\x71\x81\xc6\x1a\0\0\0\0\
\x73\x12\xf7\x1a\0\0\0\0\x71\x81\xc5\x1a\0\0\0\0\x73\x12\xf6\x1a\0\0\0\0\x71\
\x81\xc4\x1a\0\0\0\0\x73\x12\xf5\x1a\0\0\0\0\x71\x81\xc3\x1a\0\0\0\0\x73\x12\
\xf4\x1a\0\0\0\0\x71\x81\xc2\x1a\0\0\0\0\x73\x12\xf3\x1a\0\0\0\0\x71\x81\xc1\
\x1a\0\0\0\0\x73\x12\xf2\x1a\0\0\0\0\x71\x81\xc0\x1a\0\0\0\0\x73\x12\xf1\x1a\0\
\0\0\0\x71\x81\xbf\x1a\0\0\0\0\x73\x12\xf0\x1a\0\0\0\0\x71\x81\xbe\x1a\0\0\0\0\
\x73\x12\xef\x1a\0\0\0\0\x71\x81\xbd\x1a\0\0\0\0\x73\x12\xee\x1a\0\0\0\0\x71\
\x81\xbc\x1a\0\0\0\0\x73\x12\xed\x1a\0\0\0\0\x71\x81\xbb\x1a\0\0\0\0\x73\x12\
\xec\x1a\0\0\0\0\x71\x81\xba\x1a\0\0\0\0\x73\x12\xeb\x1a\0\0\0\0\x71\x81\xb9\
\x1a\0\0\0\0\x73\x12\xea\x1a\0\0\0\0\x71\x81\xb8\x1a\0\0\0\0\x73\x12\xe9\x1a\0\
\0\0\0\x71\x81\xb7\x1a\0\0\0\0\x73\x12\xe8\x1a\0\0\0\0\x71\x81\xb6\x1a\0\0\0\0\
\x73\x12\xe7\x1a\0\0\0\0\x71\x81\xb5\x1a\0\0\0\0\x73\x12\xe6\x1a\0\0\0\0\x71\
\x81\xb4\x1a\0\0\0\0\x73\x12\xe5\x1a\0\0\0\0\x71\x81\xb3\x1a\0\0\0\0\x73\x12\
\xe4\x1a\0\0\0\0\x71\x81\xb2\x1a\0\0\0\0\x73\x12\xe3\x1a\0\0\0\0\x71\x81\xb1\
\x1a\0\0\0\0\x73\x12\xe2\x1a\0\0\0\0\x71\x81\xb0\x1a\0\0\0\0\x73\x12\xe1\x1a\0\
\0\0\0\x71\x81\xaf\x1a\0\0\0\0\x73\x12\xe0\x1a\0\0\0\0\x71\x81\xae\x1a\0\0\0\0\
\x73\x12\xdf\x1a\0\0\0\0\x71\x81\xad\x1a\0\0\0\0\x73\x12\xde\x1a\0\0\0\0\x71\
\x81\xac\x1a\0\0\0\0\x73\x12\xdd\x1a\0\0\0\0\x71\x81\xab\x1a\0\0\0\0\x73\x12\
\xdc\x1a\0\0\0\0\x71\x81\xaa\x1a\0\0\0\0\x73\x12\xdb\x1a\0\0\0\0\x71\x81\xa9\
\x1a\0\0\0\0\x73\x12\xda\x1a\0\0\0\0\x71\x81\xa8\x1a\0\0\0\0\x73\x12\xd9\x1a\0\
\0\0\0\x71\x81\xa7\x1a\0\0\0\0\x73\x12\xd8\x1a\0\0\0\0\x71\x81\xa6\x1a\0\0\0\0\
\x73\x12\xd7\x1a\0\0\0\0\x71\x81\xa5\x1a\0\0\0\0\x73\x12\xd6\x1a\0\0\0\0\x71\
\x81\xa4\x1a\0\0\0\0\x73\x12\xd5\x1a\0\0\0\0\x71\x81\xa3\x1a\0\0\0\0\x73\x12\
\xd4\x1a\0\0\0\0\x71\x81\xa2\x1a\0\0\0\0\x73\x12\xd3\x1a\0\0\0\0\x71\x81\xa1\
\x1a\0\0\0\0\x73\x12\xd2\x1a\0\0\0\0\x71\x81\xa0\x1a\0\0\0\0\x73\x12\xd1\x1a\0\
\0\0\0\x71\x81\x9f\x1a\0\0\0\0\x73\x12\xd0\x1a\0\0\0\0\x71\x81\x9e\x1a\0\0\0\0\
\x73\x12\xcf\x1a\0\0\0\0\x71\x81\x9d\x1a\0\0\0\0\x73\x12\xce\x1a\0\0\0\0\x71\
\x81\x9c\x1a\0\0\0\0\x73\x12\xcd\x1a\0\0\0\0\x71\x81\x9b\x1a\0\0\0\0\x73\x12\
\xcc\x1a\0\0\0\0\x71\x81\x9a\x1a\0\0\0\0\x73\x12\xcb\x1a\0\0\0\0\x71\x81\x99\
\x1a\0\0\0\0\x73\x12\xca\x1a\0\0\0\0\x71\x81\x98\x1a\0\0\0\0\x73\x12\xc9\x1a\0\
\0\0\0\x71\x81\x97\x1a\0\0\0\0\x73\x12\xc8\x1a\0\0\0\0\x71\x81\x96\x1a\0\0\0\0\
\x73\x12\xc7\x1a\0\0\0\0\x71\x81\x95\x1a\0\0\0\0\x73\x12\xc6\x1a\0\0\0\0\x71\
\x81\x94\x1a\0\0\0\0\x73\x12\xc5\x1a\0\0\0\0\x71\x81\x93\x1a\0\0\0\0\x73\x12\
\xc4\x1a\0\0\0\0\x71\x81\x92\x1a\0\0\0\0\x73\x12\xc3\x1a\0\0\0\0\x71\x81\x91\
\x1a\0\0\0\0\x73\x12\xc2\x1a\0\0\0\0\x71\x81\x90\x1a\0\0\0\0\x73\x12\xc1\x1a\0\
\0\0\0\x71\x81\x8f\x1a\0\0\0\0\x73\x12\xc0\x1a\0\0\0\0\x71\x81\x8e\x1a\0\0\0\0\
\x73\x12\xbf\x1a\0\0\0\0\x71\x81\x8d\x1a\0\0\0\0\x73\x12\xbe\x1a\0\0\0\0\x71\
\x81\x8c\x1a\0\0\0\0\x73\x12\xbd\x1a\0\0\0\0\x71\x81\x8b\x1a\0\0\0\0\x73\x12\
\xbc\x1a\0\0\0\0\x71\x81\x8a\x1a\0\0\0\0\x73\x12\xbb\x1a\0\0\0\0\x71\x81\x89\
\x1a\0\0\0\0\x73\x12\xba\x1a\0\0\0\0\x71\x81\x88\x1a\0\0\0\0\x73\x12\xb9\x1a\0\
\0\0\0\x71\x81\x87\x1a\0\0\0\0\x73\x12\xb8\x1a\0\0\0\0\x71\x81\x86\x1a\0\0\0\0\
\x73\x12\xb7\x1a\0\0\0\0\x71\x81\x85\x1a\0\0\0\0\x73\x12\xb6\x1a\0\0\0\0\x71\
\x81\x84\x1a\0\0\0\0\x73\x12\xb5\x1a\0\0\0\0\x71\x81\x83\x1a\0\0\0\0\x73\x12\
\xb4\x1a\0\0\0\0\x71\x81\x82\x1a\0\0\0\0\x73\x12\xb3\x1a\0\0\0\0\x71\x81\x81\
\x1a\0\0\0\0\x73\x12\xb2\x1a\0\0\0\0\x71\x81\x80\x1a\0\0\0\0\x73\x12\xb1\x1a\0\
\0\0\0\x71\x81\x7f\x1a\0\0\0\0\x73\x12\xb0\x1a\0\0\0\0\x71\x81\x7e\x1a\0\0\0\0\
\x73\x12\xaf\x1a\0\0\0\0\x71\x81\x7d\x1a\0\0\0\0\x73\x12\xae\x1a\0\0\0\0\x71\
\x81\x7c\x1a\0\0\0\0\x73\x12\xad\x1a\0\0\0\0\x71\x81\x7b\x1a\0\0\0\0\x73\x12\
\xac\x1a\0\0\0\0\x71\x81\x7a\x1a\0\0\0\0\x73\x12\xab\x1a\0\0\0\0\x71\x81\x79\
\x1a\0\0\0\0\x73\x12\xaa\x1a\0\0\0\0\x71\x81\x78\x1a\0\0\0\0\x73\x12\xa9\x1a\0\
\0\0\0\x71\x81\x77\x1a\0\0\0\0\x73\x12\xa8\x1a\0\0\0\0\x71\x81\x76\x1a\0\0\0\0\
\x73\x12\xa7\x1a\0\0\0\0\x71\x81\x75\x1a\0\0\0\0\x73\x12\xa6\x1a\0\0\0\0\x71\
\x81\x74\x1a\0\0\0\0\x73\x12\xa5\x1a\0\0\0\0\x71\x81\x73\x1a\0\0\0\0\x73\x12\
\xa4\x1a\0\0\0\0\x71\x81\x72\x1a\0\0\0\0\x73\x12\xa3\x1a\0\0\0\0\x71\x81\x71\
\x1a\0\0\0\0\x73\x12\xa2\x1a\0\0\0\0\x71\x81\x70\x1a\0\0\0\0\x73\x12\xa1\x1a\0\
\0\0\0\x71\x81\x6f\x1a\0\0\0\0\x73\x12\xa0\x1a\0\0\0\0\x71\x81\x6e\x1a\0\0\0\0\
\x73\x12\x9f\x1a\0\0\0\0\x71\x81\x6d\x1a\0\0\0\0\x73\x12\x9e\x1a\0\0\0\0\x71\
\x81\x6c\x1a\0\0\0\0\x73\x12\x9d\x1a\0\0\0\0\x71\x81\x6b\x1a\0\0\0\0\x73\x12\
\x9c\x1a\0\0\0\0\x71\x81\x6a\x1a\0\0\0\0\x73\x12\x9b\x1a\0\0\0\0\x71\x81\x69\
\x1a\0\0\0\0\x73\x12\x9a\x1a\0\0\0\0\x71\x81\x68\x1a\0\0\0\0\x73\x12\x99\x1a\0\
\0\0\0\x71\x81\x67\x1a\0\0\0\0\x73\x12\x98\x1a\0\0\0\0\x71\x81\x66\x1a\0\0\0\0\
\x73\x12\x97\x1a\0\0\0\0\x71\x81\x65\x1a\0\0\0\0\x73\x12\x96\x1a\0\0\0\0\x71\
\x81\x64\x1a\0\0\0\0\x73\x12\x95\x1a\0\0\0\0\x71\x81\x63\x1a\0\0\0\0\x73\x12\
\x94\x1a\0\0\0\0\x71\x81\x62\x1a\0\0\0\0\x73\x12\x93\x1a\0\0\0\0\x71\x81\x61\
\x1a\0\0\0\0\x73\x12\x92\x1a\0\0\0\0\x71\x81\x60\x1a\0\0\0\0\x73\x12\x91\x1a\0\
\0\0\0\x71\x81\x5f\x1a\0\0\0\0\x73\x12\x90\x1a\0\0\0\0\x71\x81\x5e\x1a\0\0\0\0\
\x73\x12\x8f\x1a\0\0\0\0\x71\x81\x5d\x1a\0\0\0\0\x73\x12\x8e\x1a\0\0\0\0\x71\
\x81\x5c\x1a\0\0\0\0\x73\x12\x8d\x1a\0\0\0\0\x71\x81\x5b\x1a\0\0\0\0\x73\x12\
\x8c\x1a\0\0\0\0\x71\x81\x5a\x1a\0\0\0\0\x73\x12\x8b\x1a\0\0\0\0\x71\x81\x59\
\x1a\0\0\0\0\x73\x12\x8a\x1a\0\0\0\0\x71\x81\x58\x1a\0\0\0\0\x73\x12\x89\x1a\0\
\0\0\0\x71\x81\x57\x1a\0\0\0\0\x73\x12\x88\x1a\0\0\0\0\x71\x81\x56\x1a\0\0\0\0\
\x73\x12\x87\x1a\0\0\0\0\x71\x81\x55\x1a\0\0\0\0\x73\x12\x86\x1a\0\0\0\0\x71\
\x81\x54\x1a\0\0\0\0\x73\x12\x85\x1a\0\0\0\0\x71\x81\x53\x1a\0\0\0\0\x73\x12\
\x84\x1a\0\0\0\0\x71\x81\x52\x1a\0\0\0\0\x73\x12\x83\x1a\0\0\0\0\x71\x81\x51\
\x1a\0\0\0\0\x73\x12\x82\x1a\0\0\0\0\x71\x81\x50\x1a\0\0\0\0\x73\x12\x81\x1a\0\
\0\0\0\x71\x81\x4f\x1a\0\0\0\0\x73\x12\x80\x1a\0\0\0\0\x71\x81\x4e\x1a\0\0\0\0\
\x73\x12\x7f\x1a\0\0\0\0\x71\x81\x4d\x1a\0\0\0\0\x73\x12\x7e\x1a\0\0\0\0\x71\
\x81\x4c\x1a\0\0\0\0\x73\x12\x7d\x1a\0\0\0\0\x71\x81\x4b\x1a\0\0\0\0\x73\x12\
\x7c\x1a\0\0\0\0\x71\x81\x4a\x1a\0\0\0\0\x73\x12\x7b\x1a\0\0\0\0\x71\x81\x49\
\x1a\0\0\0\0\x73\x12\x7a\x1a\0\0\0\0\x71\x81\x48\x1a\0\0\0\0\x73\x12\x79\x1a\0\
\0\0\0\x71\x81\x47\x1a\0\0\0\0\x73\x12\x78\x1a\0\0\0\0\x71\x81\x46\x1a\0\0\0\0\
\x73\x12\x77\x1a\0\0\0\0\x71\x81\x45\x1a\0\0\0\0\x73\x12\x76\x1a\0\0\0\0\x71\
\x81\x44\x1a\0\0\0\0\x73\x12\x75\x1a\0\0\0\0\x71\x81\x43\x1a\0\0\0\0\x73\x12\
\x74\x1a\0\0\0\0\x71\x81\x42\x1a\0\0\0\0\x73\x12\x73\x1a\0\0\0\0\x71\x81\x41\
\x1a\0\0\0\0\x73\x12\x72\x1a\0\0\0\0\x71\x81\x40\x1a\0\0\0\0\x73\x12\x71\x1a\0\
\0\0\0\x71\x81\x3f\x1a\0\0\0\0\x73\x12\x70\x1a\0\0\0\0\x71\x81\x3e\x1a\0\0\0\0\
\x73\x12\x6f\x1a\0\0\0\0\x71\x81\x3d\x1a\0\0\0\0\x73\x12\x6e\x1a\0\0\0\0\x71\
\x81\x3c\x1a\0\0\0\0\x73\x12\x6d\x1a\0\0\0\0\x71\x81\x3b\x1a\0\0\0\0\x73\x12\
\x6c\x1a\0\0\0\0\x71\x81\x3a\x1a\0\0\0\0\x73\x12\x6b\x1a\0\0\0\0\x71\x81\x39\
\x1a\0\0\0\0\x73\x12\x6a\x1a\0\0\0\0\x71\x81\x38\x1a\0\0\0\0\x73\x12\x69\x1a\0\
\0\0\0\x71\x81\x37\x1a\0\0\0\0\x73\x12\x68\x1a\0\0\0\0\x71\x81\x36\x1a\0\0\0\0\
\x73\x12\x67\x1a\0\0\0\0\x71\x81\x35\x1a\0\0\0\0\x73\x12\x66\x1a\0\0\0\0\x71\
\x81\x34\x1a\0\0\0\0\x73\x12\x65\x1a\0\0\0\0\x71\x81\x33\x1a\0\0\0\0\x73\x12\
\x64\x1a\0\0\0\0\x71\x81\x32\x1a\0\0\0\0\x73\x12\x63\x1a\0\0\0\0\x71\x81\x31\
\x1a\0\0\0\0\x73\x12\x62\x1a\0\0\0\0\x71\x81\x30\x1a\0\0\0\0\x73\x12\x61\x1a\0\
\0\0\0\x71\x81\x2f\x1a\0\0\0\0\x73\x12\x60\x1a\0\0\0\0\x71\x81\x2e\x1a\0\0\0\0\
\x73\x12\x5f\x1a\0\0\0\0\x71\x81\x2d\x1a\0\0\0\0\x73\x12\x5e\x1a\0\0\0\0\x71\
\x81\x2c\x1a\0\0\0\0\x73\x12\x5d\x1a\0\0\0\0\x71\x81\x2b\x1a\0\0\0\0\x73\x12\
\x5c\x1a\0\0\0\0\x71\x81\x2a\x1a\0\0\0\0\x73\x12\x5b\x1a\0\0\0\0\x71\x81\x29\
\x1a\0\0\0\0\x73\x12\x5a\x1a\0\0\0\0\x71\x81\x28\x1a\0\0\0\0\x73\x12\x59\x1a\0\
\0\0\0\x71\x81\x27\x1a\0\0\0\0\x73\x12\x58\x1a\0\0\0\0\x71\x81\x26\x1a\0\0\0\0\
\x73\x12\x57\x1a\0\0\0\0\x71\x81\x25\x1a\0\0\0\0\x73\x12\x56\x1a\0\0\0\0\x71\
\x81\x24\x1a\0\0\0\0\x73\x12\x55\x1a\0\0\0\0\x71\x81\x23\x1a\0\0\0\0\x73\x12\
\x54\x1a\0\0\0\0\x71\x81\x22\x1a\0\0\0\0\x73\x12\x53\x1a\0\0\0\0\x71\x81\x21\
\x1a\0\0\0\0\x73\x12\x52\x1a\0\0\0\0\x71\x81\x20\x1a\0\0\0\0\x73\x12\x51\x1a\0\
\0\0\0\x71\x81\x1f\x1a\0\0\0\0\x73\x12\x50\x1a\0\0\0\0\x71\x81\x1e\x1a\0\0\0\0\
\x73\x12\x4f\x1a\0\0\0\0\x71\x81\x1d\x1a\0\0\0\0\x73\x12\x4e\x1a\0\0\0\0\x71\
\x81\x1c\x1a\0\0\0\0\x73\x12\x4d\x1a\0\0\0\0\x71\x81\x1b\x1a\0\0\0\0\x73\x12\
\x4c\x1a\0\0\0\0\x71\x81\x1a\x1a\0\0\0\0\x73\x12\x4b\x1a\0\0\0\0\x71\x81\x19\
\x1a\0\0\0\0\x73\x12\x4a\x1a\0\0\0\0\x71\x81\x18\x1a\0\0\0\0\x73\x12\x49\x1a\0\
\0\0\0\x71\x81\x17\x1a\0\0\0\0\x73\x12\x48\x1a\0\0\0\0\x71\x81\x16\x1a\0\0\0\0\
\x73\x12\x47\x1a\0\0\0\0\x71\x81\x15\x1a\0\0\0\0\x73\x12\x46\x1a\0\0\0\0\x71\
\x81\x14\x1a\0\0\0\0\x73\x12\x45\x1a\0\0\0\0\x71\x81\x13\x1a\0\0\0\0\x73\x12\
\x44\x1a\0\0\0\0\x71\x81\x12\x1a\0\0\0\0\x73\x12\x43\x1a\0\0\0\0\x71\x81\x11\
\x1a\0\0\0\0\x73\x12\x42\x1a\0\0\0\0\x71\x81\x10\x1a\0\0\0\0\x73\x12\x41\x1a\0\
\0\0\0\x71\x81\x0f\x1a\0\0\0\0\x73\x12\x40\x1a\0\0\0\0\x71\x81\x0e\x1a\0\0\0\0\
\x73\x12\x3f\x1a\0\0\0\0\x71\x81\x0d\x1a\0\0\0\0\x73\x12\x3e\x1a\0\0\0\0\x71\
\x81\x0c\x1a\0\0\0\0\x73\x12\x3d\x1a\0\0\0\0\x71\x81\x0b\x1a\0\0\0\0\x73\x12\
\x3c\x1a\0\0\0\0\x71\x81\x0a\x1a\0\0\0\0\x73\x12\x3b\x1a\0\0\0\0\x71\x81\x09\
\x1a\0\0\0\0\x73\x12\x3a\x1a\0\0\0\0\x71\x81\x08\x1a\0\0\0\0\x73\x12\x39\x1a\0\
\0\0\0\x71\x81\x07\x1a\0\0\0\0\x73\x12\x38\x1a\0\0\0\0\x71\x81\x06\x1a\0\0\0\0\
\x73\x12\x37\x1a\0\0\0\0\x71\x81\x05\x1a\0\0\0\0\x73\x12\x36\x1a\0\0\0\0\x71\
\x81\x04\x1a\0\0\0\0\x73\x12\x35\x1a\0\0\0\0\x71\x81\x03\x1a\0\0\0\0\x73\x12\
\x34\x1a\0\0\0\0\x71\x81\x02\x1a\0\0\0\0\x73\x12\x33\x1a\0\0\0\0\x71\x81\x01\
\x1a\0\0\0\0\x73\x12\x32\x1a\0\0\0\0\x71\x81\0\x1a\0\0\0\0\x73\x12\x31\x1a\0\0\
\0\0\xa6\x04\x27\x10\x01\x1b\0\0\xbf\x81\0\0\0\0\0\0\x07\x01\0\0\0\x1c\0\0\x2d\
\x51\x24\x10\0\0\0\0\x71\x81\xff\x1b\0\0\0\0\x79\xa2\xb0\xff\0\0\0\0\x73\x12\
\x30\x1c\0\0\0\0\x71\x81\xfe\x1b\0\0\0\0\x73\x12\x2f\x1c\0\0\0\0\x71\x81\xfd\
\x1b\0\0\0\0\x73\x12\x2e\x1c\0\0\0\0\x71\x81\xfc\x1b\0\0\0\0\x73\x12\x2d\x1c\0\
\0\0\0\x71\x81\xfb\x1b\0\0\0\0\x73\x12\x2c\x1c\0\0\0\0\x71\x81\xfa\x1b\0\0\0\0\
\x73\x12\x2b\x1c\0\0\0\0\x71\x81\xf9\x1b\0\0\0\0\x73\x12\x2a\x1c\0\0\0\0\x71\
\x81\xf8\x1b\0\0\0\0\x73\x12\x29\x1c\0\0\0\0\x71\x81\xf7\x1b\0\0\0\0\x73\x12\
\x28\x1c\0\0\0\0\x71\x81\xf6\x1b\0\0\0\0\x73\x12\x27\x1c\0\0\0\0\x71\x81\xf5\
\x1b\0\0\0\0\x73\x12\x26\x1c\0\0\0\0\x71\x81\xf4\x1b\0\0\0\0\x73\x12\x25\x1c\0\
\0\0\0\x71\x81\xf3\x1b\0\0\0\0\x73\x12\x24\x1c\0\0\0\0\x71\x81\xf2\x1b\0\0\0\0\
\x73\x12\x23\x1c\0\0\0\0\x71\x81\xf1\x1b\0\0\0\0\x73\x12\x22\x1c\0\0\0\0\x71\
\x81\xf0\x1b\0\0\0\0\x73\x12\x21\x1c\0\0\0\0\x71\x81\xef\x1b\0\0\0\0\x73\x12\
\x20\x1c\0\0\0\0\x71\x81\xee\x1b\0\0\0\0\x73\x12\x1f\x1c\0\0\0\0\x71\x81\xed\
\x1b\0\0\0\0\x73\x12\x1e\x1c\0\0\0\0\x71\x81\xec\x1b\0\0\0\0\x73\x12\x1d\x1c\0\
\0\0\0\x71\x81\xeb\x1b\0\0\0\0\x73\x12\x1c\x1c\0\0\0\0\x71\x81\xea\x1b\0\0\0\0\
\x73\x12\x1b\x1c\0\0\0\0\x71\x81\xe9\x1b\0\0\0\0\x73\x12\x1a\x1c\0\0\0\0\x71\
\x81\xe8\x1b\0\0\0\0\x73\x12\x19\x1c\0\0\0\0\x71\x81\xe7\x1b\0\0\0\0\x73\x12\
\x18\x1c\0\0\0\0\x71\x81\xe6\x1b\0\0\0\0\x73\x12\x17\x1c\0\0\0\0\x71\x81\xe5\
\x1b\0\0\0\0\x73\x12\x16\x1c\0\0\0\0\x71\x81\xe4\x1b\0\0\0\0\x73\x12\x15\x1c\0\
\0\0\0\x71\x81\xe3\x1b\0\0\0\0\x73\x12\x14\x1c\0\0\0\0\x71\x81\xe2\x1b\0\0\0\0\
\x73\x12\x13\x1c\0\0\0\0\x71\x81\xe1\x1b\0\0\0\0\x73\x12\x12\x1c\0\0\0\0\x71\
\x81\xe0\x1b\0\0\0\0\x73\x12\x11\x1c\0\0\0\0\x71\x81\xdf\x1b\0\0\0\0\x73\x12\
\x10\x1c\0\0\0\0\x71\x81\xde\x1b\0\0\0\0\x73\x12\x0f\x1c\0\0\0\0\x71\x81\xdd\
\x1b\0\0\0\0\x73\x12\x0e\x1c\0\0\0\0\x71\x81\xdc\x1b\0\0\0\0\x73\x12\x0d\x1c\0\
\0\0\0\x71\x81\xdb\x1b\0\0\0\0\x73\x12\x0c\x1c\0\0\0\0\x71\x81\xda\x1b\0\0\0\0\
\x73\x12\x0b\x1c\0\0\0\0\x71\x81\xd9\x1b\0\0\0\0\x73\x12\x0a\x1c\0\0\0\0\x71\
\x81\xd8\x1b\0\0\0\0\x73\x12\x09\x1c\0\0\0\0\x71\x81\xd7\x1b\0\0\0\0\x73\x12\
\x08\x1c\0\0\0\0\x71\x81\xd6\x1b\0\0\0\0\x73\x12\x07\x1c\0\0\0\0\x71\x81\xd5\
\x1b\0\0\0\0\x73\x12\x06\x1c\0\0\0\0\x71\x81\xd4\x1b\0\0\0\0\x73\x12\x05\x1c\0\
\0\0\0\x71\x81\xd3\x1b\0\0\0\0\x73\x12\x04\x1c\0\0\0\0\x71\x81\xd2\x1b\0\0\0\0\
\x73\x12\x03\x1c\0\0\0\0\x71\x81\xd1\x1b\0\0\0\0\x73\x12\x02\x1c\0\0\0\0\x71\
\x81\xd0\x1b\0\0\0\0\x73\x12\x01\x1c\0\0\0\0\x71\x81\xcf\x1b\0\0\0\0\x73\x12\0\
\x1c\0\0\0\0\x71\x81\xce\x1b\0\0\0\0\x73\x12\xff\x1b\0\0\0\0\x71\x81\xcd\x1b\0\
\0\0\0\x73\x12\xfe\x1b\0\0\0\0\x71\x81\xcc\x1b\0\0\0\0\x73\x12\xfd\x1b\0\0\0\0\
\x71\x81\xcb\x1b\0\0\0\0\x73\x12\xfc\x1b\0\0\0\0\x71\x81\xca\x1b\0\0\0\0\x73\
\x12\xfb\x1b\0\0\0\0\x71\x81\xc9\x1b\0\0\0\0\x73\x12\xfa\x1b\0\0\0\0\x71\x81\
\xc8\x1b\0\0\0\0\x73\x12\xf9\x1b\0\0\0\0\x71\x81\xc7\x1b\0\0\0\0\x73\x12\xf8\
\x1b\0\0\0\0\x71\x81\xc6\x1b\0\0\0\0\x73\x12\xf7\x1b\0\0\0\0\x71\x81\xc5\x1b\0\
\0\0\0\x73\x12\xf6\x1b\0\0\0\0\x71\x81\xc4\x1b\0\0\0\0\x73\x12\xf5\x1b\0\0\0\0\
\x71\x81\xc3\x1b\0\0\0\0\x73\x12\xf4\x1b\0\0\0\0\x71\x81\xc2\x1b\0\0\0\0\x73\
\x12\xf3\x1b\0\0\0\0\x71\x81\xc1\x1b\0\0\0\0\x73\x12\xf2\x1b\0\0\0\0\x71\x81\
\xc0\x1b\0\0\0\0\x73\x12\xf1\x1b\0\0\0\0\x71\x81\xbf\x1b\0\0\0\0\x73\x12\xf0\
\x1b\0\0\0\0\x71\x81\xbe\x1b\0\0\0\0\x73\x12\xef\x1b\0\0\0\0\x71\x81\xbd\x1b\0\
\0\0\0\x73\x12\xee\x1b\0\0\0\0\x71\x81\xbc\x1b\0\0\0\0\x73\x12\xed\x1b\0\0\0\0\
\x71\x81\xbb\x1b\0\0\0\0\x73\x12\xec\x1b\0\0\0\0\x71\x81\xba\x1b\0\0\0\0\x73\
\x12\xeb\x1b\0\0\0\0\x71\x81\xb9\x1b\0\0\0\0\x73\x12\xea\x1b\0\0\0\0\x71\x81\
\xb8\x1b\0\0\0\0\x73\x12\xe9\x1b\0\0\0\0\x71\x81\xb7\x1b\0\0\0\0\x73\x12\xe8\
\x1b\0\0\0\0\x71\x81\xb6\x1b\0\0\0\0\x73\x12\xe7\x1b\0\0\0\0\x71\x81\xb5\x1b\0\
\0\0\0\x73\x12\xe6\x1b\0\0\0\0\x71\x81\xb4\x1b\0\0\0\0\x73\x12\xe5\x1b\0\0\0\0\
\x71\x81\xb3\x1b\0\0\0\0\x73\x12\xe4\x1b\0\0\0\0\x71\x81\xb2\x1b\0\0\0\0\x73\
\x12\xe3\x1b\0\0\0\0\x71\x81\xb1\x1b\0\0\0\0\x73\x12\xe2\x1b\0\0\0\0\x71\x81\
\xb0\x1b\0\0\0\0\x73\x12\xe1\x1b\0\0\0\0\x71\x81\xaf\x1b\0\0\0\0\x73\x12\xe0\
\x1b\0\0\0\0\x71\x81\xae\x1b\0\0\0\0\x73\x12\xdf\x1b\0\0\0\0\x71\x81\xad\x1b\0\
\0\0\0\x73\x12\xde\x1b\0\0\0\0\x71\x81\xac\x1b\0\0\0\0\x73\x12\xdd\x1b\0\0\0\0\
\x71\x81\xab\x1b\0\0\0\0\x73\x12\xdc\x1b\0\0\0\0\x71\x81\xaa\x1b\0\0\0\0\x73\
\x12\xdb\x1b\0\0\0\0\x71\x81\xa9\x1b\0\0\0\0\x73\x12\xda\x1b\0\0\0\0\x71\x81\
\xa8\x1b\0\0\0\0\x73\x12\xd9\x1b\0\0\0\0\x71\x81\xa7\x1b\0\0\0\0\x73\x12\xd8\
\x1b\0\0\0\0\x71\x81\xa6\x1b\0\0\0\0\x73\x12\xd7\x1b\0\0\0\0\x71\x81\xa5\x1b\0\
\0\0\0\x73\x12\xd6\x1b\0\0\0\0\x71\x81\xa4\x1b\0\0\0\0\x73\x12\xd5\x1b\0\0\0\0\
\x71\x81\xa3\x1b\0\0\0\0\x73\x12\xd4\x1b\0\0\0\0\x71\x81\xa2\x1b\0\0\0\0\x73\
\x12\xd3\x1b\0\0\0\0\x71\x81\xa1\x1b\0\0\0\0\x73\x12\xd2\x1b\0\0\0\0\x71\x81\
\xa0\x1b\0\0\0\0\x73\x12\xd1\x1b\0\0\0\0\x71\x81\x9f\x1b\0\0\0\0\x73\x12\xd0\
\x1b\0\0\0\0\x71\x81\x9e\x1b\0\0\0\0\x73\x12\xcf\x1b\0\0\0\0\x71\x81\x9d\x1b\0\
\0\0\0\x73\x12\xce\x1b\0\0\0\0\x71\x81\x9c\x1b\0\0\0\0\x73\x12\xcd\x1b\0\0\0\0\
\x71\x81\x9b\x1b\0\0\0\0\x73\x12\xcc\x1b\0\0\0\0\x71\x81\x9a\x1b\0\0\0\0\x73\
\x12\xcb\x1b\0\0\0\0\x71\x81\x99\x1b\0\0\0\0\x73\x12\xca\x1b\0\0\0\0\x71\x81\
\x98\x1b\0\0\0\0\x73\x12\xc9\x1b\0\0\0\0\x71\x81\x97\x1b\0\0\0\0\x73\x12\xc8\
\x1b\0\0\0\0\x71\x81\x96\x1b\0\0\0\0\x73\x12\xc7\x1b\0\0\0\0\x71\x81\x95\x1b\0\
\0\0\0\x73\x12\xc6\x1b\0\0\0\0\x71\x81\x94\x1b\0\0\0\0\x73\x12\xc5\x1b\0\0\0\0\
\x71\x81\x93\x1b\0\0\0\0\x73\x12\xc4\x1b\0\0\0\0\x71\x81\x92\x1b\0\0\0\0\x73\
\x12\xc3\x1b\0\0\0\0\x71\x81\x91\x1b\0\0\0\0\x73\x12\xc2\x1b\0\0\0\0\x71\x81\
\x90\x1b\0\0\0\0\x73\x12\xc1\x1b\0\0\0\0\x71\x81\x8f\x1b\0\0\0\0\x73\x12\xc0\
\x1b\0\0\0\0\x71\x81\x8e\x1b\0\0\0\0\x73\x12\xbf\x1b\0\0\0\0\x71\x81\x8d\x1b\0\
\0\0\0\x73\x12\xbe\x1b\0\0\0\0\x71\x81\x8c\x1b\0\0\0\0\x73\x12\xbd\x1b\0\0\0\0\
\x71\x81\x8b\x1b\0\0\0\0\x73\x12\xbc\x1b\0\0\0\0\x71\x81\x8a\x1b\0\0\0\0\x73\
\x12\xbb\x1b\0\0\0\0\x71\x81\x89\x1b\0\0\0\0\x73\x12\xba\x1b\0\0\0\0\x71\x81\
\x88\x1b\0\0\0\0\x73\x12\xb9\x1b\0\0\0\0\x71\x81\x87\x1b\0\0\0\0\x73\x12\xb8\
\x1b\0\0\0\0\x71\x81\x86\x1b\0\0\0\0\x73\x12\xb7\x1b\0\0\0\0\x71\x81\x85\x1b\0\
\0\0\0\x73\x12\xb6\x1b\0\0\0\0\x71\x81\x84\x1b\0\0\0\0\x73\x12\xb5\x1b\0\0\0\0\
\x71\x81\x83\x1b\0\0\0\0\x73\x12\xb4\x1b\0\0\0\0\x71\x81\x82\x1b\0\0\0\0\x73\
\x12\xb3\x1b\0\0\0\0\x71\x81\x81\x1b\0\0\0\0\x73\x12\xb2\x1b\0\0\0\0\x71\x81\
\x80\x1b\0\0\0\0\x73\x12\xb1\x1b\0\0\0\0\x71\x81\x7f\x1b\0\0\0\0\x73\x12\xb0\
\x1b\0\0\0\0\x71\x81\x7e\x1b\0\0\0\0\x73\x12\xaf\x1b\0\0\0\0\x71\x81\x7d\x1b\0\
\0\0\0\x73\x12\xae\x1b\0\0\0\0\x71\x81\x7c\x1b\0\0\0\0\x73\x12\xad\x1b\0\0\0\0\
\x71\x81\x7b\x1b\0\0\0\0\x73\x12\xac\x1b\0\0\0\0\x71\x81\x7a\x1b\0\0\0\0\x73\
\x12\xab\x1b\0\0\0\0\x71\x81\x79\x1b\0\0\0\0\x73\x12\xaa\x1b\0\0\0\0\x71\x81\
\x78\x1b\0\0\0\0\x73\x12\xa9\x1b\0\0\0\0\x71\x81\x77\x1b\0\0\0\0\x73\x12\xa8\
\x1b\0\0\0\0\x71\x81\x76\x1b\0\0\0\0\x73\x12\xa7\x1b\0\0\0\0\x71\x81\x75\x1b\0\
\0\0\0\x73\x12\xa6\x1b\0\0\0\0\x71\x81\x74\x1b\0\0\0\0\x73\x12\xa5\x1b\0\0\0\0\
\x71\x81\x73\x1b\0\0\0\0\x73\x12\xa4\x1b\0\0\0\0\x71\x81\x72\x1b\0\0\0\0\x73\
\x12\xa3\x1b\0\0\0\0\x71\x81\x71\x1b\0\0\0\0\x73\x12\xa2\x1b\0\0\0\0\x71\x81\
\x70\x1b\0\0\0\0\x73\x12\xa1\x1b\0\0\0\0\x71\x81\x6f\x1b\0\0\0\0\x73\x12\xa0\
\x1b\0\0\0\0\x71\x81\x6e\x1b\0\0\0\0\x73\x12\x9f\x1b\0\0\0\0\x71\x81\x6d\x1b\0\
\0\0\0\x73\x12\x9e\x1b\0\0\0\0\x71\x81\x6c\x1b\0\0\0\0\x73\x12\x9d\x1b\0\0\0\0\
\x71\x81\x6b\x1b\0\0\0\0\x73\x12\x9c\x1b\0\0\0\0\x71\x81\x6a\x1b\0\0\0\0\x73\
\x12\x9b\x1b\0\0\0\0\x71\x81\x69\x1b\0\0\0\0\x73\x12\x9a\x1b\0\0\0\0\x71\x81\
\x68\x1b\0\0\0\0\x73\x12\x99\x1b\0\0\0\0\x71\x81\x67\x1b\0\0\0\0\x73\x12\x98\
\x1b\0\0\0\0\x71\x81\x66\x1b\0\0\0\0\x73\x12\x97\x1b\0\0\0\0\x71\x81\x65\x1b\0\
\0\0\0\x73\x12\x96\x1b\0\0\0\0\x71\x81\x64\x1b\0\0\0\0\x73\x12\x95\x1b\0\0\0\0\
\x71\x81\x63\x1b\0\0\0\0\x73\x12\x94\x1b\0\0\0\0\x71\x81\x62\x1b\0\0\0\0\x73\
\x12\x93\x1b\0\0\0\0\x71\x81\x61\x1b\0\0\0\0\x73\x12\x92\x1b\0\0\0\0\x71\x81\
\x60\x1b\0\0\0\0\x73\x12\x91\x1b\0\0\0\0\x71\x81\x5f\x1b\0\0\0\0\x73\x12\x90\
\x1b\0\0\0\0\x71\x81\x5e\x1b\0\0\0\0\x73\x12\x8f\x1b\0\0\0\0\x71\x81\x5d\x1b\0\
\0\0\0\x73\x12\x8e\x1b\0\0\0\0\x71\x81\x5c\x1b\0\0\0\0\x73\x12\x8d\x1b\0\0\0\0\
\x71\x81\x5b\x1b\0\0\0\0\x73\x12\x8c\x1b\0\0\0\0\x71\x81\x5a\x1b\0\0\0\0\x73\
\x12\x8b\x1b\0\0\0\0\x71\x81\x59\x1b\0\0\0\0\x73\x12\x8a\x1b\0\0\0\0\x71\x81\
\x58\x1b\0\0\0\0\x73\x12\x89\x1b\0\0\0\0\x71\x81\x57\x1b\0\0\0\0\x73\x12\x88\
\x1b\0\0\0\0\x71\x81\x56\x1b\0\0\0\0\x73\x12\x87\x1b\0\0\0\0\x71\x81\x55\x1b\0\
\0\0\0\x73\x12\x86\x1b\0\0\0\0\x71\x81\x54\x1b\0\0\0\0\x73\x12\x85\x1b\0\0\0\0\
\x71\x81\x53\x1b\0\0\0\0\x73\x12\x84\x1b\0\0\0\0\x71\x81\x52\x1b\0\0\0\0\x73\
\x12\x83\x1b\0\0\0\0\x71\x81\x51\x1b\0\0\0\0\x73\x12\x82\x1b\0\0\0\0\x71\x81\
\x50\x1b\0\0\0\0\x73\x12\x81\x1b\0\0\0\0\x71\x81\x4f\x1b\0\0\0\0\x73\x12\x80\
\x1b\0\0\0\0\x71\x81\x4e\x1b\0\0\0\0\x73\x12\x7f\x1b\0\0\0\0\x71\x81\x4d\x1b\0\
\0\0\0\x73\x12\x7e\x1b\0\0\0\0\x71\x81\x4c\x1b\0\0\0\0\x73\x12\x7d\x1b\0\0\0\0\
\x71\x81\x4b\x1b\0\0\0\0\x73\x12\x7c\x1b\0\0\0\0\x71\x81\x4a\x1b\0\0\0\0\x73\
\x12\x7b\x1b\0\0\0\0\x71\x81\x49\x1b\0\0\0\0\x73\x12\x7a\x1b\0\0\0\0\x71\x81\
\x48\x1b\0\0\0\0\x73\x12\x79\x1b\0\0\0\0\x71\x81\x47\x1b\0\0\0\0\x73\x12\x78\
\x1b\0\0\0\0\x71\x81\x46\x1b\0\0\0\0\x73\x12\x77\x1b\0\0\0\0\x71\x81\x45\x1b\0\
\0\0\0\x73\x12\x76\x1b\0\0\0\0\x71\x81\x44\x1b\0\0\0\0\x73\x12\x75\x1b\0\0\0\0\
\x71\x81\x43\x1b\0\0\0\0\x73\x12\x74\x1b\0\0\0\0\x71\x81\x42\x1b\0\0\0\0\x73\
\x12\x73\x1b\0\0\0\0\x71\x81\x41\x1b\0\0\0\0\x73\x12\x72\x1b\0\0\0\0\x71\x81\
\x40\x1b\0\0\0\0\x73\x12\x71\x1b\0\0\0\0\x71\x81\x3f\x1b\0\0\0\0\x73\x12\x70\
\x1b\0\0\0\0\x71\x81\x3e\x1b\0\0\0\0\x73\x12\x6f\x1b\0\0\0\0\x71\x81\x3d\x1b\0\
\0\0\0\x73\x12\x6e\x1b\0\0\0\0\x71\x81\x3c\x1b\0\0\0\0\x73\x12\x6d\x1b\0\0\0\0\
\x71\x81\x3b\x1b\0\0\0\0\x73\x12\x6c\x1b\0\0\0\0\x71\x81\x3a\x1b\0\0\0\0\x73\
\x12\x6b\x1b\0\0\0\0\x71\x81\x39\x1b\0\0\0\0\x73\x12\x6a\x1b\0\0\0\0\x71\x81\
\x38\x1b\0\0\0\0\x73\x12\x69\x1b\0\0\0\0\x71\x81\x37\x1b\0\0\0\0\x73\x12\x68\
\x1b\0\0\0\0\x71\x81\x36\x1b\0\0\0\0\x73\x12\x67\x1b\0\0\0\0\x71\x81\x35\x1b\0\
\0\0\0\x73\x12\x66\x1b\0\0\0\0\x71\x81\x34\x1b\0\0\0\0\x73\x12\x65\x1b\0\0\0\0\
\x71\x81\x33\x1b\0\0\0\0\x73\x12\x64\x1b\0\0\0\0\x71\x81\x32\x1b\0\0\0\0\x73\
\x12\x63\x1b\0\0\0\0\x71\x81\x31\x1b\0\0\0\0\x73\x12\x62\x1b\0\0\0\0\x71\x81\
\x30\x1b\0\0\0\0\x73\x12\x61\x1b\0\0\0\0\x71\x81\x2f\x1b\0\0\0\0\x73\x12\x60\
\x1b\0\0\0\0\x71\x81\x2e\x1b\0\0\0\0\x73\x12\x5f\x1b\0\0\0\0\x71\x81\x2d\x1b\0\
\0\0\0\x73\x12\x5e\x1b\0\0\0\0\x71\x81\x2c\x1b\0\0\0\0\x73\x12\x5d\x1b\0\0\0\0\
\x71\x81\x2b\x1b\0\0\0\0\x73\x12\x5c\x1b\0\0\0\0\x71\x81\x2a\x1b\0\0\0\0\x73\
\x12\x5b\x1b\0\0\0\0\x71\x81\x29\x1b\0\0\0\0\x73\x12\x5a\x1b\0\0\0\0\x71\x81\
\x28\x1b\0\0\0\0\x73\x12\x59\x1b\0\0\0\0\x71\x81\x27\x1b\0\0\0\0\x73\x12\x58\
\x1b\0\0\0\0\x71\x81\x26\x1b\0\0\0\0\x73\x12\x57\x1b\0\0\0\0\x71\x81\x25\x1b\0\
\0\0\0\x73\x12\x56\x1b\0\0\0\0\x71\x81\x24\x1b\0\0\0\0\x73\x12\x55\x1b\0\0\0\0\
\x71\x81\x23\x1b\0\0\0\0\x73\x12\x54\x1b\0\0\0\0\x71\x81\x22\x1b\0\0\0\0\x73\
\x12\x53\x1b\0\0\0\0\x71\x81\x21\x1b\0\0\0\0\x73\x12\x52\x1b\0\0\0\0\x71\x81\
\x20\x1b\0\0\0\0\x73\x12\x51\x1b\0\0\0\0\x71\x81\x1f\x1b\0\0\0\0\x73\x12\x50\
\x1b\0\0\0\0\x71\x81\x1e\x1b\0\0\0\0\x73\x12\x4f\x1b\0\0\0\0\x71\x81\x1d\x1b\0\
\0\0\0\x73\x12\x4e\x1b\0\0\0\0\x71\x81\x1c\x1b\0\0\0\0\x73\x12\x4d\x1b\0\0\0\0\
\x71\x81\x1b\x1b\0\0\0\0\x73\x12\x4c\x1b\0\0\0\0\x71\x81\x1a\x1b\0\0\0\0\x73\
\x12\x4b\x1b\0\0\0\0\x71\x81\x19\x1b\0\0\0\0\x73\x12\x4a\x1b\0\0\0\0\x71\x81\
\x18\x1b\0\0\0\0\x73\x12\x49\x1b\0\0\0\0\x71\x81\x17\x1b\0\0\0\0\x73\x12\x48\
\x1b\0\0\0\0\x71\x81\x16\x1b\0\0\0\0\x73\x12\x47\x1b\0\0\0\0\x71\x81\x15\x1b\0\
\0\0\0\x73\x12\x46\x1b\0\0\0\0\x71\x81\x14\x1b\0\0\0\0\x73\x12\x45\x1b\0\0\0\0\
\x71\x81\x13\x1b\0\0\0\0\x73\x12\x44\x1b\0\0\0\0\x71\x81\x12\x1b\0\0\0\0\x73\
\x12\x43\x1b\0\0\0\0\x71\x81\x11\x1b\0\0\0\0\x73\x12\x42\x1b\0\0\0\0\x71\x81\
\x10\x1b\0\0\0\0\x73\x12\x41\x1b\0\0\0\0\x71\x81\x0f\x1b\0\0\0\0\x73\x12\x40\
\x1b\0\0\0\0\x71\x81\x0e\x1b\0\0\0\0\x73\x12\x3f\x1b\0\0\0\0\x71\x81\x0d\x1b\0\
\0\0\0\x73\x12\x3e\x1b\0\0\0\0\x71\x81\x0c\x1b\0\0\0\0\x73\x12\x3d\x1b\0\0\0\0\
\x71\x81\x0b\x1b\0\0\0\0\x73\x12\x3c\x1b\0\0\0\0\x71\x81\x0a\x1b\0\0\0\0\x73\
\x12\x3b\x1b\0\0\0\0\x71\x81\x09\x1b\0\0\0\0\x73\x12\x3a\x1b\0\0\0\0\x71\x81\
\x08\x1b\0\0\0\0\x73\x12\x39\x1b\0\0\0\0\x71\x81\x07\x1b\0\0\0\0\x73\x12\x38\
\x1b\0\0\0\0\x71\x81\x06\x1b\0\0\0\0\x73\x12\x37\x1b\0\0\0\0\x71\x81\x05\x1b\0\
\0\0\0\x73\x12\x36\x1b\0\0\0\0\x71\x81\x04\x1b\0\0\0\0\x73\x12\x35\x1b\0\0\0\0\
\x71\x81\x03\x1b\0\0\0\0\x73\x12\x34\x1b\0\0\0\0\x71\x81\x02\x1b\0\0\0\0\x73\
\x12\x33\x1b\0\0\0\0\x71\x81\x01\x1b\0\0\0\0\x73\x12\x32\x1b\0\0\0\0\x71\x81\0\
\x1b\0\0\0\0\x73\x12\x31\x1b\0\0\0\0\xa6\x04\x22\x0e\x01\x1c\0\0\xbf\x81\0\0\0\
\0\0\0\x07\x01\0\0\0\x1d\0\0\x2d\x51\x1f\x0e\0\0\0\0\x71\x81\xff\x1c\0\0\0\0\
\x79\xa2\xb0\xff\0\0\0\0\x73\x12\x30\x1d\0\0\0\0\x71\x81\xfe\x1c\0\0\0\0\x73\
\x12\x2f\x1d\0\0\0\0\x71\x81\xfd\x1c\0\0\0\0\x73\x12\x2e\x1d\0\0\0\0\x71\x81\
\xfc\x1c\0\0\0\0\x73\x12\x2d\x1d\0\0\0\0\x71\x81\xfb\x1c\0\0\0\0\x73\x12\x2c\
\x1d\0\0\0\0\x71\x81\xfa\x1c\0\0\0\0\x73\x12\x2b\x1d\0\0\0\0\x71\x81\xf9\x1c\0\
\0\0\0\x73\x12\x2a\x1d\0\0\0\0\x71\x81\xf8\x1c\0\0\0\0\x73\x12\x29\x1d\0\0\0\0\
\x71\x81\xf7\x1c\0\0\0\0\x73\x12\x28\x1d\0\0\0\0\x71\x81\xf6\x1c\0\0\0\0\x73\
\x12\x27\x1d\0\0\0\0\x71\x81\xf5\x1c\0\0\0\0\x73\x12\x26\x1d\0\0\0\0\x71\x81\
\xf4\x1c\0\0\0\0\x73\x12\x25\x1d\0\0\0\0\x71\x81\xf3\x1c\0\0\0\0\x73\x12\x24\
\x1d\0\0\0\0\x71\x81\xf2\x1c\0\0\0\0\x73\x12\x23\x1d\0\0\0\0\x71\x81\xf1\x1c\0\
\0\0\0\x73\x12\x22\x1d\0\0\0\0\x71\x81\xf0\x1c\0\0\0\0\x73\x12\x21\x1d\0\0\0\0\
\x71\x81\xef\x1c\0\0\0\0\x73\x12\x20\x1d\0\0\0\0\x71\x81\xee\x1c\0\0\0\0\x73\
\x12\x1f\x1d\0\0\0\0\x71\x81\xed\x1c\0\0\0\0\x73\x12\x1e\x1d\0\0\0\0\x71\x81\
\xec\x1c\0\0\0\0\x73\x12\x1d\x1d\0\0\0\0\x71\x81\xeb\x1c\0\0\0\0\x73\x12\x1c\
\x1d\0\0\0\0\x71\x81\xea\x1c\0\0\0\0\x73\x12\x1b\x1d\0\0\0\0\x71\x81\xe9\x1c\0\
\0\0\0\x73\x12\x1a\x1d\0\0\0\0\x71\x81\xe8\x1c\0\0\0\0\x73\x12\x19\x1d\0\0\0\0\
\x71\x81\xe7\x1c\0\0\0\0\x73\x12\x18\x1d\0\0\0\0\x71\x81\xe6\x1c\0\0\0\0\x73\
\x12\x17\x1d\0\0\0\0\x71\x81\xe5\x1c\0\0\0\0\x73\x12\x16\x1d\0\0\0\0\x71\x81\
\xe4\x1c\0\0\0\0\x73\x12\x15\x1d\0\0\0\0\x71\x81\xe3\x1c\0\0\0\0\x73\x12\x14\
\x1d\0\0\0\0\x71\x81\xe2\x1c\0\0\0\0\x73\x12\x13\x1d\0\0\0\0\x71\x81\xe1\x1c\0\
\0\0\0\x73\x12\x12\x1d\0\0\0\0\x71\x81\xe0\x1c\0\0\0\0\x73\x12\x11\x1d\0\0\0\0\
\x71\x81\xdf\x1c\0\0\0\0\x73\x12\x10\x1d\0\0\0\0\x71\x81\xde\x1c\0\0\0\0\x73\
\x12\x0f\x1d\0\0\0\0\x71\x81\xdd\x1c\0\0\0\0\x73\x12\x0e\x1d\0\0\0\0\x71\x81\
\xdc\x1c\0\0\0\0\x73\x12\x0d\x1d\0\0\0\0\x71\x81\xdb\x1c\0\0\0\0\x73\x12\x0c\
\x1d\0\0\0\0\x71\x81\xda\x1c\0\0\0\0\x73\x12\x0b\x1d\0\0\0\0\x71\x81\xd9\x1c\0\
\0\0\0\x73\x12\x0a\x1d\0\0\0\0\x71\x81\xd8\x1c\0\0\0\0\x73\x12\x09\x1d\0\0\0\0\
\x71\x81\xd7\x1c\0\0\0\0\x73\x12\x08\x1d\0\0\0\0\x71\x81\xd6\x1c\0\0\0\0\x73\
\x12\x07\x1d\0\0\0\0\x71\x81\xd5\x1c\0\0\0\0\x73\x12\x06\x1d\0\0\0\0\x71\x81\
\xd4\x1c\0\0\0\0\x73\x12\x05\x1d\0\0\0\0\x71\x81\xd3\x1c\0\0\0\0\x73\x12\x04\
\x1d\0\0\0\0\x71\x81\xd2\x1c\0\0\0\0\x73\x12\x03\x1d\0\0\0\0\x71\x81\xd1\x1c\0\
\0\0\0\x73\x12\x02\x1d\0\0\0\0\x71\x81\xd0\x1c\0\0\0\0\x73\x12\x01\x1d\0\0\0\0\
\x71\x81\xcf\x1c\0\0\0\0\x73\x12\0\x1d\0\0\0\0\x71\x81\xce\x1c\0\0\0\0\x73\x12\
\xff\x1c\0\0\0\0\x71\x81\xcd\x1c\0\0\0\0\x73\x12\xfe\x1c\0\0\0\0\x71\x81\xcc\
\x1c\0\0\0\0\x73\x12\xfd\x1c\0\0\0\0\x71\x81\xcb\x1c\0\0\0\0\x73\x12\xfc\x1c\0\
\0\0\0\x71\x81\xca\x1c\0\0\0\0\x73\x12\xfb\x1c\0\0\0\0\x71\x81\xc9\x1c\0\0\0\0\
\x73\x12\xfa\x1c\0\0\0\0\x71\x81\xc8\x1c\0\0\0\0\x73\x12\xf9\x1c\0\0\0\0\x71\
\x81\xc7\x1c\0\0\0\0\x73\x12\xf8\x1c\0\0\0\0\x71\x81\xc6\x1c\0\0\0\0\x73\x12\
\xf7\x1c\0\0\0\0\x71\x81\xc5\x1c\0\0\0\0\x73\x12\xf6\x1c\0\0\0\0\x71\x81\xc4\
\x1c\0\0\0\0\x73\x12\xf5\x1c\0\0\0\0\x71\x81\xc3\x1c\0\0\0\0\x73\x12\xf4\x1c\0\
\0\0\0\x71\x81\xc2\x1c\0\0\0\0\x73\x12\xf3\x1c\0\0\0\0\x71\x81\xc1\x1c\0\0\0\0\
\x73\x12\xf2\x1c\0\0\0\0\x71\x81\xc0\x1c\0\0\0\0\x73\x12\xf1\x1c\0\0\0\0\x71\
\x81\xbf\x1c\0\0\0\0\x73\x12\xf0\x1c\0\0\0\0\x71\x81\xbe\x1c\0\0\0\0\x73\x12\
\xef\x1c\0\0\0\0\x71\x81\xbd\x1c\0\0\0\0\x73\x12\xee\x1c\0\0\0\0\x71\x81\xbc\
\x1c\0\0\0\0\x73\x12\xed\x1c\0\0\0\0\x71\x81\xbb\x1c\0\0\0\0\x73\x12\xec\x1c\0\
\0\0\0\x71\x81\xba\x1c\0\0\0\0\x73\x12\xeb\x1c\0\0\0\0\x71\x81\xb9\x1c\0\0\0\0\
\x73\x12\xea\x1c\0\0\0\0\x71\x81\xb8\x1c\0\0\0\0\x73\x12\xe9\x1c\0\0\0\0\x71\
\x81\xb7\x1c\0\0\0\0\x73\x12\xe8\x1c\0\0\0\0\x71\x81\xb6\x1c\0\0\0\0\x73\x12\
\xe7\x1c\0\0\0\0\x71\x81\xb5\x1c\0\0\0\0\x73\x12\xe6\x1c\0\0\0\0\x71\x81\xb4\
\x1c\0\0\0\0\x73\x12\xe5\x1c\0\0\0\0\x71\x81\xb3\x1c\0\0\0\0\x73\x12\xe4\x1c\0\
\0\0\0\x71\x81\xb2\x1c\0\0\0\0\x73\x12\xe3\x1c\0\0\0\0\x71\x81\xb1\x1c\0\0\0\0\
\x73\x12\xe2\x1c\0\0\0\0\x71\x81\xb0\x1c\0\0\0\0\x73\x12\xe1\x1c\0\0\0\0\x71\
\x81\xaf\x1c\0\0\0\0\x73\x12\xe0\x1c\0\0\0\0\x71\x81\xae\x1c\0\0\0\0\x73\x12\
\xdf\x1c\0\0\0\0\x71\x81\xad\x1c\0\0\0\0\x73\x12\xde\x1c\0\0\0\0\x71\x81\xac\
\x1c\0\0\0\0\x73\x12\xdd\x1c\0\0\0\0\x71\x81\xab\x1c\0\0\0\0\x73\x12\xdc\x1c\0\
\0\0\0\x71\x81\xaa\x1c\0\0\0\0\x73\x12\xdb\x1c\0\0\0\0\x71\x81\xa9\x1c\0\0\0\0\
\x73\x12\xda\x1c\0\0\0\0\x71\x81\xa8\x1c\0\0\0\0\x73\x12\xd9\x1c\0\0\0\0\x71\
\x81\xa7\x1c\0\0\0\0\x73\x12\xd8\x1c\0\0\0\0\x71\x81\xa6\x1c\0\0\0\0\x73\x12\
\xd7\x1c\0\0\0\0\x71\x81\xa5\x1c\0\0\0\0\x73\x12\xd6\x1c\0\0\0\0\x71\x81\xa4\
\x1c\0\0\0\0\x73\x12\xd5\x1c\0\0\0\0\x71\x81\xa3\x1c\0\0\0\0\x73\x12\xd4\x1c\0\
\0\0\0\x71\x81\xa2\x1c\0\0\0\0\x73\x12\xd3\x1c\0\0\0\0\x71\x81\xa1\x1c\0\0\0\0\
\x73\x12\xd2\x1c\0\0\0\0\x71\x81\xa0\x1c\0\0\0\0\x73\x12\xd1\x1c\0\0\0\0\x71\
\x81\x9f\x1c\0\0\0\0\x73\x12\xd0\x1c\0\0\0\0\x71\x81\x9e\x1c\0\0\0\0\x73\x12\
\xcf\x1c\0\0\0\0\x71\x81\x9d\x1c\0\0\0\0\x73\x12\xce\x1c\0\0\0\0\x71\x81\x9c\
\x1c\0\0\0\0\x73\x12\xcd\x1c\0\0\0\0\x71\x81\x9b\x1c\0\0\0\0\x73\x12\xcc\x1c\0\
\0\0\0\x71\x81\x9a\x1c\0\0\0\0\x73\x12\xcb\x1c\0\0\0\0\x71\x81\x99\x1c\0\0\0\0\
\x73\x12\xca\x1c\0\0\0\0\x71\x81\x98\x1c\0\0\0\0\x73\x12\xc9\x1c\0\0\0\0\x71\
\x81\x97\x1c\0\0\0\0\x73\x12\xc8\x1c\0\0\0\0\x71\x81\x96\x1c\0\0\0\0\x73\x12\
\xc7\x1c\0\0\0\0\x71\x81\x95\x1c\0\0\0\0\x73\x12\xc6\x1c\0\0\0\0\x71\x81\x94\
\x1c\0\0\0\0\x73\x12\xc5\x1c\0\0\0\0\x71\x81\x93\x1c\0\0\0\0\x73\x12\xc4\x1c\0\
\0\0\0\x71\x81\x92\x1c\0\0\0\0\x73\x12\xc3\x1c\0\0\0\0\x71\x81\x91\x1c\0\0\0\0\
\x73\x12\xc2\x1c\0\0\0\0\x71\x81\x90\x1c\0\0\0\0\x73\x12\xc1\x1c\0\0\0\0\x71\
\x81\x8f\x1c\0\0\0\0\x73\x12\xc0\x1c\0\0\0\0\x71\x81\x8e\x1c\0\0\0\0\x73\x12\
\xbf\x1c\0\0\0\0\x71\x81\x8d\x1c\0\0\0\0\x73\x12\xbe\x1c\0\0\0\0\x71\x81\x8c\
\x1c\0\0\0\0\x73\x12\xbd\x1c\0\0\0\0\x71\x81\x8b\x1c\0\0\0\0\x73\x12\xbc\x1c\0\
\0\0\0\x71\x81\x8a\x1c\0\0\0\0\x73\x12\xbb\x1c\0\0\0\0\x71\x81\x89\x1c\0\0\0\0\
\x73\x12\xba\x1c\0\0\0\0\x71\x81\x88\x1c\0\0\0\0\x73\x12\xb9\x1c\0\0\0\0\x71\
\x81\x87\x1c\0\0\0\0\x73\x12\xb8\x1c\0\0\0\0\x71\x81\x86\x1c\0\0\0\0\x73\x12\
\xb7\x1c\0\0\0\0\x71\x81\x85\x1c\0\0\0\0\x73\x12\xb6\x1c\0\0\0\0\x71\x81\x84\
\x1c\0\0\0\0\x73\x12\xb5\x1c\0\0\0\0\x71\x81\x83\x1c\0\0\0\0\x73\x12\xb4\x1c\0\
\0\0\0\x71\x81\x82\x1c\0\0\0\0\x73\x12\xb3\x1c\0\0\0\0\x71\x81\x81\x1c\0\0\0\0\
\x73\x12\xb2\x1c\0\0\0\0\x71\x81\x80\x1c\0\0\0\0\x73\x12\xb1\x1c\0\0\0\0\x71\
\x81\x7f\x1c\0\0\0\0\x73\x12\xb0\x1c\0\0\0\0\x71\x81\x7e\x1c\0\0\0\0\x73\x12\
\xaf\x1c\0\0\0\0\x71\x81\x7d\x1c\0\0\0\0\x73\x12\xae\x1c\0\0\0\0\x71\x81\x7c\
\x1c\0\0\0\0\x73\x12\xad\x1c\0\0\0\0\x71\x81\x7b\x1c\0\0\0\0\x73\x12\xac\x1c\0\
\0\0\0\x71\x81\x7a\x1c\0\0\0\0\x73\x12\xab\x1c\0\0\0\0\x71\x81\x79\x1c\0\0\0\0\
\x73\x12\xaa\x1c\0\0\0\0\x71\x81\x78\x1c\0\0\0\0\x73\x12\xa9\x1c\0\0\0\0\x71\
\x81\x77\x1c\0\0\0\0\x73\x12\xa8\x1c\0\0\0\0\x71\x81\x76\x1c\0\0\0\0\x73\x12\
\xa7\x1c\0\0\0\0\x71\x81\x75\x1c\0\0\0\0\x73\x12\xa6\x1c\0\0\0\0\x71\x81\x74\
\x1c\0\0\0\0\x73\x12\xa5\x1c\0\0\0\0\x71\x81\x73\x1c\0\0\0\0\x73\x12\xa4\x1c\0\
\0\0\0\x71\x81\x72\x1c\0\0\0\0\x73\x12\xa3\x1c\0\0\0\0\x71\x81\x71\x1c\0\0\0\0\
\x73\x12\xa2\x1c\0\0\0\0\x71\x81\x70\x1c\0\0\0\0\x73\x12\xa1\x1c\0\0\0\0\x71\
\x81\x6f\x1c\0\0\0\0\x73\x12\xa0\x1c\0\0\0\0\x71\x81\x6e\x1c\0\0\0\0\x73\x12\
\x9f\x1c\0\0\0\0\x71\x81\x6d\x1c\0\0\0\0\x73\x12\x9e\x1c\0\0\0\0\x71\x81\x6c\
\x1c\0\0\0\0\x73\x12\x9d\x1c\0\0\0\0\x71\x81\x6b\x1c\0\0\0\0\x73\x12\x9c\x1c\0\
\0\0\0\x71\x81\x6a\x1c\0\0\0\0\x73\x12\x9b\x1c\0\0\0\0\x71\x81\x69\x1c\0\0\0\0\
\x73\x12\x9a\x1c\0\0\0\0\x71\x81\x68\x1c\0\0\0\0\x73\x12\x99\x1c\0\0\0\0\x71\
\x81\x67\x1c\0\0\0\0\x73\x12\x98\x1c\0\0\0\0\x71\x81\x66\x1c\0\0\0\0\x73\x12\
\x97\x1c\0\0\0\0\x71\x81\x65\x1c\0\0\0\0\x73\x12\x96\x1c\0\0\0\0\x71\x81\x64\
\x1c\0\0\0\0\x73\x12\x95\x1c\0\0\0\0\x71\x81\x63\x1c\0\0\0\0\x73\x12\x94\x1c\0\
\0\0\0\x71\x81\x62\x1c\0\0\0\0\x73\x12\x93\x1c\0\0\0\0\x71\x81\x61\x1c\0\0\0\0\
\x73\x12\x92\x1c\0\0\0\0\x71\x81\x60\x1c\0\0\0\0\x73\x12\x91\x1c\0\0\0\0\x71\
\x81\x5f\x1c\0\0\0\0\x73\x12\x90\x1c\0\0\0\0\x71\x81\x5e\x1c\0\0\0\0\x73\x12\
\x8f\x1c\0\0\0\0\x71\x81\x5d\x1c\0\0\0\0\x73\x12\x8e\x1c\0\0\0\0\x71\x81\x5c\
\x1c\0\0\0\0\x73\x12\x8d\x1c\0\0\0\0\x71\x81\x5b\x1c\0\0\0\0\x73\x12\x8c\x1c\0\
\0\0\0\x71\x81\x5a\x1c\0\0\0\0\x73\x12\x8b\x1c\0\0\0\0\x71\x81\x59\x1c\0\0\0\0\
\x73\x12\x8a\x1c\0\0\0\0\x71\x81\x58\x1c\0\0\0\0\x73\x12\x89\x1c\0\0\0\0\x71\
\x81\x57\x1c\0\0\0\0\x73\x12\x88\x1c\0\0\0\0\x71\x81\x56\x1c\0\0\0\0\x73\x12\
\x87\x1c\0\0\0\0\x71\x81\x55\x1c\0\0\0\0\x73\x12\x86\x1c\0\0\0\0\x71\x81\x54\
\x1c\0\0\0\0\x73\x12\x85\x1c\0\0\0\0\x71\x81\x53\x1c\0\0\0\0\x73\x12\x84\x1c\0\
\0\0\0\x71\x81\x52\x1c\0\0\0\0\x73\x12\x83\x1c\0\0\0\0\x71\x81\x51\x1c\0\0\0\0\
\x73\x12\x82\x1c\0\0\0\0\x71\x81\x50\x1c\0\0\0\0\x73\x12\x81\x1c\0\0\0\0\x71\
\x81\x4f\x1c\0\0\0\0\x73\x12\x80\x1c\0\0\0\0\x71\x81\x4e\x1c\0\0\0\0\x73\x12\
\x7f\x1c\0\0\0\0\x71\x81\x4d\x1c\0\0\0\0\x73\x12\x7e\x1c\0\0\0\0\x71\x81\x4c\
\x1c\0\0\0\0\x73\x12\x7d\x1c\0\0\0\0\x71\x81\x4b\x1c\0\0\0\0\x73\x12\x7c\x1c\0\
\0\0\0\x71\x81\x4a\x1c\0\0\0\0\x73\x12\x7b\x1c\0\0\0\0\x71\x81\x49\x1c\0\0\0\0\
\x73\x12\x7a\x1c\0\0\0\0\x71\x81\x48\x1c\0\0\0\0\x73\x12\x79\x1c\0\0\0\0\x71\
\x81\x47\x1c\0\0\0\0\x73\x12\x78\x1c\0\0\0\0\x71\x81\x46\x1c\0\0\0\0\x73\x12\
\x77\x1c\0\0\0\0\x71\x81\x45\x1c\0\0\0\0\x73\x12\x76\x1c\0\0\0\0\x71\x81\x44\
\x1c\0\0\0\0\x73\x12\x75\x1c\0\0\0\0\x71\x81\x43\x1c\0\0\0\0\x73\x12\x74\x1c\0\
\0\0\0\x71\x81\x42\x1c\0\0\0\0\x73\x12\x73\x1c\0\0\0\0\x71\x81\x41\x1c\0\0\0\0\
\x73\x12\x72\x1c\0\0\0\0\x71\x81\x40\x1c\0\0\0\0\x73\x12\x71\x1c\0\0\0\0\x71\
\x81\x3f\x1c\0\0\0\0\x73\x12\x70\x1c\0\0\0\0\x71\x81\x3e\x1c\0\0\0\0\x73\x12\
\x6f\x1c\0\0\0\0\x71\x81\x3d\x1c\0\0\0\0\x73\x12\x6e\x1c\0\0\0\0\x71\x81\x3c\
\x1c\0\0\0\0\x73\x12\x6d\x1c\0\0\0\0\x71\x81\x3b\x1c\0\0\0\0\x73\x12\x6c\x1c\0\
\0\0\0\x71\x81\x3a\x1c\0\0\0\0\x73\x12\x6b\x1c\0\0\0\0\x71\x81\x39\x1c\0\0\0\0\
\x73\x12\x6a\x1c\0\0\0\0\x71\x81\x38\x1c\0\0\0\0\x73\x12\x69\x1c\0\0\0\0\x71\
\x81\x37\x1c\0\0\0\0\x73\x12\x68\x1c\0\0\0\0\x71\x81\x36\x1c\0\0\0\0\x73\x12\
\x67\x1c\0\0\0\0\x71\x81\x35\x1c\0\0\0\0\x73\x12\x66\x1c\0\0\0\0\x71\x81\x34\
\x1c\0\0\0\0\x73\x12\x65\x1c\0\0\0\0\x71\x81\x33\x1c\0\0\0\0\x73\x12\x64\x1c\0\
\0\0\0\x71\x81\x32\x1c\0\0\0\0\x73\x12\x63\x1c\0\0\0\0\x71\x81\x31\x1c\0\0\0\0\
\x73\x12\x62\x1c\0\0\0\0\x71\x81\x30\x1c\0\0\0\0\x73\x12\x61\x1c\0\0\0\0\x71\
\x81\x2f\x1c\0\0\0\0\x73\x12\x60\x1c\0\0\0\0\x71\x81\x2e\x1c\0\0\0\0\x73\x12\
\x5f\x1c\0\0\0\0\x71\x81\x2d\x1c\0\0\0\0\x73\x12\x5e\x1c\0\0\0\0\x71\x81\x2c\
\x1c\0\0\0\0\x73\x12\x5d\x1c\0\0\0\0\x71\x81\x2b\x1c\0\0\0\0\x73\x12\x5c\x1c\0\
\0\0\0\x71\x81\x2a\x1c\0\0\0\0\x73\x12\x5b\x1c\0\0\0\0\x71\x81\x29\x1c\0\0\0\0\
\x73\x12\x5a\x1c\0\0\0\0\x71\x81\x28\x1c\0\0\0\0\x73\x12\x59\x1c\0\0\0\0\x71\
\x81\x27\x1c\0\0\0\0\x73\x12\x58\x1c\0\0\0\0\x71\x81\x26\x1c\0\0\0\0\x73\x12\
\x57\x1c\0\0\0\0\x71\x81\x25\x1c\0\0\0\0\x73\x12\x56\x1c\0\0\0\0\x71\x81\x24\
\x1c\0\0\0\0\x73\x12\x55\x1c\0\0\0\0\x71\x81\x23\x1c\0\0\0\0\x73\x12\x54\x1c\0\
\0\0\0\x71\x81\x22\x1c\0\0\0\0\x73\x12\x53\x1c\0\0\0\0\x71\x81\x21\x1c\0\0\0\0\
\x73\x12\x52\x1c\0\0\0\0\x71\x81\x20\x1c\0\0\0\0\x73\x12\x51\x1c\0\0\0\0\x71\
\x81\x1f\x1c\0\0\0\0\x73\x12\x50\x1c\0\0\0\0\x71\x81\x1e\x1c\0\0\0\0\x73\x12\
\x4f\x1c\0\0\0\0\x71\x81\x1d\x1c\0\0\0\0\x73\x12\x4e\x1c\0\0\0\0\x71\x81\x1c\
\x1c\0\0\0\0\x73\x12\x4d\x1c\0\0\0\0\x71\x81\x1b\x1c\0\0\0\0\x73\x12\x4c\x1c\0\
\0\0\0\x71\x81\x1a\x1c\0\0\0\0\x73\x12\x4b\x1c\0\0\0\0\x71\x81\x19\x1c\0\0\0\0\
\x73\x12\x4a\x1c\0\0\0\0\x71\x81\x18\x1c\0\0\0\0\x73\x12\x49\x1c\0\0\0\0\x71\
\x81\x17\x1c\0\0\0\0\x73\x12\x48\x1c\0\0\0\0\x71\x81\x16\x1c\0\0\0\0\x73\x12\
\x47\x1c\0\0\0\0\x71\x81\x15\x1c\0\0\0\0\x73\x12\x46\x1c\0\0\0\0\x71\x81\x14\
\x1c\0\0\0\0\x73\x12\x45\x1c\0\0\0\0\x71\x81\x13\x1c\0\0\0\0\x73\x12\x44\x1c\0\
\0\0\0\x71\x81\x12\x1c\0\0\0\0\x73\x12\x43\x1c\0\0\0\0\x71\x81\x11\x1c\0\0\0\0\
\x73\x12\x42\x1c\0\0\0\0\x71\x81\x10\x1c\0\0\0\0\x73\x12\x41\x1c\0\0\0\0\x71\
\x81\x0f\x1c\0\0\0\0\x73\x12\x40\x1c\0\0\0\0\x71\x81\x0e\x1c\0\0\0\0\x73\x12\
\x3f\x1c\0\0\0\0\x71\x81\x0d\x1c\0\0\0\0\x73\x12\x3e\x1c\0\0\0\0\x71\x81\x0c\
\x1c\0\0\0\0\x73\x12\x3d\x1c\0\0\0\0\x71\x81\x0b\x1c\0\0\0\0\x73\x12\x3c\x1c\0\
\0\0\0\x71\x81\x0a\x1c\0\0\0\0\x73\x12\x3b\x1c\0\0\0\0\x71\x81\x09\x1c\0\0\0\0\
\x73\x12\x3a\x1c\0\0\0\0\x71\x81\x08\x1c\0\0\0\0\x73\x12\x39\x1c\0\0\0\0\x71\
\x81\x07\x1c\0\0\0\0\x73\x12\x38\x1c\0\0\0\0\x71\x81\x06\x1c\0\0\0\0\x73\x12\
\x37\x1c\0\0\0\0\x71\x81\x05\x1c\0\0\0\0\x73\x12\x36\x1c\0\0\0\0\x71\x81\x04\
\x1c\0\0\0\0\x73\x12\x35\x1c\0\0\0\0\x71\x81\x03\x1c\0\0\0\0\x73\x12\x34\x1c\0\
\0\0\0\x71\x81\x02\x1c\0\0\0\0\x73\x12\x33\x1c\0\0\0\0\x71\x81\x01\x1c\0\0\0\0\
\x73\x12\x32\x1c\0\0\0\0\x71\x81\0\x1c\0\0\0\0\x73\x12\x31\x1c\0\0\0\0\xa6\x04\
\x1d\x0c\x01\x1d\0\0\xbf\x81\0\0\0\0\0\0\x07\x01\0\0\0\x1e\0\0\x2d\x51\x1a\x0c\
\0\0\0\0\x71\x81\xff\x1d\0\0\0\0\x79\xa2\xb0\xff\0\0\0\0\x73\x12\x30\x1e\0\0\0\
\0\x71\x81\xfe\x1d\0\0\0\0\x73\x12\x2f\x1e\0\0\0\0\x71\x81\xfd\x1d\0\0\0\0\x73\
\x12\x2e\x1e\0\0\0\0\x71\x81\xfc\x1d\0\0\0\0\x73\x12\x2d\x1e\0\0\0\0\x71\x81\
\xfb\x1d\0\0\0\0\x73\x12\x2c\x1e\0\0\0\0\x71\x81\xfa\x1d\0\0\0\0\x73\x12\x2b\
\x1e\0\0\0\0\x71\x81\xf9\x1d\0\0\0\0\x73\x12\x2a\x1e\0\0\0\0\x71\x81\xf8\x1d\0\
\0\0\0\x73\x12\x29\x1e\0\0\0\0\x71\x81\xf7\x1d\0\0\0\0\x73\x12\x28\x1e\0\0\0\0\
\x71\x81\xf6\x1d\0\0\0\0\x73\x12\x27\x1e\0\0\0\0\x71\x81\xf5\x1d\0\0\0\0\x73\
\x12\x26\x1e\0\0\0\0\x71\x81\xf4\x1d\0\0\0\0\x73\x12\x25\x1e\0\0\0\0\x71\x81\
\xf3\x1d\0\0\0\0\x73\x12\x24\x1e\0\0\0\0\x71\x81\xf2\x1d\0\0\0\0\x73\x12\x23\
\x1e\0\0\0\0\x71\x81\xf1\x1d\0\0\0\0\x73\x12\x22\x1e\0\0\0\0\x71\x81\xf0\x1d\0\
\0\0\0\x73\x12\x21\x1e\0\0\0\0\x71\x81\xef\x1d\0\0\0\0\x73\x12\x20\x1e\0\0\0\0\
\x71\x81\xee\x1d\0\0\0\0\x73\x12\x1f\x1e\0\0\0\0\x71\x81\xed\x1d\0\0\0\0\x73\
\x12\x1e\x1e\0\0\0\0\x71\x81\xec\x1d\0\0\0\0\x73\x12\x1d\x1e\0\0\0\0\x71\x81\
\xeb\x1d\0\0\0\0\x73\x12\x1c\x1e\0\0\0\0\x71\x81\xea\x1d\0\0\0\0\x73\x12\x1b\
\x1e\0\0\0\0\x71\x81\xe9\x1d\0\0\0\0\x73\x12\x1a\x1e\0\0\0\0\x71\x81\xe8\x1d\0\
\0\0\0\x73\x12\x19\x1e\0\0\0\0\x71\x81\xe7\x1d\0\0\0\0\x73\x12\x18\x1e\0\0\0\0\
\x71\x81\xe6\x1d\0\0\0\0\x73\x12\x17\x1e\0\0\0\0\x71\x81\xe5\x1d\0\0\0\0\x73\
\x12\x16\x1e\0\0\0\0\x71\x81\xe4\x1d\0\0\0\0\x73\x12\x15\x1e\0\0\0\0\x71\x81\
\xe3\x1d\0\0\0\0\x73\x12\x14\x1e\0\0\0\0\x71\x81\xe2\x1d\0\0\0\0\x73\x12\x13\
\x1e\0\0\0\0\x71\x81\xe1\x1d\0\0\0\0\x73\x12\x12\x1e\0\0\0\0\x71\x81\xe0\x1d\0\
\0\0\0\x73\x12\x11\x1e\0\0\0\0\x71\x81\xdf\x1d\0\0\0\0\x73\x12\x10\x1e\0\0\0\0\
\x71\x81\xde\x1d\0\0\0\0\x73\x12\x0f\x1e\0\0\0\0\x71\x81\xdd\x1d\0\0\0\0\x73\
\x12\x0e\x1e\0\0\0\0\x71\x81\xdc\x1d\0\0\0\0\x73\x12\x0d\x1e\0\0\0\0\x71\x81\
\xdb\x1d\0\0\0\0\x73\x12\x0c\x1e\0\0\0\0\x71\x81\xda\x1d\0\0\0\0\x73\x12\x0b\
\x1e\0\0\0\0\x71\x81\xd9\x1d\0\0\0\0\x73\x12\x0a\x1e\0\0\0\0\x71\x81\xd8\x1d\0\
\0\0\0\x73\x12\x09\x1e\0\0\0\0\x71\x81\xd7\x1d\0\0\0\0\x73\x12\x08\x1e\0\0\0\0\
\x71\x81\xd6\x1d\0\0\0\0\x73\x12\x07\x1e\0\0\0\0\x71\x81\xd5\x1d\0\0\0\0\x73\
\x12\x06\x1e\0\0\0\0\x71\x81\xd4\x1d\0\0\0\0\x73\x12\x05\x1e\0\0\0\0\x71\x81\
\xd3\x1d\0\0\0\0\x73\x12\x04\x1e\0\0\0\0\x71\x81\xd2\x1d\0\0\0\0\x73\x12\x03\
\x1e\0\0\0\0\x71\x81\xd1\x1d\0\0\0\0\x73\x12\x02\x1e\0\0\0\0\x71\x81\xd0\x1d\0\
\0\0\0\x73\x12\x01\x1e\0\0\0\0\x71\x81\xcf\x1d\0\0\0\0\x73\x12\0\x1e\0\0\0\0\
\x71\x81\xce\x1d\0\0\0\0\x73\x12\xff\x1d\0\0\0\0\x71\x81\xcd\x1d\0\0\0\0\x73\
\x12\xfe\x1d\0\0\0\0\x71\x81\xcc\x1d\0\0\0\0\x73\x12\xfd\x1d\0\0\0\0\x71\x81\
\xcb\x1d\0\0\0\0\x73\x12\xfc\x1d\0\0\0\0\x71\x81\xca\x1d\0\0\0\0\x73\x12\xfb\
\x1d\0\0\0\0\x71\x81\xc9\x1d\0\0\0\0\x73\x12\xfa\x1d\0\0\0\0\x71\x81\xc8\x1d\0\
\0\0\0\x73\x12\xf9\x1d\0\0\0\0\x71\x81\xc7\x1d\0\0\0\0\x73\x12\xf8\x1d\0\0\0\0\
\x71\x81\xc6\x1d\0\0\0\0\x73\x12\xf7\x1d\0\0\0\0\x71\x81\xc5\x1d\0\0\0\0\x73\
\x12\xf6\x1d\0\0\0\0\x71\x81\xc4\x1d\0\0\0\0\x73\x12\xf5\x1d\0\0\0\0\x71\x81\
\xc3\x1d\0\0\0\0\x73\x12\xf4\x1d\0\0\0\0\x71\x81\xc2\x1d\0\0\0\0\x73\x12\xf3\
\x1d\0\0\0\0\x71\x81\xc1\x1d\0\0\0\0\x73\x12\xf2\x1d\0\0\0\0\x71\x81\xc0\x1d\0\
\0\0\0\x73\x12\xf1\x1d\0\0\0\0\x71\x81\xbf\x1d\0\0\0\0\x73\x12\xf0\x1d\0\0\0\0\
\x71\x81\xbe\x1d\0\0\0\0\x73\x12\xef\x1d\0\0\0\0\x71\x81\xbd\x1d\0\0\0\0\x73\
\x12\xee\x1d\0\0\0\0\x71\x81\xbc\x1d\0\0\0\0\x73\x12\xed\x1d\0\0\0\0\x71\x81\
\xbb\x1d\0\0\0\0\x73\x12\xec\x1d\0\0\0\0\x71\x81\xba\x1d\0\0\0\0\x73\x12\xeb\
\x1d\0\0\0\0\x71\x81\xb9\x1d\0\0\0\0\x73\x12\xea\x1d\0\0\0\0\x71\x81\xb8\x1d\0\
\0\0\0\x73\x12\xe9\x1d\0\0\0\0\x71\x81\xb7\x1d\0\0\0\0\x73\x12\xe8\x1d\0\0\0\0\
\x71\x81\xb6\x1d\0\0\0\0\x73\x12\xe7\x1d\0\0\0\0\x71\x81\xb5\x1d\0\0\0\0\x73\
\x12\xe6\x1d\0\0\0\0\x71\x81\xb4\x1d\0\0\0\0\x73\x12\xe5\x1d\0\0\0\0\x71\x81\
\xb3\x1d\0\0\0\0\x73\x12\xe4\x1d\0\0\0\0\x71\x81\xb2\x1d\0\0\0\0\x73\x12\xe3\
\x1d\0\0\0\0\x71\x81\xb1\x1d\0\0\0\0\x73\x12\xe2\x1d\0\0\0\0\x71\x81\xb0\x1d\0\
\0\0\0\x73\x12\xe1\x1d\0\0\0\0\x71\x81\xaf\x1d\0\0\0\0\x73\x12\xe0\x1d\0\0\0\0\
\x71\x81\xae\x1d\0\0\0\0\x73\x12\xdf\x1d\0\0\0\0\x71\x81\xad\x1d\0\0\0\0\x73\
\x12\xde\x1d\0\0\0\0\x71\x81\xac\x1d\0\0\0\0\x73\x12\xdd\x1d\0\0\0\0\x71\x81\
\xab\x1d\0\0\0\0\x73\x12\xdc\x1d\0\0\0\0\x71\x81\xaa\x1d\0\0\0\0\x73\x12\xdb\
\x1d\0\0\0\0\x71\x81\xa9\x1d\0\0\0\0\x73\x12\xda\x1d\0\0\0\0\x71\x81\xa8\x1d\0\
\0\0\0\x73\x12\xd9\x1d\0\0\0\0\x71\x81\xa7\x1d\0\0\0\0\x73\x12\xd8\x1d\0\0\0\0\
\x71\x81\xa6\x1d\0\0\0\0\x73\x12\xd7\x1d\0\0\0\0\x71\x81\xa5\x1d\0\0\0\0\x73\
\x12\xd6\x1d\0\0\0\0\x71\x81\xa4\x1d\0\0\0\0\x73\x12\xd5\x1d\0\0\0\0\x71\x81\
\xa3\x1d\0\0\0\0\x73\x12\xd4\x1d\0\0\0\0\x71\x81\xa2\x1d\0\0\0\0\x73\x12\xd3\
\x1d\0\0\0\0\x71\x81\xa1\x1d\0\0\0\0\x73\x12\xd2\x1d\0\0\0\0\x71\x81\xa0\x1d\0\
\0\0\0\x73\x12\xd1\x1d\0\0\0\0\x71\x81\x9f\x1d\0\0\0\0\x73\x12\xd0\x1d\0\0\0\0\
\x71\x81\x9e\x1d\0\0\0\0\x73\x12\xcf\x1d\0\0\0\0\x71\x81\x9d\x1d\0\0\0\0\x73\
\x12\xce\x1d\0\0\0\0\x71\x81\x9c\x1d\0\0\0\0\x73\x12\xcd\x1d\0\0\0\0\x71\x81\
\x9b\x1d\0\0\0\0\x73\x12\xcc\x1d\0\0\0\0\x71\x81\x9a\x1d\0\0\0\0\x73\x12\xcb\
\x1d\0\0\0\0\x71\x81\x99\x1d\0\0\0\0\x73\x12\xca\x1d\0\0\0\0\x71\x81\x98\x1d\0\
\0\0\0\x73\x12\xc9\x1d\0\0\0\0\x71\x81\x97\x1d\0\0\0\0\x73\x12\xc8\x1d\0\0\0\0\
\x71\x81\x96\x1d\0\0\0\0\x73\x12\xc7\x1d\0\0\0\0\x71\x81\x95\x1d\0\0\0\0\x73\
\x12\xc6\x1d\0\0\0\0\x71\x81\x94\x1d\0\0\0\0\x73\x12\xc5\x1d\0\0\0\0\x71\x81\
\x93\x1d\0\0\0\0\x73\x12\xc4\x1d\0\0\0\0\x71\x81\x92\x1d\0\0\0\0\x73\x12\xc3\
\x1d\0\0\0\0\x71\x81\x91\x1d\0\0\0\0\x73\x12\xc2\x1d\0\0\0\0\x71\x81\x90\x1d\0\
\0\0\0\x73\x12\xc1\x1d\0\0\0\0\x71\x81\x8f\x1d\0\0\0\0\x73\x12\xc0\x1d\0\0\0\0\
\x71\x81\x8e\x1d\0\0\0\0\x73\x12\xbf\x1d\0\0\0\0\x71\x81\x8d\x1d\0\0\0\0\x73\
\x12\xbe\x1d\0\0\0\0\x71\x81\x8c\x1d\0\0\0\0\x73\x12\xbd\x1d\0\0\0\0\x71\x81\
\x8b\x1d\0\0\0\0\x73\x12\xbc\x1d\0\0\0\0\x71\x81\x8a\x1d\0\0\0\0\x73\x12\xbb\
\x1d\0\0\0\0\x71\x81\x89\x1d\0\0\0\0\x73\x12\xba\x1d\0\0\0\0\x71\x81\x88\x1d\0\
\0\0\0\x73\x12\xb9\x1d\0\0\0\0\x71\x81\x87\x1d\0\0\0\0\x73\x12\xb8\x1d\0\0\0\0\
\x71\x81\x86\x1d\0\0\0\0\x73\x12\xb7\x1d\0\0\0\0\x71\x81\x85\x1d\0\0\0\0\x73\
\x12\xb6\x1d\0\0\0\0\x71\x81\x84\x1d\0\0\0\0\x73\x12\xb5\x1d\0\0\0\0\x71\x81\
\x83\x1d\0\0\0\0\x73\x12\xb4\x1d\0\0\0\0\x71\x81\x82\x1d\0\0\0\0\x73\x12\xb3\
\x1d\0\0\0\0\x71\x81\x81\x1d\0\0\0\0\x73\x12\xb2\x1d\0\0\0\0\x71\x81\x80\x1d\0\
\0\0\0\x73\x12\xb1\x1d\0\0\0\0\x71\x81\x7f\x1d\0\0\0\0\x73\x12\xb0\x1d\0\0\0\0\
\x71\x81\x7e\x1d\0\0\0\0\x73\x12\xaf\x1d\0\0\0\0\x71\x81\x7d\x1d\0\0\0\0\x73\
\x12\xae\x1d\0\0\0\0\x71\x81\x7c\x1d\0\0\0\0\x73\x12\xad\x1d\0\0\0\0\x71\x81\
\x7b\x1d\0\0\0\0\x73\x12\xac\x1d\0\0\0\0\x71\x81\x7a\x1d\0\0\0\0\x73\x12\xab\
\x1d\0\0\0\0\x71\x81\x79\x1d\0\0\0\0\x73\x12\xaa\x1d\0\0\0\0\x71\x81\x78\x1d\0\
\0\0\0\x73\x12\xa9\x1d\0\0\0\0\x71\x81\x77\x1d\0\0\0\0\x73\x12\xa8\x1d\0\0\0\0\
\x71\x81\x76\x1d\0\0\0\0\x73\x12\xa7\x1d\0\0\0\0\x71\x81\x75\x1d\0\0\0\0\x73\
\x12\xa6\x1d\0\0\0\0\x71\x81\x74\x1d\0\0\0\0\x73\x12\xa5\x1d\0\0\0\0\x71\x81\
\x73\x1d\0\0\0\0\x73\x12\xa4\x1d\0\0\0\0\x71\x81\x72\x1d\0\0\0\0\x73\x12\xa3\
\x1d\0\0\0\0\x71\x81\x71\x1d\0\0\0\0\x73\x12\xa2\x1d\0\0\0\0\x71\x81\x70\x1d\0\
\0\0\0\x73\x12\xa1\x1d\0\0\0\0\x71\x81\x6f\x1d\0\0\0\0\x73\x12\xa0\x1d\0\0\0\0\
\x71\x81\x6e\x1d\0\0\0\0\x73\x12\x9f\x1d\0\0\0\0\x71\x81\x6d\x1d\0\0\0\0\x73\
\x12\x9e\x1d\0\0\0\0\x71\x81\x6c\x1d\0\0\0\0\x73\x12\x9d\x1d\0\0\0\0\x71\x81\
\x6b\x1d\0\0\0\0\x73\x12\x9c\x1d\0\0\0\0\x71\x81\x6a\x1d\0\0\0\0\x73\x12\x9b\
\x1d\0\0\0\0\x71\x81\x69\x1d\0\0\0\0\x73\x12\x9a\x1d\0\0\0\0\x71\x81\x68\x1d\0\
\0\0\0\x73\x12\x99\x1d\0\0\0\0\x71\x81\x67\x1d\0\0\0\0\x73\x12\x98\x1d\0\0\0\0\
\x71\x81\x66\x1d\0\0\0\0\x73\x12\x97\x1d\0\0\0\0\x71\x81\x65\x1d\0\0\0\0\x73\
\x12\x96\x1d\0\0\0\0\x71\x81\x64\x1d\0\0\0\0\x73\x12\x95\x1d\0\0\0\0\x71\x81\
\x63\x1d\0\0\0\0\x73\x12\x94\x1d\0\0\0\0\x71\x81\x62\x1d\0\0\0\0\x73\x12\x93\
\x1d\0\0\0\0\x71\x81\x61\x1d\0\0\0\0\x73\x12\x92\x1d\0\0\0\0\x71\x81\x60\x1d\0\
\0\0\0\x73\x12\x91\x1d\0\0\0\0\x71\x81\x5f\x1d\0\0\0\0\x73\x12\x90\x1d\0\0\0\0\
\x71\x81\x5e\x1d\0\0\0\0\x73\x12\x8f\x1d\0\0\0\0\x71\x81\x5d\x1d\0\0\0\0\x73\
\x12\x8e\x1d\0\0\0\0\x71\x81\x5c\x1d\0\0\0\0\x73\x12\x8d\x1d\0\0\0\0\x71\x81\
\x5b\x1d\0\0\0\0\x73\x12\x8c\x1d\0\0\0\0\x71\x81\x5a\x1d\0\0\0\0\x73\x12\x8b\
\x1d\0\0\0\0\x71\x81\x59\x1d\0\0\0\0\x73\x12\x8a\x1d\0\0\0\0\x71\x81\x58\x1d\0\
\0\0\0\x73\x12\x89\x1d\0\0\0\0\x71\x81\x57\x1d\0\0\0\0\x73\x12\x88\x1d\0\0\0\0\
\x71\x81\x56\x1d\0\0\0\0\x73\x12\x87\x1d\0\0\0\0\x71\x81\x55\x1d\0\0\0\0\x73\
\x12\x86\x1d\0\0\0\0\x71\x81\x54\x1d\0\0\0\0\x73\x12\x85\x1d\0\0\0\0\x71\x81\
\x53\x1d\0\0\0\0\x73\x12\x84\x1d\0\0\0\0\x71\x81\x52\x1d\0\0\0\0\x73\x12\x83\
\x1d\0\0\0\0\x71\x81\x51\x1d\0\0\0\0\x73\x12\x82\x1d\0\0\0\0\x71\x81\x50\x1d\0\
\0\0\0\x73\x12\x81\x1d\0\0\0\0\x71\x81\x4f\x1d\0\0\0\0\x73\x12\x80\x1d\0\0\0\0\
\x71\x81\x4e\x1d\0\0\0\0\x73\x12\x7f\x1d\0\0\0\0\x71\x81\x4d\x1d\0\0\0\0\x73\
\x12\x7e\x1d\0\0\0\0\x71\x81\x4c\x1d\0\0\0\0\x73\x12\x7d\x1d\0\0\0\0\x71\x81\
\x4b\x1d\0\0\0\0\x73\x12\x7c\x1d\0\0\0\0\x71\x81\x4a\x1d\0\0\0\0\x73\x12\x7b\
\x1d\0\0\0\0\x71\x81\x49\x1d\0\0\0\0\x73\x12\x7a\x1d\0\0\0\0\x71\x81\x48\x1d\0\
\0\0\0\x73\x12\x79\x1d\0\0\0\0\x71\x81\x47\x1d\0\0\0\0\x73\x12\x78\x1d\0\0\0\0\
\x71\x81\x46\x1d\0\0\0\0\x73\x12\x77\x1d\0\0\0\0\x71\x81\x45\x1d\0\0\0\0\x73\
\x12\x76\x1d\0\0\0\0\x71\x81\x44\x1d\0\0\0\0\x73\x12\x75\x1d\0\0\0\0\x71\x81\
\x43\x1d\0\0\0\0\x73\x12\x74\x1d\0\0\0\0\x71\x81\x42\x1d\0\0\0\0\x73\x12\x73\
\x1d\0\0\0\0\x71\x81\x41\x1d\0\0\0\0\x73\x12\x72\x1d\0\0\0\0\x71\x81\x40\x1d\0\
\0\0\0\x73\x12\x71\x1d\0\0\0\0\x71\x81\x3f\x1d\0\0\0\0\x73\x12\x70\x1d\0\0\0\0\
\x71\x81\x3e\x1d\0\0\0\0\x73\x12\x6f\x1d\0\0\0\0\x71\x81\x3d\x1d\0\0\0\0\x73\
\x12\x6e\x1d\0\0\0\0\x71\x81\x3c\x1d\0\0\0\0\x73\x12\x6d\x1d\0\0\0\0\x71\x81\
\x3b\x1d\0\0\0\0\x73\x12\x6c\x1d\0\0\0\0\x71\x81\x3a\x1d\0\0\0\0\x73\x12\x6b\
\x1d\0\0\0\0\x71\x81\x39\x1d\0\0\0\0\x73\x12\x6a\x1d\0\0\0\0\x71\x81\x38\x1d\0\
\0\0\0\x73\x12\x69\x1d\0\0\0\0\x71\x81\x37\x1d\0\0\0\0\x73\x12\x68\x1d\0\0\0\0\
\x71\x81\x36\x1d\0\0\0\0\x73\x12\x67\x1d\0\0\0\0\x71\x81\x35\x1d\0\0\0\0\x73\
\x12\x66\x1d\0\0\0\0\x71\x81\x34\x1d\0\0\0\0\x73\x12\x65\x1d\0\0\0\0\x71\x81\
\x33\x1d\0\0\0\0\x73\x12\x64\x1d\0\0\0\0\x71\x81\x32\x1d\0\0\0\0\x73\x12\x63\
\x1d\0\0\0\0\x71\x81\x31\x1d\0\0\0\0\x73\x12\x62\x1d\0\0\0\0\x71\x81\x30\x1d\0\
\0\0\0\x73\x12\x61\x1d\0\0\0\0\x71\x81\x2f\x1d\0\0\0\0\x73\x12\x60\x1d\0\0\0\0\
\x71\x81\x2e\x1d\0\0\0\0\x73\x12\x5f\x1d\0\0\0\0\x71\x81\x2d\x1d\0\0\0\0\x73\
\x12\x5e\x1d\0\0\0\0\x71\x81\x2c\x1d\0\0\0\0\x73\x12\x5d\x1d\0\0\0\0\x71\x81\
\x2b\x1d\0\0\0\0\x73\x12\x5c\x1d\0\0\0\0\x71\x81\x2a\x1d\0\0\0\0\x73\x12\x5b\
\x1d\0\0\0\0\x71\x81\x29\x1d\0\0\0\0\x73\x12\x5a\x1d\0\0\0\0\x71\x81\x28\x1d\0\
\0\0\0\x73\x12\x59\x1d\0\0\0\0\x71\x81\x27\x1d\0\0\0\0\x73\x12\x58\x1d\0\0\0\0\
\x71\x81\x26\x1d\0\0\0\0\x73\x12\x57\x1d\0\0\0\0\x71\x81\x25\x1d\0\0\0\0\x73\
\x12\x56\x1d\0\0\0\0\x71\x81\x24\x1d\0\0\0\0\x73\x12\x55\x1d\0\0\0\0\x71\x81\
\x23\x1d\0\0\0\0\x73\x12\x54\x1d\0\0\0\0\x71\x81\x22\x1d\0\0\0\0\x73\x12\x53\
\x1d\0\0\0\0\x71\x81\x21\x1d\0\0\0\0\x73\x12\x52\x1d\0\0\0\0\x71\x81\x20\x1d\0\
\0\0\0\x73\x12\x51\x1d\0\0\0\0\x71\x81\x1f\x1d\0\0\0\0\x73\x12\x50\x1d\0\0\0\0\
\x71\x81\x1e\x1d\0\0\0\0\x73\x12\x4f\x1d\0\0\0\0\x71\x81\x1d\x1d\0\0\0\0\x73\
\x12\x4e\x1d\0\0\0\0\x71\x81\x1c\x1d\0\0\0\0\x73\x12\x4d\x1d\0\0\0\0\x71\x81\
\x1b\x1d\0\0\0\0\x73\x12\x4c\x1d\0\0\0\0\x71\x81\x1a\x1d\0\0\0\0\x73\x12\x4b\
\x1d\0\0\0\0\x71\x81\x19\x1d\0\0\0\0\x73\x12\x4a\x1d\0\0\0\0\x71\x81\x18\x1d\0\
\0\0\0\x73\x12\x49\x1d\0\0\0\0\x71\x81\x17\x1d\0\0\0\0\x73\x12\x48\x1d\0\0\0\0\
\x71\x81\x16\x1d\0\0\0\0\x73\x12\x47\x1d\0\0\0\0\x71\x81\x15\x1d\0\0\0\0\x73\
\x12\x46\x1d\0\0\0\0\x71\x81\x14\x1d\0\0\0\0\x73\x12\x45\x1d\0\0\0\0\x71\x81\
\x13\x1d\0\0\0\0\x73\x12\x44\x1d\0\0\0\0\x71\x81\x12\x1d\0\0\0\0\x73\x12\x43\
\x1d\0\0\0\0\x71\x81\x11\x1d\0\0\0\0\x73\x12\x42\x1d\0\0\0\0\x71\x81\x10\x1d\0\
\0\0\0\x73\x12\x41\x1d\0\0\0\0\x71\x81\x0f\x1d\0\0\0\0\x73\x12\x40\x1d\0\0\0\0\
\x71\x81\x0e\x1d\0\0\0\0\x73\x12\x3f\x1d\0\0\0\0\x71\x81\x0d\x1d\0\0\0\0\x73\
\x12\x3e\x1d\0\0\0\0\x71\x81\x0c\x1d\0\0\0\0\x73\x12\x3d\x1d\0\0\0\0\x71\x81\
\x0b\x1d\0\0\0\0\x73\x12\x3c\x1d\0\0\0\0\x71\x81\x0a\x1d\0\0\0\0\x73\x12\x3b\
\x1d\0\0\0\0\x71\x81\x09\x1d\0\0\0\0\x73\x12\x3a\x1d\0\0\0\0\x71\x81\x08\x1d\0\
\0\0\0\x73\x12\x39\x1d\0\0\0\0\x71\x81\x07\x1d\0\0\0\0\x73\x12\x38\x1d\0\0\0\0\
\x71\x81\x06\x1d\0\0\0\0\x73\x12\x37\x1d\0\0\0\0\x71\x81\x05\x1d\0\0\0\0\x73\
\x12\x36\x1d\0\0\0\0\x71\x81\x04\x1d\0\0\0\0\x73\x12\x35\x1d\0\0\0\0\x71\x81\
\x03\x1d\0\0\0\0\x73\x12\x34\x1d\0\0\0\0\x71\x81\x02\x1d\0\0\0\0\x73\x12\x33\
\x1d\0\0\0\0\x71\x81\x01\x1d\0\0\0\0\x73\x12\x32\x1d\0\0\0\0\x71\x81\0\x1d\0\0\
\0\0\x73\x12\x31\x1d\0\0\0\0\xa6\x04\x18\x0a\x01\x1e\0\0\xbf\x81\0\0\0\0\0\0\
\x07\x01\0\0\0\x1f\0\0\x2d\x51\x15\x0a\0\0\0\0\x71\x81\xff\x1e\0\0\0\0\x79\xa2\
\xb0\xff\0\0\0\0\x73\x12\x30\x1f\0\0\0\0\x71\x81\xfe\x1e\0\0\0\0\x73\x12\x2f\
\x1f\0\0\0\0\x71\x81\xfd\x1e\0\0\0\0\x73\x12\x2e\x1f\0\0\0\0\x71\x81\xfc\x1e\0\
\0\0\0\x73\x12\x2d\x1f\0\0\0\0\x71\x81\xfb\x1e\0\0\0\0\x73\x12\x2c\x1f\0\0\0\0\
\x71\x81\xfa\x1e\0\0\0\0\x73\x12\x2b\x1f\0\0\0\0\x71\x81\xf9\x1e\0\0\0\0\x73\
\x12\x2a\x1f\0\0\0\0\x71\x81\xf8\x1e\0\0\0\0\x73\x12\x29\x1f\0\0\0\0\x71\x81\
\xf7\x1e\0\0\0\0\x73\x12\x28\x1f\0\0\0\0\x71\x81\xf6\x1e\0\0\0\0\x73\x12\x27\
\x1f\0\0\0\0\x71\x81\xf5\x1e\0\0\0\0\x73\x12\x26\x1f\0\0\0\0\x71\x81\xf4\x1e\0\
\0\0\0\x73\x12\x25\x1f\0\0\0\0\x71\x81\xf3\x1e\0\0\0\0\x73\x12\x24\x1f\0\0\0\0\
\x71\x81\xf2\x1e\0\0\0\0\x73\x12\x23\x1f\0\0\0\0\x71\x81\xf1\x1e\0\0\0\0\x73\
\x12\x22\x1f\0\0\0\0\x71\x81\xf0\x1e\0\0\0\0\x73\x12\x21\x1f\0\0\0\0\x71\x81\
\xef\x1e\0\0\0\0\x73\x12\x20\x1f\0\0\0\0\x71\x81\xee\x1e\0\0\0\0\x73\x12\x1f\
\x1f\0\0\0\0\x71\x81\xed\x1e\0\0\0\0\x73\x12\x1e\x1f\0\0\0\0\x71\x81\xec\x1e\0\
\0\0\0\x73\x12\x1d\x1f\0\0\0\0\x71\x81\xeb\x1e\0\0\0\0\x73\x12\x1c\x1f\0\0\0\0\
\x71\x81\xea\x1e\0\0\0\0\x73\x12\x1b\x1f\0\0\0\0\x71\x81\xe9\x1e\0\0\0\0\x73\
\x12\x1a\x1f\0\0\0\0\x71\x81\xe8\x1e\0\0\0\0\x73\x12\x19\x1f\0\0\0\0\x71\x81\
\xe7\x1e\0\0\0\0\x73\x12\x18\x1f\0\0\0\0\x71\x81\xe6\x1e\0\0\0\0\x73\x12\x17\
\x1f\0\0\0\0\x71\x81\xe5\x1e\0\0\0\0\x73\x12\x16\x1f\0\0\0\0\x71\x81\xe4\x1e\0\
\0\0\0\x73\x12\x15\x1f\0\0\0\0\x71\x81\xe3\x1e\0\0\0\0\x73\x12\x14\x1f\0\0\0\0\
\x71\x81\xe2\x1e\0\0\0\0\x73\x12\x13\x1f\0\0\0\0\x71\x81\xe1\x1e\0\0\0\0\x73\
\x12\x12\x1f\0\0\0\0\x71\x81\xe0\x1e\0\0\0\0\x73\x12\x11\x1f\0\0\0\0\x71\x81\
\xdf\x1e\0\0\0\0\x73\x12\x10\x1f\0\0\0\0\x71\x81\xde\x1e\0\0\0\0\x73\x12\x0f\
\x1f\0\0\0\0\x71\x81\xdd\x1e\0\0\0\0\x73\x12\x0e\x1f\0\0\0\0\x71\x81\xdc\x1e\0\
\0\0\0\x73\x12\x0d\x1f\0\0\0\0\x71\x81\xdb\x1e\0\0\0\0\x73\x12\x0c\x1f\0\0\0\0\
\x71\x81\xda\x1e\0\0\0\0\x73\x12\x0b\x1f\0\0\0\0\x71\x81\xd9\x1e\0\0\0\0\x73\
\x12\x0a\x1f\0\0\0\0\x71\x81\xd8\x1e\0\0\0\0\x73\x12\x09\x1f\0\0\0\0\x71\x81\
\xd7\x1e\0\0\0\0\x73\x12\x08\x1f\0\0\0\0\x71\x81\xd6\x1e\0\0\0\0\x73\x12\x07\
\x1f\0\0\0\0\x71\x81\xd5\x1e\0\0\0\0\x73\x12\x06\x1f\0\0\0\0\x71\x81\xd4\x1e\0\
\0\0\0\x73\x12\x05\x1f\0\0\0\0\x71\x81\xd3\x1e\0\0\0\0\x73\x12\x04\x1f\0\0\0\0\
\x71\x81\xd2\x1e\0\0\0\0\x73\x12\x03\x1f\0\0\0\0\x71\x81\xd1\x1e\0\0\0\0\x73\
\x12\x02\x1f\0\0\0\0\x71\x81\xd0\x1e\0\0\0\0\x73\x12\x01\x1f\0\0\0\0\x71\x81\
\xcf\x1e\0\0\0\0\x73\x12\0\x1f\0\0\0\0\x71\x81\xce\x1e\0\0\0\0\x73\x12\xff\x1e\
\0\0\0\0\x71\x81\xcd\x1e\0\0\0\0\x73\x12\xfe\x1e\0\0\0\0\x71\x81\xcc\x1e\0\0\0\
\0\x73\x12\xfd\x1e\0\0\0\0\x71\x81\xcb\x1e\0\0\0\0\x73\x12\xfc\x1e\0\0\0\0\x71\
\x81\xca\x1e\0\0\0\0\x73\x12\xfb\x1e\0\0\0\0\x71\x81\xc9\x1e\0\0\0\0\x73\x12\
\xfa\x1e\0\0\0\0\x71\x81\xc8\x1e\0\0\0\0\x73\x12\xf9\x1e\0\0\0\0\x71\x81\xc7\
\x1e\0\0\0\0\x73\x12\xf8\x1e\0\0\0\0\x71\x81\xc6\x1e\0\0\0\0\x73\x12\xf7\x1e\0\
\0\0\0\x71\x81\xc5\x1e\0\0\0\0\x73\x12\xf6\x1e\0\0\0\0\x71\x81\xc4\x1e\0\0\0\0\
\x73\x12\xf5\x1e\0\0\0\0\x71\x81\xc3\x1e\0\0\0\0\x73\x12\xf4\x1e\0\0\0\0\x71\
\x81\xc2\x1e\0\0\0\0\x73\x12\xf3\x1e\0\0\0\0\x71\x81\xc1\x1e\0\0\0\0\x73\x12\
\xf2\x1e\0\0\0\0\x71\x81\xc0\x1e\0\0\0\0\x73\x12\xf1\x1e\0\0\0\0\x71\x81\xbf\
\x1e\0\0\0\0\x73\x12\xf0\x1e\0\0\0\0\x71\x81\xbe\x1e\0\0\0\0\x73\x12\xef\x1e\0\
\0\0\0\x71\x81\xbd\x1e\0\0\0\0\x73\x12\xee\x1e\0\0\0\0\x71\x81\xbc\x1e\0\0\0\0\
\x73\x12\xed\x1e\0\0\0\0\x71\x81\xbb\x1e\0\0\0\0\x73\x12\xec\x1e\0\0\0\0\x71\
\x81\xba\x1e\0\0\0\0\x73\x12\xeb\x1e\0\0\0\0\x71\x81\xb9\x1e\0\0\0\0\x73\x12\
\xea\x1e\0\0\0\0\x71\x81\xb8\x1e\0\0\0\0\x73\x12\xe9\x1e\0\0\0\0\x71\x81\xb7\
\x1e\0\0\0\0\x73\x12\xe8\x1e\0\0\0\0\x71\x81\xb6\x1e\0\0\0\0\x73\x12\xe7\x1e\0\
\0\0\0\x71\x81\xb5\x1e\0\0\0\0\x73\x12\xe6\x1e\0\0\0\0\x71\x81\xb4\x1e\0\0\0\0\
\x73\x12\xe5\x1e\0\0\0\0\x71\x81\xb3\x1e\0\0\0\0\x73\x12\xe4\x1e\0\0\0\0\x71\
\x81\xb2\x1e\0\0\0\0\x73\x12\xe3\x1e\0\0\0\0\x71\x81\xb1\x1e\0\0\0\0\x73\x12\
\xe2\x1e\0\0\0\0\x71\x81\xb0\x1e\0\0\0\0\x73\x12\xe1\x1e\0\0\0\0\x71\x81\xaf\
\x1e\0\0\0\0\x73\x12\xe0\x1e\0\0\0\0\x71\x81\xae\x1e\0\0\0\0\x73\x12\xdf\x1e\0\
\0\0\0\x71\x81\xad\x1e\0\0\0\0\x73\x12\xde\x1e\0\0\0\0\x71\x81\xac\x1e\0\0\0\0\
\x73\x12\xdd\x1e\0\0\0\0\x71\x81\xab\x1e\0\0\0\0\x73\x12\xdc\x1e\0\0\0\0\x71\
\x81\xaa\x1e\0\0\0\0\x73\x12\xdb\x1e\0\0\0\0\x71\x81\xa9\x1e\0\0\0\0\x73\x12\
\xda\x1e\0\0\0\0\x71\x81\xa8\x1e\0\0\0\0\x73\x12\xd9\x1e\0\0\0\0\x71\x81\xa7\
\x1e\0\0\0\0\x73\x12\xd8\x1e\0\0\0\0\x71\x81\xa6\x1e\0\0\0\0\x73\x12\xd7\x1e\0\
\0\0\0\x71\x81\xa5\x1e\0\0\0\0\x73\x12\xd6\x1e\0\0\0\0\x71\x81\xa4\x1e\0\0\0\0\
\x73\x12\xd5\x1e\0\0\0\0\x71\x81\xa3\x1e\0\0\0\0\x73\x12\xd4\x1e\0\0\0\0\x71\
\x81\xa2\x1e\0\0\0\0\x73\x12\xd3\x1e\0\0\0\0\x71\x81\xa1\x1e\0\0\0\0\x73\x12\
\xd2\x1e\0\0\0\0\x71\x81\xa0\x1e\0\0\0\0\x73\x12\xd1\x1e\0\0\0\0\x71\x81\x9f\
\x1e\0\0\0\0\x73\x12\xd0\x1e\0\0\0\0\x71\x81\x9e\x1e\0\0\0\0\x73\x12\xcf\x1e\0\
\0\0\0\x71\x81\x9d\x1e\0\0\0\0\x73\x12\xce\x1e\0\0\0\0\x71\x81\x9c\x1e\0\0\0\0\
\x73\x12\xcd\x1e\0\0\0\0\x71\x81\x9b\x1e\0\0\0\0\x73\x12\xcc\x1e\0\0\0\0\x71\
\x81\x9a\x1e\0\0\0\0\x73\x12\xcb\x1e\0\0\0\0\x71\x81\x99\x1e\0\0\0\0\x73\x12\
\xca\x1e\0\0\0\0\x71\x81\x98\x1e\0\0\0\0\x73\x12\xc9\x1e\0\0\0\0\x71\x81\x97\
\x1e\0\0\0\0\x73\x12\xc8\x1e\0\0\0\0\x71\x81\x96\x1e\0\0\0\0\x73\x12\xc7\x1e\0\
\0\0\0\x71\x81\x95\x1e\0\0\0\0\x73\x12\xc6\x1e\0\0\0\0\x71\x81\x94\x1e\0\0\0\0\
\x73\x12\xc5\x1e\0\0\0\0\x71\x81\x93\x1e\0\0\0\0\x73\x12\xc4\x1e\0\0\0\0\x71\
\x81\x92\x1e\0\0\0\0\x73\x12\xc3\x1e\0\0\0\0\x71\x81\x91\x1e\0\0\0\0\x73\x12\
\xc2\x1e\0\0\0\0\x71\x81\x90\x1e\0\0\0\0\x73\x12\xc1\x1e\0\0\0\0\x71\x81\x8f\
\x1e\0\0\0\0\x73\x12\xc0\x1e\0\0\0\0\x71\x81\x8e\x1e\0\0\0\0\x73\x12\xbf\x1e\0\
\0\0\0\x71\x81\x8d\x1e\0\0\0\0\x73\x12\xbe\x1e\0\0\0\0\x71\x81\x8c\x1e\0\0\0\0\
\x73\x12\xbd\x1e\0\0\0\0\x71\x81\x8b\x1e\0\0\0\0\x73\x12\xbc\x1e\0\0\0\0\x71\
\x81\x8a\x1e\0\0\0\0\x73\x12\xbb\x1e\0\0\0\0\x71\x81\x89\x1e\0\0\0\0\x73\x12\
\xba\x1e\0\0\0\0\x71\x81\x88\x1e\0\0\0\0\x73\x12\xb9\x1e\0\0\0\0\x71\x81\x87\
\x1e\0\0\0\0\x73\x12\xb8\x1e\0\0\0\0\x71\x81\x86\x1e\0\0\0\0\x73\x12\xb7\x1e\0\
\0\0\0\x71\x81\x85\x1e\0\0\0\0\x73\x12\xb6\x1e\0\0\0\0\x71\x81\x84\x1e\0\0\0\0\
\x73\x12\xb5\x1e\0\0\0\0\x71\x81\x83\x1e\0\0\0\0\x73\x12\xb4\x1e\0\0\0\0\x71\
\x81\x82\x1e\0\0\0\0\x73\x12\xb3\x1e\0\0\0\0\x71\x81\x81\x1e\0\0\0\0\x73\x12\
\xb2\x1e\0\0\0\0\x71\x81\x80\x1e\0\0\0\0\x73\x12\xb1\x1e\0\0\0\0\x71\x81\x7f\
\x1e\0\0\0\0\x73\x12\xb0\x1e\0\0\0\0\x71\x81\x7e\x1e\0\0\0\0\x73\x12\xaf\x1e\0\
\0\0\0\x71\x81\x7d\x1e\0\0\0\0\x73\x12\xae\x1e\0\0\0\0\x71\x81\x7c\x1e\0\0\0\0\
\x73\x12\xad\x1e\0\0\0\0\x71\x81\x7b\x1e\0\0\0\0\x73\x12\xac\x1e\0\0\0\0\x71\
\x81\x7a\x1e\0\0\0\0\x73\x12\xab\x1e\0\0\0\0\x71\x81\x79\x1e\0\0\0\0\x73\x12\
\xaa\x1e\0\0\0\0\x71\x81\x78\x1e\0\0\0\0\x73\x12\xa9\x1e\0\0\0\0\x71\x81\x77\
\x1e\0\0\0\0\x73\x12\xa8\x1e\0\0\0\0\x71\x81\x76\x1e\0\0\0\0\x73\x12\xa7\x1e\0\
\0\0\0\x71\x81\x75\x1e\0\0\0\0\x73\x12\xa6\x1e\0\0\0\0\x71\x81\x74\x1e\0\0\0\0\
\x73\x12\xa5\x1e\0\0\0\0\x71\x81\x73\x1e\0\0\0\0\x73\x12\xa4\x1e\0\0\0\0\x71\
\x81\x72\x1e\0\0\0\0\x73\x12\xa3\x1e\0\0\0\0\x71\x81\x71\x1e\0\0\0\0\x73\x12\
\xa2\x1e\0\0\0\0\x71\x81\x70\x1e\0\0\0\0\x73\x12\xa1\x1e\0\0\0\0\x71\x81\x6f\
\x1e\0\0\0\0\x73\x12\xa0\x1e\0\0\0\0\x71\x81\x6e\x1e\0\0\0\0\x73\x12\x9f\x1e\0\
\0\0\0\x71\x81\x6d\x1e\0\0\0\0\x73\x12\x9e\x1e\0\0\0\0\x71\x81\x6c\x1e\0\0\0\0\
\x73\x12\x9d\x1e\0\0\0\0\x71\x81\x6b\x1e\0\0\0\0\x73\x12\x9c\x1e\0\0\0\0\x71\
\x81\x6a\x1e\0\0\0\0\x73\x12\x9b\x1e\0\0\0\0\x71\x81\x69\x1e\0\0\0\0\x73\x12\
\x9a\x1e\0\0\0\0\x71\x81\x68\x1e\0\0\0\0\x73\x12\x99\x1e\0\0\0\0\x71\x81\x67\
\x1e\0\0\0\0\x73\x12\x98\x1e\0\0\0\0\x71\x81\x66\x1e\0\0\0\0\x73\x12\x97\x1e\0\
\0\0\0\x71\x81\x65\x1e\0\0\0\0\x73\x12\x96\x1e\0\0\0\0\x71\x81\x64\x1e\0\0\0\0\
\x73\x12\x95\x1e\0\0\0\0\x71\x81\x63\x1e\0\0\0\0\x73\x12\x94\x1e\0\0\0\0\x71\
\x81\x62\x1e\0\0\0\0\x73\x12\x93\x1e\0\0\0\0\x71\x81\x61\x1e\0\0\0\0\x73\x12\
\x92\x1e\0\0\0\0\x71\x81\x60\x1e\0\0\0\0\x73\x12\x91\x1e\0\0\0\0\x71\x81\x5f\
\x1e\0\0\0\0\x73\x12\x90\x1e\0\0\0\0\x71\x81\x5e\x1e\0\0\0\0\x73\x12\x8f\x1e\0\
\0\0\0\x71\x81\x5d\x1e\0\0\0\0\x73\x12\x8e\x1e\0\0\0\0\x71\x81\x5c\x1e\0\0\0\0\
\x73\x12\x8d\x1e\0\0\0\0\x71\x81\x5b\x1e\0\0\0\0\x73\x12\x8c\x1e\0\0\0\0\x71\
\x81\x5a\x1e\0\0\0\0\x73\x12\x8b\x1e\0\0\0\0\x71\x81\x59\x1e\0\0\0\0\x73\x12\
\x8a\x1e\0\0\0\0\x71\x81\x58\x1e\0\0\0\0\x73\x12\x89\x1e\0\0\0\0\x71\x81\x57\
\x1e\0\0\0\0\x73\x12\x88\x1e\0\0\0\0\x71\x81\x56\x1e\0\0\0\0\x73\x12\x87\x1e\0\
\0\0\0\x71\x81\x55\x1e\0\0\0\0\x73\x12\x86\x1e\0\0\0\0\x71\x81\x54\x1e\0\0\0\0\
\x73\x12\x85\x1e\0\0\0\0\x71\x81\x53\x1e\0\0\0\0\x73\x12\x84\x1e\0\0\0\0\x71\
\x81\x52\x1e\0\0\0\0\x73\x12\x83\x1e\0\0\0\0\x71\x81\x51\x1e\0\0\0\0\x73\x12\
\x82\x1e\0\0\0\0\x71\x81\x50\x1e\0\0\0\0\x73\x12\x81\x1e\0\0\0\0\x71\x81\x4f\
\x1e\0\0\0\0\x73\x12\x80\x1e\0\0\0\0\x71\x81\x4e\x1e\0\0\0\0\x73\x12\x7f\x1e\0\
\0\0\0\x71\x81\x4d\x1e\0\0\0\0\x73\x12\x7e\x1e\0\0\0\0\x71\x81\x4c\x1e\0\0\0\0\
\x73\x12\x7d\x1e\0\0\0\0\x71\x81\x4b\x1e\0\0\0\0\x73\x12\x7c\x1e\0\0\0\0\x71\
\x81\x4a\x1e\0\0\0\0\x73\x12\x7b\x1e\0\0\0\0\x71\x81\x49\x1e\0\0\0\0\x73\x12\
\x7a\x1e\0\0\0\0\x71\x81\x48\x1e\0\0\0\0\x73\x12\x79\x1e\0\0\0\0\x71\x81\x47\
\x1e\0\0\0\0\x73\x12\x78\x1e\0\0\0\0\x71\x81\x46\x1e\0\0\0\0\x73\x12\x77\x1e\0\
\0\0\0\x71\x81\x45\x1e\0\0\0\0\x73\x12\x76\x1e\0\0\0\0\x71\x81\x44\x1e\0\0\0\0\
\x73\x12\x75\x1e\0\0\0\0\x71\x81\x43\x1e\0\0\0\0\x73\x12\x74\x1e\0\0\0\0\x71\
\x81\x42\x1e\0\0\0\0\x73\x12\x73\x1e\0\0\0\0\x71\x81\x41\x1e\0\0\0\0\x73\x12\
\x72\x1e\0\0\0\0\x71\x81\x40\x1e\0\0\0\0\x73\x12\x71\x1e\0\0\0\0\x71\x81\x3f\
\x1e\0\0\0\0\x73\x12\x70\x1e\0\0\0\0\x71\x81\x3e\x1e\0\0\0\0\x73\x12\x6f\x1e\0\
\0\0\0\x71\x81\x3d\x1e\0\0\0\0\x73\x12\x6e\x1e\0\0\0\0\x71\x81\x3c\x1e\0\0\0\0\
\x73\x12\x6d\x1e\0\0\0\0\x71\x81\x3b\x1e\0\0\0\0\x73\x12\x6c\x1e\0\0\0\0\x71\
\x81\x3a\x1e\0\0\0\0\x73\x12\x6b\x1e\0\0\0\0\x71\x81\x39\x1e\0\0\0\0\x73\x12\
\x6a\x1e\0\0\0\0\x71\x81\x38\x1e\0\0\0\0\x73\x12\x69\x1e\0\0\0\0\x71\x81\x37\
\x1e\0\0\0\0\x73\x12\x68\x1e\0\0\0\0\x71\x81\x36\x1e\0\0\0\0\x73\x12\x67\x1e\0\
\0\0\0\x71\x81\x35\x1e\0\0\0\0\x73\x12\x66\x1e\0\0\0\0\x71\x81\x34\x1e\0\0\0\0\
\x73\x12\x65\x1e\0\0\0\0\x71\x81\x33\x1e\0\0\0\0\x73\x12\x64\x1e\0\0\0\0\x71\
\x81\x32\x1e\0\0\0\0\x73\x12\x63\x1e\0\0\0\0\x71\x81\x31\x1e\0\0\0\0\x73\x12\
\x62\x1e\0\0\0\0\x71\x81\x30\x1e\0\0\0\0\x73\x12\x61\x1e\0\0\0\0\x71\x81\x2f\
\x1e\0\0\0\0\x73\x12\x60\x1e\0\0\0\0\x71\x81\x2e\x1e\0\0\0\0\x73\x12\x5f\x1e\0\
\0\0\0\x71\x81\x2d\x1e\0\0\0\0\x73\x12\x5e\x1e\0\0\0\0\x71\x81\x2c\x1e\0\0\0\0\
\x73\x12\x5d\x1e\0\0\0\0\x71\x81\x2b\x1e\0\0\0\0\x73\x12\x5c\x1e\0\0\0\0\x71\
\x81\x2a\x1e\0\0\0\0\x73\x12\x5b\x1e\0\0\0\0\x71\x81\x29\x1e\0\0\0\0\x73\x12\
\x5a\x1e\0\0\0\0\x71\x81\x28\x1e\0\0\0\0\x73\x12\x59\x1e\0\0\0\0\x71\x81\x27\
\x1e\0\0\0\0\x73\x12\x58\x1e\0\0\0\0\x71\x81\x26\x1e\0\0\0\0\x73\x12\x57\x1e\0\
\0\0\0\x71\x81\x25\x1e\0\0\0\0\x73\x12\x56\x1e\0\0\0\0\x71\x81\x24\x1e\0\0\0\0\
\x73\x12\x55\x1e\0\0\0\0\x71\x81\x23\x1e\0\0\0\0\x73\x12\x54\x1e\0\0\0\0\x71\
\x81\x22\x1e\0\0\0\0\x73\x12\x53\x1e\0\0\0\0\x71\x81\x21\x1e\0\0\0\0\x73\x12\
\x52\x1e\0\0\0\0\x71\x81\x20\x1e\0\0\0\0\x73\x12\x51\x1e\0\0\0\0\x71\x81\x1f\
\x1e\0\0\0\0\x73\x12\x50\x1e\0\0\0\0\x71\x81\x1e\x1e\0\0\0\0\x73\x12\x4f\x1e\0\
\0\0\0\x71\x81\x1d\x1e\0\0\0\0\x73\x12\x4e\x1e\0\0\0\0\x71\x81\x1c\x1e\0\0\0\0\
\x73\x12\x4d\x1e\0\0\0\0\x71\x81\x1b\x1e\0\0\0\0\x73\x12\x4c\x1e\0\0\0\0\x71\
\x81\x1a\x1e\0\0\0\0\x73\x12\x4b\x1e\0\0\0\0\x71\x81\x19\x1e\0\0\0\0\x73\x12\
\x4a\x1e\0\0\0\0\x71\x81\x18\x1e\0\0\0\0\x73\x12\x49\x1e\0\0\0\0\x71\x81\x17\
\x1e\0\0\0\0\x73\x12\x48\x1e\0\0\0\0\x71\x81\x16\x1e\0\0\0\0\x73\x12\x47\x1e\0\
\0\0\0\x71\x81\x15\x1e\0\0\0\0\x73\x12\x46\x1e\0\0\0\0\x71\x81\x14\x1e\0\0\0\0\
\x73\x12\x45\x1e\0\0\0\0\x71\x81\x13\x1e\0\0\0\0\x73\x12\x44\x1e\0\0\0\0\x71\
\x81\x12\x1e\0\0\0\0\x73\x12\x43\x1e\0\0\0\0\x71\x81\x11\x1e\0\0\0\0\x73\x12\
\x42\x1e\0\0\0\0\x71\x81\x10\x1e\0\0\0\0\x73\x12\x41\x1e\0\0\0\0\x71\x81\x0f\
\x1e\0\0\0\0\x73\x12\x40\x1e\0\0\0\0\x71\x81\x0e\x1e\0\0\0\0\x73\x12\x3f\x1e\0\
\0\0\0\x71\x81\x0d\x1e\0\0\0\0\x73\x12\x3e\x1e\0\0\0\0\x71\x81\x0c\x1e\0\0\0\0\
\x73\x12\x3d\x1e\0\0\0\0\x71\x81\x0b\x1e\0\0\0\0\x73\x12\x3c\x1e\0\0\0\0\x71\
\x81\x0a\x1e\0\0\0\0\x73\x12\x3b\x1e\0\0\0\0\x71\x81\x09\x1e\0\0\0\0\x73\x12\
\x3a\x1e\0\0\0\0\x71\x81\x08\x1e\0\0\0\0\x73\x12\x39\x1e\0\0\0\0\x71\x81\x07\
\x1e\0\0\0\0\x73\x12\x38\x1e\0\0\0\0\x71\x81\x06\x1e\0\0\0\0\x73\x12\x37\x1e\0\
\0\0\0\x71\x81\x05\x1e\0\0\0\0\x73\x12\x36\x1e\0\0\0\0\x71\x81\x04\x1e\0\0\0\0\
\x73\x12\x35\x1e\0\0\0\0\x71\x81\x03\x1e\0\0\0\0\x73\x12\x34\x1e\0\0\0\0\x71\
\x81\x02\x1e\0\0\0\0\x73\x12\x33\x1e\0\0\0\0\x71\x81\x01\x1e\0\0\0\0\x73\x12\
\x32\x1e\0\0\0\0\x71\x81\0\x1e\0\0\0\0\x73\x12\x31\x1e\0\0\0\0\xa6\x04\x13\x08\
\x01\x1f\0\0\xbf\x81\0\0\0\0\0\0\x07\x01\0\0\0\x20\0\0\x2d\x51\x10\x08\0\0\0\0\
\x71\x81\xff\x1f\0\0\0\0\x79\xa2\xb0\xff\0\0\0\0\x73\x12\x30\x20\0\0\0\0\x71\
\x81\xfe\x1f\0\0\0\0\x73\x12\x2f\x20\0\0\0\0\x71\x81\xfd\x1f\0\0\0\0\x73\x12\
\x2e\x20\0\0\0\0\x71\x81\xfc\x1f\0\0\0\0\x73\x12\x2d\x20\0\0\0\0\x71\x81\xfb\
\x1f\0\0\0\0\x73\x12\x2c\x20\0\0\0\0\x71\x81\xfa\x1f\0\0\0\0\x73\x12\x2b\x20\0\
\0\0\0\x71\x81\xf9\x1f\0\0\0\0\x73\x12\x2a\x20\0\0\0\0\x71\x81\xf8\x1f\0\0\0\0\
\x73\x12\x29\x20\0\0\0\0\x71\x81\xf7\x1f\0\0\0\0\x73\x12\x28\x20\0\0\0\0\x71\
\x81\xf6\x1f\0\0\0\0\x73\x12\x27\x20\0\0\0\0\x71\x81\xf5\x1f\0\0\0\0\x73\x12\
\x26\x20\0\0\0\0\x71\x81\xf4\x1f\0\0\0\0\x73\x12\x25\x20\0\0\0\0\x71\x81\xf3\
\x1f\0\0\0\0\x73\x12\x24\x20\0\0\0\0\x71\x81\xf2\x1f\0\0\0\0\x73\x12\x23\x20\0\
\0\0\0\x71\x81\xf1\x1f\0\0\0\0\x73\x12\x22\x20\0\0\0\0\x71\x81\xf0\x1f\0\0\0\0\
\x73\x12\x21\x20\0\0\0\0\x71\x81\xef\x1f\0\0\0\0\x73\x12\x20\x20\0\0\0\0\x71\
\x81\xee\x1f\0\0\0\0\x73\x12\x1f\x20\0\0\0\0\x71\x81\xed\x1f\0\0\0\0\x73\x12\
\x1e\x20\0\0\0\0\x71\x81\xec\x1f\0\0\0\0\x73\x12\x1d\x20\0\0\0\0\x71\x81\xeb\
\x1f\0\0\0\0\x73\x12\x1c\x20\0\0\0\0\x71\x81\xea\x1f\0\0\0\0\x73\x12\x1b\x20\0\
\0\0\0\x71\x81\xe9\x1f\0\0\0\0\x73\x12\x1a\x20\0\0\0\0\x71\x81\xe8\x1f\0\0\0\0\
\x73\x12\x19\x20\0\0\0\0\x71\x81\xe7\x1f\0\0\0\0\x73\x12\x18\x20\0\0\0\0\x71\
\x81\xe6\x1f\0\0\0\0\x73\x12\x17\x20\0\0\0\0\x71\x81\xe5\x1f\0\0\0\0\x73\x12\
\x16\x20\0\0\0\0\x71\x81\xe4\x1f\0\0\0\0\x73\x12\x15\x20\0\0\0\0\x71\x81\xe3\
\x1f\0\0\0\0\x73\x12\x14\x20\0\0\0\0\x71\x81\xe2\x1f\0\0\0\0\x73\x12\x13\x20\0\
\0\0\0\x71\x81\xe1\x1f\0\0\0\0\x73\x12\x12\x20\0\0\0\0\x71\x81\xe0\x1f\0\0\0\0\
\x73\x12\x11\x20\0\0\0\0\x71\x81\xdf\x1f\0\0\0\0\x73\x12\x10\x20\0\0\0\0\x71\
\x81\xde\x1f\0\0\0\0\x73\x12\x0f\x20\0\0\0\0\x71\x81\xdd\x1f\0\0\0\0\x73\x12\
\x0e\x20\0\0\0\0\x71\x81\xdc\x1f\0\0\0\0\x73\x12\x0d\x20\0\0\0\0\x71\x81\xdb\
\x1f\0\0\0\0\x73\x12\x0c\x20\0\0\0\0\x71\x81\xda\x1f\0\0\0\0\x73\x12\x0b\x20\0\
\0\0\0\x71\x81\xd9\x1f\0\0\0\0\x73\x12\x0a\x20\0\0\0\0\x71\x81\xd8\x1f\0\0\0\0\
\x73\x12\x09\x20\0\0\0\0\x71\x81\xd7\x1f\0\0\0\0\x73\x12\x08\x20\0\0\0\0\x71\
\x81\xd6\x1f\0\0\0\0\x73\x12\x07\x20\0\0\0\0\x71\x81\xd5\x1f\0\0\0\0\x73\x12\
\x06\x20\0\0\0\0\x71\x81\xd4\x1f\0\0\0\0\x73\x12\x05\x20\0\0\0\0\x71\x81\xd3\
\x1f\0\0\0\0\x73\x12\x04\x20\0\0\0\0\x71\x81\xd2\x1f\0\0\0\0\x73\x12\x03\x20\0\
\0\0\0\x71\x81\xd1\x1f\0\0\0\0\x73\x12\x02\x20\0\0\0\0\x71\x81\xd0\x1f\0\0\0\0\
\x73\x12\x01\x20\0\0\0\0\x71\x81\xcf\x1f\0\0\0\0\x73\x12\0\x20\0\0\0\0\x71\x81\
\xce\x1f\0\0\0\0\x73\x12\xff\x1f\0\0\0\0\x71\x81\xcd\x1f\0\0\0\0\x73\x12\xfe\
\x1f\0\0\0\0\x71\x81\xcc\x1f\0\0\0\0\x73\x12\xfd\x1f\0\0\0\0\x71\x81\xcb\x1f\0\
\0\0\0\x73\x12\xfc\x1f\0\0\0\0\x71\x81\xca\x1f\0\0\0\0\x73\x12\xfb\x1f\0\0\0\0\
\x71\x81\xc9\x1f\0\0\0\0\x73\x12\xfa\x1f\0\0\0\0\x71\x81\xc8\x1f\0\0\0\0\x73\
\x12\xf9\x1f\0\0\0\0\x71\x81\xc7\x1f\0\0\0\0\x73\x12\xf8\x1f\0\0\0\0\x71\x81\
\xc6\x1f\0\0\0\0\x73\x12\xf7\x1f\0\0\0\0\x71\x81\xc5\x1f\0\0\0\0\x73\x12\xf6\
\x1f\0\0\0\0\x71\x81\xc4\x1f\0\0\0\0\x73\x12\xf5\x1f\0\0\0\0\x71\x81\xc3\x1f\0\
\0\0\0\x73\x12\xf4\x1f\0\0\0\0\x71\x81\xc2\x1f\0\0\0\0\x73\x12\xf3\x1f\0\0\0\0\
\x71\x81\xc1\x1f\0\0\0\0\x73\x12\xf2\x1f\0\0\0\0\x71\x81\xc0\x1f\0\0\0\0\x73\
\x12\xf1\x1f\0\0\0\0\x71\x81\xbf\x1f\0\0\0\0\x73\x12\xf0\x1f\0\0\0\0\x71\x81\
\xbe\x1f\0\0\0\0\x73\x12\xef\x1f\0\0\0\0\x71\x81\xbd\x1f\0\0\0\0\x73\x12\xee\
\x1f\0\0\0\0\x71\x81\xbc\x1f\0\0\0\0\x73\x12\xed\x1f\0\0\0\0\x71\x81\xbb\x1f\0\
\0\0\0\x73\x12\xec\x1f\0\0\0\0\x71\x81\xba\x1f\0\0\0\0\x73\x12\xeb\x1f\0\0\0\0\
\x71\x81\xb9\x1f\0\0\0\0\x73\x12\xea\x1f\0\0\0\0\x71\x81\xb8\x1f\0\0\0\0\x73\
\x12\xe9\x1f\0\0\0\0\x71\x81\xb7\x1f\0\0\0\0\x73\x12\xe8\x1f\0\0\0\0\x71\x81\
\xb6\x1f\0\0\0\0\x73\x12\xe7\x1f\0\0\0\0\x71\x81\xb5\x1f\0\0\0\0\x73\x12\xe6\
\x1f\0\0\0\0\x71\x81\xb4\x1f\0\0\0\0\x73\x12\xe5\x1f\0\0\0\0\x71\x81\xb3\x1f\0\
\0\0\0\x73\x12\xe4\x1f\0\0\0\0\x71\x81\xb2\x1f\0\0\0\0\x73\x12\xe3\x1f\0\0\0\0\
\x71\x81\xb1\x1f\0\0\0\0\x73\x12\xe2\x1f\0\0\0\0\x71\x81\xb0\x1f\0\0\0\0\x73\
\x12\xe1\x1f\0\0\0\0\x71\x81\xaf\x1f\0\0\0\0\x73\x12\xe0\x1f\0\0\0\0\x71\x81\
\xae\x1f\0\0\0\0\x73\x12\xdf\x1f\0\0\0\0\x71\x81\xad\x1f\0\0\0\0\x73\x12\xde\
\x1f\0\0\0\0\x71\x81\xac\x1f\0\0\0\0\x73\x12\xdd\x1f\0\0\0\0\x71\x81\xab\x1f\0\
\0\0\0\x73\x12\xdc\x1f\0\0\0\0\x71\x81\xaa\x1f\0\0\0\0\x73\x12\xdb\x1f\0\0\0\0\
\x71\x81\xa9\x1f\0\0\0\0\x73\x12\xda\x1f\0\0\0\0\x71\x81\xa8\x1f\0\0\0\0\x73\
\x12\xd9\x1f\0\0\0\0\x71\x81\xa7\x1f\0\0\0\0\x73\x12\xd8\x1f\0\0\0\0\x71\x81\
\xa6\x1f\0\0\0\0\x73\x12\xd7\x1f\0\0\0\0\x71\x81\xa5\x1f\0\0\0\0\x73\x12\xd6\
\x1f\0\0\0\0\x71\x81\xa4\x1f\0\0\0\0\x73\x12\xd5\x1f\0\0\0\0\x71\x81\xa3\x1f\0\
\0\0\0\x73\x12\xd4\x1f\0\0\0\0\x71\x81\xa2\x1f\0\0\0\0\x73\x12\xd3\x1f\0\0\0\0\
\x71\x81\xa1\x1f\0\0\0\0\x73\x12\xd2\x1f\0\0\0\0\x71\x81\xa0\x1f\0\0\0\0\x73\
\x12\xd1\x1f\0\0\0\0\x71\x81\x9f\x1f\0\0\0\0\x73\x12\xd0\x1f\0\0\0\0\x71\x81\
\x9e\x1f\0\0\0\0\x73\x12\xcf\x1f\0\0\0\0\x71\x81\x9d\x1f\0\0\0\0\x73\x12\xce\
\x1f\0\0\0\0\x71\x81\x9c\x1f\0\0\0\0\x73\x12\xcd\x1f\0\0\0\0\x71\x81\x9b\x1f\0\
\0\0\0\x73\x12\xcc\x1f\0\0\0\0\x71\x81\x9a\x1f\0\0\0\0\x73\x12\xcb\x1f\0\0\0\0\
\x71\x81\x99\x1f\0\0\0\0\x73\x12\xca\x1f\0\0\0\0\x71\x81\x98\x1f\0\0\0\0\x73\
\x12\xc9\x1f\0\0\0\0\x71\x81\x97\x1f\0\0\0\0\x73\x12\xc8\x1f\0\0\0\0\x71\x81\
\x96\x1f\0\0\0\0\x73\x12\xc7\x1f\0\0\0\0\x71\x81\x95\x1f\0\0\0\0\x73\x12\xc6\
\x1f\0\0\0\0\x71\x81\x94\x1f\0\0\0\0\x73\x12\xc5\x1f\0\0\0\0\x71\x81\x93\x1f\0\
\0\0\0\x73\x12\xc4\x1f\0\0\0\0\x71\x81\x92\x1f\0\0\0\0\x73\x12\xc3\x1f\0\0\0\0\
\x71\x81\x91\x1f\0\0\0\0\x73\x12\xc2\x1f\0\0\0\0\x71\x81\x90\x1f\0\0\0\0\x73\
\x12\xc1\x1f\0\0\0\0\x71\x81\x8f\x1f\0\0\0\0\x73\x12\xc0\x1f\0\0\0\0\x71\x81\
\x8e\x1f\0\0\0\0\x73\x12\xbf\x1f\0\0\0\0\x71\x81\x8d\x1f\0\0\0\0\x73\x12\xbe\
\x1f\0\0\0\0\x71\x81\x8c\x1f\0\0\0\0\x73\x12\xbd\x1f\0\0\0\0\x71\x81\x8b\x1f\0\
\0\0\0\x73\x12\xbc\x1f\0\0\0\0\x71\x81\x8a\x1f\0\0\0\0\x73\x12\xbb\x1f\0\0\0\0\
\x71\x81\x89\x1f\0\0\0\0\x73\x12\xba\x1f\0\0\0\0\x71\x81\x88\x1f\0\0\0\0\x73\
\x12\xb9\x1f\0\0\0\0\x71\x81\x87\x1f\0\0\0\0\x73\x12\xb8\x1f\0\0\0\0\x71\x81\
\x86\x1f\0\0\0\0\x73\x12\xb7\x1f\0\0\0\0\x71\x81\x85\x1f\0\0\0\0\x73\x12\xb6\
\x1f\0\0\0\0\x71\x81\x84\x1f\0\0\0\0\x73\x12\xb5\x1f\0\0\0\0\x71\x81\x83\x1f\0\
\0\0\0\x73\x12\xb4\x1f\0\0\0\0\x71\x81\x82\x1f\0\0\0\0\x73\x12\xb3\x1f\0\0\0\0\
\x71\x81\x81\x1f\0\0\0\0\x73\x12\xb2\x1f\0\0\0\0\x71\x81\x80\x1f\0\0\0\0\x73\
\x12\xb1\x1f\0\0\0\0\x71\x81\x7f\x1f\0\0\0\0\x73\x12\xb0\x1f\0\0\0\0\x71\x81\
\x7e\x1f\0\0\0\0\x73\x12\xaf\x1f\0\0\0\0\x71\x81\x7d\x1f\0\0\0\0\x73\x12\xae\
\x1f\0\0\0\0\x71\x81\x7c\x1f\0\0\0\0\x73\x12\xad\x1f\0\0\0\0\x71\x81\x7b\x1f\0\
\0\0\0\x73\x12\xac\x1f\0\0\0\0\x71\x81\x7a\x1f\0\0\0\0\x73\x12\xab\x1f\0\0\0\0\
\x71\x81\x79\x1f\0\0\0\0\x73\x12\xaa\x1f\0\0\0\0\x71\x81\x78\x1f\0\0\0\0\x73\
\x12\xa9\x1f\0\0\0\0\x71\x81\x77\x1f\0\0\0\0\x73\x12\xa8\x1f\0\0\0\0\x71\x81\
\x76\x1f\0\0\0\0\x73\x12\xa7\x1f\0\0\0\0\x71\x81\x75\x1f\0\0\0\0\x73\x12\xa6\
\x1f\0\0\0\0\x71\x81\x74\x1f\0\0\0\0\x73\x12\xa5\x1f\0\0\0\0\x71\x81\x73\x1f\0\
\0\0\0\x73\x12\xa4\x1f\0\0\0\0\x71\x81\x72\x1f\0\0\0\0\x73\x12\xa3\x1f\0\0\0\0\
\x71\x81\x71\x1f\0\0\0\0\x73\x12\xa2\x1f\0\0\0\0\x71\x81\x70\x1f\0\0\0\0\x73\
\x12\xa1\x1f\0\0\0\0\x71\x81\x6f\x1f\0\0\0\0\x73\x12\xa0\x1f\0\0\0\0\x71\x81\
\x6e\x1f\0\0\0\0\x73\x12\x9f\x1f\0\0\0\0\x71\x81\x6d\x1f\0\0\0\0\x73\x12\x9e\
\x1f\0\0\0\0\x71\x81\x6c\x1f\0\0\0\0\x73\x12\x9d\x1f\0\0\0\0\x71\x81\x6b\x1f\0\
\0\0\0\x73\x12\x9c\x1f\0\0\0\0\x71\x81\x6a\x1f\0\0\0\0\x73\x12\x9b\x1f\0\0\0\0\
\x71\x81\x69\x1f\0\0\0\0\x73\x12\x9a\x1f\0\0\0\0\x71\x81\x68\x1f\0\0\0\0\x73\
\x12\x99\x1f\0\0\0\0\x71\x81\x67\x1f\0\0\0\0\x73\x12\x98\x1f\0\0\0\0\x71\x81\
\x66\x1f\0\0\0\0\x73\x12\x97\x1f\0\0\0\0\x71\x81\x65\x1f\0\0\0\0\x73\x12\x96\
\x1f\0\0\0\0\x71\x81\x64\x1f\0\0\0\0\x73\x12\x95\x1f\0\0\0\0\x71\x81\x63\x1f\0\
\0\0\0\x73\x12\x94\x1f\0\0\0\0\x71\x81\x62\x1f\0\0\0\0\x73\x12\x93\x1f\0\0\0\0\
\x71\x81\x61\x1f\0\0\0\0\x73\x12\x92\x1f\0\0\0\0\x71\x81\x60\x1f\0\0\0\0\x73\
\x12\x91\x1f\0\0\0\0\x71\x81\x5f\x1f\0\0\0\0\x73\x12\x90\x1f\0\0\0\0\x71\x81\
\x5e\x1f\0\0\0\0\x73\x12\x8f\x1f\0\0\0\0\x71\x81\x5d\x1f\0\0\0\0\x73\x12\x8e\
\x1f\0\0\0\0\x71\x81\x5c\x1f\0\0\0\0\x73\x12\x8d\x1f\0\0\0\0\x71\x81\x5b\x1f\0\
\0\0\0\x73\x12\x8c\x1f\0\0\0\0\x71\x81\x5a\x1f\0\0\0\0\x73\x12\x8b\x1f\0\0\0\0\
\x71\x81\x59\x1f\0\0\0\0\x73\x12\x8a\x1f\0\0\0\0\x71\x81\x58\x1f\0\0\0\0\x73\
\x12\x89\x1f\0\0\0\0\x71\x81\x57\x1f\0\0\0\0\x73\x12\x88\x1f\0\0\0\0\x71\x81\
\x56\x1f\0\0\0\0\x73\x12\x87\x1f\0\0\0\0\x71\x81\x55\x1f\0\0\0\0\x73\x12\x86\
\x1f\0\0\0\0\x71\x81\x54\x1f\0\0\0\0\x73\x12\x85\x1f\0\0\0\0\x71\x81\x53\x1f\0\
\0\0\0\x73\x12\x84\x1f\0\0\0\0\x71\x81\x52\x1f\0\0\0\0\x73\x12\x83\x1f\0\0\0\0\
\x71\x81\x51\x1f\0\0\0\0\x73\x12\x82\x1f\0\0\0\0\x71\x81\x50\x1f\0\0\0\0\x73\
\x12\x81\x1f\0\0\0\0\x71\x81\x4f\x1f\0\0\0\0\x73\x12\x80\x1f\0\0\0\0\x71\x81\
\x4e\x1f\0\0\0\0\x73\x12\x7f\x1f\0\0\0\0\x71\x81\x4d\x1f\0\0\0\0\x73\x12\x7e\
\x1f\0\0\0\0\x71\x81\x4c\x1f\0\0\0\0\x73\x12\x7d\x1f\0\0\0\0\x71\x81\x4b\x1f\0\
\0\0\0\x73\x12\x7c\x1f\0\0\0\0\x71\x81\x4a\x1f\0\0\0\0\x73\x12\x7b\x1f\0\0\0\0\
\x71\x81\x49\x1f\0\0\0\0\x73\x12\x7a\x1f\0\0\0\0\x71\x81\x48\x1f\0\0\0\0\x73\
\x12\x79\x1f\0\0\0\0\x71\x81\x47\x1f\0\0\0\0\x73\x12\x78\x1f\0\0\0\0\x71\x81\
\x46\x1f\0\0\0\0\x73\x12\x77\x1f\0\0\0\0\x71\x81\x45\x1f\0\0\0\0\x73\x12\x76\
\x1f\0\0\0\0\x71\x81\x44\x1f\0\0\0\0\x73\x12\x75\x1f\0\0\0\0\x71\x81\x43\x1f\0\
\0\0\0\x73\x12\x74\x1f\0\0\0\0\x71\x81\x42\x1f\0\0\0\0\x73\x12\x73\x1f\0\0\0\0\
\x71\x81\x41\x1f\0\0\0\0\x73\x12\x72\x1f\0\0\0\0\x71\x81\x40\x1f\0\0\0\0\x73\
\x12\x71\x1f\0\0\0\0\x71\x81\x3f\x1f\0\0\0\0\x73\x12\x70\x1f\0\0\0\0\x71\x81\
\x3e\x1f\0\0\0\0\x73\x12\x6f\x1f\0\0\0\0\x71\x81\x3d\x1f\0\0\0\0\x73\x12\x6e\
\x1f\0\0\0\0\x71\x81\x3c\x1f\0\0\0\0\x73\x12\x6d\x1f\0\0\0\0\x71\x81\x3b\x1f\0\
\0\0\0\x73\x12\x6c\x1f\0\0\0\0\x71\x81\x3a\x1f\0\0\0\0\x73\x12\x6b\x1f\0\0\0\0\
\x71\x81\x39\x1f\0\0\0\0\x73\x12\x6a\x1f\0\0\0\0\x71\x81\x38\x1f\0\0\0\0\x73\
\x12\x69\x1f\0\0\0\0\x71\x81\x37\x1f\0\0\0\0\x73\x12\x68\x1f\0\0\0\0\x71\x81\
\x36\x1f\0\0\0\0\x73\x12\x67\x1f\0\0\0\0\x71\x81\x35\x1f\0\0\0\0\x73\x12\x66\
\x1f\0\0\0\0\x71\x81\x34\x1f\0\0\0\0\x73\x12\x65\x1f\0\0\0\0\x71\x81\x33\x1f\0\
\0\0\0\x73\x12\x64\x1f\0\0\0\0\x71\x81\x32\x1f\0\0\0\0\x73\x12\x63\x1f\0\0\0\0\
\x71\x81\x31\x1f\0\0\0\0\x73\x12\x62\x1f\0\0\0\0\x71\x81\x30\x1f\0\0\0\0\x73\
\x12\x61\x1f\0\0\0\0\x71\x81\x2f\x1f\0\0\0\0\x73\x12\x60\x1f\0\0\0\0\x71\x81\
\x2e\x1f\0\0\0\0\x73\x12\x5f\x1f\0\0\0\0\x71\x81\x2d\x1f\0\0\0\0\x73\x12\x5e\
\x1f\0\0\0\0\x71\x81\x2c\x1f\0\0\0\0\x73\x12\x5d\x1f\0\0\0\0\x71\x81\x2b\x1f\0\
\0\0\0\x73\x12\x5c\x1f\0\0\0\0\x71\x81\x2a\x1f\0\0\0\0\x73\x12\x5b\x1f\0\0\0\0\
\x71\x81\x29\x1f\0\0\0\0\x73\x12\x5a\x1f\0\0\0\0\x71\x81\x28\x1f\0\0\0\0\x73\
\x12\x59\x1f\0\0\0\0\x71\x81\x27\x1f\0\0\0\0\x73\x12\x58\x1f\0\0\0\0\x71\x81\
\x26\x1f\0\0\0\0\x73\x12\x57\x1f\0\0\0\0\x71\x81\x25\x1f\0\0\0\0\x73\x12\x56\
\x1f\0\0\0\0\x71\x81\x24\x1f\0\0\0\0\x73\x12\x55\x1f\0\0\0\0\x71\x81\x23\x1f\0\
\0\0\0\x73\x12\x54\x1f\0\0\0\0\x71\x81\x22\x1f\0\0\0\0\x73\x12\x53\x1f\0\0\0\0\
\x71\x81\x21\x1f\0\0\0\0\x73\x12\x52\x1f\0\0\0\0\x71\x81\x20\x1f\0\0\0\0\x73\
\x12\x51\x1f\0\0\0\0\x71\x81\x1f\x1f\0\0\0\0\x73\x12\x50\x1f\0\0\0\0\x71\x81\
\x1e\x1f\0\0\0\0\x73\x12\x4f\x1f\0\0\0\0\x71\x81\x1d\x1f\0\0\0\0\x73\x12\x4e\
\x1f\0\0\0\0\x71\x81\x1c\x1f\0\0\0\0\x73\x12\x4d\x1f\0\0\0\0\x71\x81\x1b\x1f\0\
\0\0\0\x73\x12\x4c\x1f\0\0\0\0\x71\x81\x1a\x1f\0\0\0\0\x73\x12\x4b\x1f\0\0\0\0\
\x71\x81\x19\x1f\0\0\0\0\x73\x12\x4a\x1f\0\0\0\0\x71\x81\x18\x1f\0\0\0\0\x73\
\x12\x49\x1f\0\0\0\0\x71\x81\x17\x1f\0\0\0\0\x73\x12\x48\x1f\0\0\0\0\x71\x81\
\x16\x1f\0\0\0\0\x73\x12\x47\x1f\0\0\0\0\x71\x81\x15\x1f\0\0\0\0\x73\x12\x46\
\x1f\0\0\0\0\x71\x81\x14\x1f\0\0\0\0\x73\x12\x45\x1f\0\0\0\0\x71\x81\x13\x1f\0\
\0\0\0\x73\x12\x44\x1f\0\0\0\0\x71\x81\x12\x1f\0\0\0\0\x73\x12\x43\x1f\0\0\0\0\
\x71\x81\x11\x1f\0\0\0\0\x73\x12\x42\x1f\0\0\0\0\x71\x81\x10\x1f\0\0\0\0\x73\
\x12\x41\x1f\0\0\0\0\x71\x81\x0f\x1f\0\0\0\0\x73\x12\x40\x1f\0\0\0\0\x71\x81\
\x0e\x1f\0\0\0\0\x73\x12\x3f\x1f\0\0\0\0\x71\x81\x0d\x1f\0\0\0\0\x73\x12\x3e\
\x1f\0\0\0\0\x71\x81\x0c\x1f\0\0\0\0\x73\x12\x3d\x1f\0\0\0\0\x71\x81\x0b\x1f\0\
\0\0\0\x73\x12\x3c\x1f\0\0\0\0\x71\x81\x0a\x1f\0\0\0\0\x73\x12\x3b\x1f\0\0\0\0\
\x71\x81\x09\x1f\0\0\0\0\x73\x12\x3a\x1f\0\0\0\0\x71\x81\x08\x1f\0\0\0\0\x73\
\x12\x39\x1f\0\0\0\0\x71\x81\x07\x1f\0\0\0\0\x73\x12\x38\x1f\0\0\0\0\x71\x81\
\x06\x1f\0\0\0\0\x73\x12\x37\x1f\0\0\0\0\x71\x81\x05\x1f\0\0\0\0\x73\x12\x36\
\x1f\0\0\0\0\x71\x81\x04\x1f\0\0\0\0\x73\x12\x35\x1f\0\0\0\0\x71\x81\x03\x1f\0\
\0\0\0\x73\x12\x34\x1f\0\0\0\0\x71\x81\x02\x1f\0\0\0\0\x73\x12\x33\x1f\0\0\0\0\
\x71\x81\x01\x1f\0\0\0\0\x73\x12\x32\x1f\0\0\0\0\x71\x81\0\x1f\0\0\0\0\x73\x12\
\x31\x1f\0\0\0\0\xa6\x04\x0e\x06\x01\x20\0\0\xbf\x81\0\0\0\0\0\0\x07\x01\0\0\0\
\x21\0\0\x2d\x51\x0b\x06\0\0\0\0\x71\x81\xff\x20\0\0\0\0\x79\xa2\xb0\xff\0\0\0\
\0\x73\x12\x30\x21\0\0\0\0\x71\x81\xfe\x20\0\0\0\0\x73\x12\x2f\x21\0\0\0\0\x71\
\x81\xfd\x20\0\0\0\0\x73\x12\x2e\x21\0\0\0\0\x71\x81\xfc\x20\0\0\0\0\x73\x12\
\x2d\x21\0\0\0\0\x71\x81\xfb\x20\0\0\0\0\x73\x12\x2c\x21\0\0\0\0\x71\x81\xfa\
\x20\0\0\0\0\x73\x12\x2b\x21\0\0\0\0\x71\x81\xf9\x20\0\0\0\0\x73\x12\x2a\x21\0\
\0\0\0\x71\x81\xf8\x20\0\0\0\0\x73\x12\x29\x21\0\0\0\0\x71\x81\xf7\x20\0\0\0\0\
\x73\x12\x28\x21\0\0\0\0\x71\x81\xf6\x20\0\0\0\0\x73\x12\x27\x21\0\0\0\0\x71\
\x81\xf5\x20\0\0\0\0\x73\x12\x26\x21\0\0\0\0\x71\x81\xf4\x20\0\0\0\0\x73\x12\
\x25\x21\0\0\0\0\x71\x81\xf3\x20\0\0\0\0\x73\x12\x24\x21\0\0\0\0\x71\x81\xf2\
\x20\0\0\0\0\x73\x12\x23\x21\0\0\0\0\x71\x81\xf1\x20\0\0\0\0\x73\x12\x22\x21\0\
\0\0\0\x71\x81\xf0\x20\0\0\0\0\x73\x12\x21\x21\0\0\0\0\x71\x81\xef\x20\0\0\0\0\
\x73\x12\x20\x21\0\0\0\0\x71\x81\xee\x20\0\0\0\0\x73\x12\x1f\x21\0\0\0\0\x71\
\x81\xed\x20\0\0\0\0\x73\x12\x1e\x21\0\0\0\0\x71\x81\xec\x20\0\0\0\0\x73\x12\
\x1d\x21\0\0\0\0\x71\x81\xeb\x20\0\0\0\0\x73\x12\x1c\x21\0\0\0\0\x71\x81\xea\
\x20\0\0\0\0\x73\x12\x1b\x21\0\0\0\0\x71\x81\xe9\x20\0\0\0\0\x73\x12\x1a\x21\0\
\0\0\0\x71\x81\xe8\x20\0\0\0\0\x73\x12\x19\x21\0\0\0\0\x71\x81\xe7\x20\0\0\0\0\
\x73\x12\x18\x21\0\0\0\0\x71\x81\xe6\x20\0\0\0\0\x73\x12\x17\x21\0\0\0\0\x71\
\x81\xe5\x20\0\0\0\0\x73\x12\x16\x21\0\0\0\0\x71\x81\xe4\x20\0\0\0\0\x73\x12\
\x15\x21\0\0\0\0\x71\x81\xe3\x20\0\0\0\0\x73\x12\x14\x21\0\0\0\0\x71\x81\xe2\
\x20\0\0\0\0\x73\x12\x13\x21\0\0\0\0\x71\x81\xe1\x20\0\0\0\0\x73\x12\x12\x21\0\
\0\0\0\x71\x81\xe0\x20\0\0\0\0\x73\x12\x11\x21\0\0\0\0\x71\x81\xdf\x20\0\0\0\0\
\x73\x12\x10\x21\0\0\0\0\x71\x81\xde\x20\0\0\0\0\x73\x12\x0f\x21\0\0\0\0\x71\
\x81\xdd\x20\0\0\0\0\x73\x12\x0e\x21\0\0\0\0\x71\x81\xdc\x20\0\0\0\0\x73\x12\
\x0d\x21\0\0\0\0\x71\x81\xdb\x20\0\0\0\0\x73\x12\x0c\x21\0\0\0\0\x71\x81\xda\
\x20\0\0\0\0\x73\x12\x0b\x21\0\0\0\0\x71\x81\xd9\x20\0\0\0\0\x73\x12\x0a\x21\0\
\0\0\0\x71\x81\xd8\x20\0\0\0\0\x73\x12\x09\x21\0\0\0\0\x71\x81\xd7\x20\0\0\0\0\
\x73\x12\x08\x21\0\0\0\0\x71\x81\xd6\x20\0\0\0\0\x73\x12\x07\x21\0\0\0\0\x71\
\x81\xd5\x20\0\0\0\0\x73\x12\x06\x21\0\0\0\0\x71\x81\xd4\x20\0\0\0\0\x73\x12\
\x05\x21\0\0\0\0\x71\x81\xd3\x20\0\0\0\0\x73\x12\x04\x21\0\0\0\0\x71\x81\xd2\
\x20\0\0\0\0\x73\x12\x03\x21\0\0\0\0\x71\x81\xd1\x20\0\0\0\0\x73\x12\x02\x21\0\
\0\0\0\x71\x81\xd0\x20\0\0\0\0\x73\x12\x01\x21\0\0\0\0\x71\x81\xcf\x20\0\0\0\0\
\x73\x12\0\x21\0\0\0\0\x71\x81\xce\x20\0\0\0\0\x73\x12\xff\x20\0\0\0\0\x71\x81\
\xcd\x20\0\0\0\0\x73\x12\xfe\x20\0\0\0\0\x71\x81\xcc\x20\0\0\0\0\x73\x12\xfd\
\x20\0\0\0\0\x71\x81\xcb\x20\0\0\0\0\x73\x12\xfc\x20\0\0\0\0\x71\x81\xca\x20\0\
\0\0\0\x73\x12\xfb\x20\0\0\0\0\x71\x81\xc9\x20\0\0\0\0\x73\x12\xfa\x20\0\0\0\0\
\x71\x81\xc8\x20\0\0\0\0\x73\x12\xf9\x20\0\0\0\0\x71\x81\xc7\x20\0\0\0\0\x73\
\x12\xf8\x20\0\0\0\0\x71\x81\xc6\x20\0\0\0\0\x73\x12\xf7\x20\0\0\0\0\x71\x81\
\xc5\x20\0\0\0\0\x73\x12\xf6\x20\0\0\0\0\x71\x81\xc4\x20\0\0\0\0\x73\x12\xf5\
\x20\0\0\0\0\x71\x81\xc3\x20\0\0\0\0\x73\x12\xf4\x20\0\0\0\0\x71\x81\xc2\x20\0\
\0\0\0\x73\x12\xf3\x20\0\0\0\0\x71\x81\xc1\x20\0\0\0\0\x73\x12\xf2\x20\0\0\0\0\
\x71\x81\xc0\x20\0\0\0\0\x73\x12\xf1\x20\0\0\0\0\x71\x81\xbf\x20\0\0\0\0\x73\
\x12\xf0\x20\0\0\0\0\x71\x81\xbe\x20\0\0\0\0\x73\x12\xef\x20\0\0\0\0\x71\x81\
\xbd\x20\0\0\0\0\x73\x12\xee\x20\0\0\0\0\x71\x81\xbc\x20\0\0\0\0\x73\x12\xed\
\x20\0\0\0\0\x71\x81\xbb\x20\0\0\0\0\x73\x12\xec\x20\0\0\0\0\x71\x81\xba\x20\0\
\0\0\0\x73\x12\xeb\x20\0\0\0\0\x71\x81\xb9\x20\0\0\0\0\x73\x12\xea\x20\0\0\0\0\
\x71\x81\xb8\x20\0\0\0\0\x73\x12\xe9\x20\0\0\0\0\x71\x81\xb7\x20\0\0\0\0\x73\
\x12\xe8\x20\0\0\0\0\x71\x81\xb6\x20\0\0\0\0\x73\x12\xe7\x20\0\0\0\0\x71\x81\
\xb5\x20\0\0\0\0\x73\x12\xe6\x20\0\0\0\0\x71\x81\xb4\x20\0\0\0\0\x73\x12\xe5\
\x20\0\0\0\0\x71\x81\xb3\x20\0\0\0\0\x73\x12\xe4\x20\0\0\0\0\x71\x81\xb2\x20\0\
\0\0\0\x73\x12\xe3\x20\0\0\0\0\x71\x81\xb1\x20\0\0\0\0\x73\x12\xe2\x20\0\0\0\0\
\x71\x81\xb0\x20\0\0\0\0\x73\x12\xe1\x20\0\0\0\0\x71\x81\xaf\x20\0\0\0\0\x73\
\x12\xe0\x20\0\0\0\0\x71\x81\xae\x20\0\0\0\0\x73\x12\xdf\x20\0\0\0\0\x71\x81\
\xad\x20\0\0\0\0\x73\x12\xde\x20\0\0\0\0\x71\x81\xac\x20\0\0\0\0\x73\x12\xdd\
\x20\0\0\0\0\x71\x81\xab\x20\0\0\0\0\x73\x12\xdc\x20\0\0\0\0\x71\x81\xaa\x20\0\
\0\0\0\x73\x12\xdb\x20\0\0\0\0\x71\x81\xa9\x20\0\0\0\0\x73\x12\xda\x20\0\0\0\0\
\x71\x81\xa8\x20\0\0\0\0\x73\x12\xd9\x20\0\0\0\0\x71\x81\xa7\x20\0\0\0\0\x73\
\x12\xd8\x20\0\0\0\0\x71\x81\xa6\x20\0\0\0\0\x73\x12\xd7\x20\0\0\0\0\x71\x81\
\xa5\x20\0\0\0\0\x73\x12\xd6\x20\0\0\0\0\x71\x81\xa4\x20\0\0\0\0\x73\x12\xd5\
\x20\0\0\0\0\x71\x81\xa3\x20\0\0\0\0\x73\x12\xd4\x20\0\0\0\0\x71\x81\xa2\x20\0\
\0\0\0\x73\x12\xd3\x20\0\0\0\0\x71\x81\xa1\x20\0\0\0\0\x73\x12\xd2\x20\0\0\0\0\
\x71\x81\xa0\x20\0\0\0\0\x73\x12\xd1\x20\0\0\0\0\x71\x81\x9f\x20\0\0\0\0\x73\
\x12\xd0\x20\0\0\0\0\x71\x81\x9e\x20\0\0\0\0\x73\x12\xcf\x20\0\0\0\0\x71\x81\
\x9d\x20\0\0\0\0\x73\x12\xce\x20\0\0\0\0\x71\x81\x9c\x20\0\0\0\0\x73\x12\xcd\
\x20\0\0\0\0\x71\x81\x9b\x20\0\0\0\0\x73\x12\xcc\x20\0\0\0\0\x71\x81\x9a\x20\0\
\0\0\0\x73\x12\xcb\x20\0\0\0\0\x71\x81\x99\x20\0\0\0\0\x73\x12\xca\x20\0\0\0\0\
\x71\x81\x98\x20\0\0\0\0\x73\x12\xc9\x20\0\0\0\0\x71\x81\x97\x20\0\0\0\0\x73\
\x12\xc8\x20\0\0\0\0\x71\x81\x96\x20\0\0\0\0\x73\x12\xc7\x20\0\0\0\0\x71\x81\
\x95\x20\0\0\0\0\x73\x12\xc6\x20\0\0\0\0\x71\x81\x94\x20\0\0\0\0\x73\x12\xc5\
\x20\0\0\0\0\x71\x81\x93\x20\0\0\0\0\x73\x12\xc4\x20\0\0\0\0\x71\x81\x92\x20\0\
\0\0\0\x73\x12\xc3\x20\0\0\0\0\x71\x81\x91\x20\0\0\0\0\x73\x12\xc2\x20\0\0\0\0\
\x71\x81\x90\x20\0\0\0\0\x73\x12\xc1\x20\0\0\0\0\x71\x81\x8f\x20\0\0\0\0\x73\
\x12\xc0\x20\0\0\0\0\x71\x81\x8e\x20\0\0\0\0\x73\x12\xbf\x20\0\0\0\0\x71\x81\
\x8d\x20\0\0\0\0\x73\x12\xbe\x20\0\0\0\0\x71\x81\x8c\x20\0\0\0\0\x73\x12\xbd\
\x20\0\0\0\0\x71\x81\x8b\x20\0\0\0\0\x73\x12\xbc\x20\0\0\0\0\x71\x81\x8a\x20\0\
\0\0\0\x73\x12\xbb\x20\0\0\0\0\x71\x81\x89\x20\0\0\0\0\x73\x12\xba\x20\0\0\0\0\
\x71\x81\x88\x20\0\0\0\0\x73\x12\xb9\x20\0\0\0\0\x71\x81\x87\x20\0\0\0\0\x73\
\x12\xb8\x20\0\0\0\0\x71\x81\x86\x20\0\0\0\0\x73\x12\xb7\x20\0\0\0\0\x71\x81\
\x85\x20\0\0\0\0\x73\x12\xb6\x20\0\0\0\0\x71\x81\x84\x20\0\0\0\0\x73\x12\xb5\
\x20\0\0\0\0\x71\x81\x83\x20\0\0\0\0\x73\x12\xb4\x20\0\0\0\0\x71\x81\x82\x20\0\
\0\0\0\x73\x12\xb3\x20\0\0\0\0\x71\x81\x81\x20\0\0\0\0\x73\x12\xb2\x20\0\0\0\0\
\x71\x81\x80\x20\0\0\0\0\x73\x12\xb1\x20\0\0\0\0\x71\x81\x7f\x20\0\0\0\0\x73\
\x12\xb0\x20\0\0\0\0\x71\x81\x7e\x20\0\0\0\0\x73\x12\xaf\x20\0\0\0\0\x71\x81\
\x7d\x20\0\0\0\0\x73\x12\xae\x20\0\0\0\0\x71\x81\x7c\x20\0\0\0\0\x73\x12\xad\
\x20\0\0\0\0\x71\x81\x7b\x20\0\0\0\0\x73\x12\xac\x20\0\0\0\0\x71\x81\x7a\x20\0\
\0\0\0\x73\x12\xab\x20\0\0\0\0\x71\x81\x79\x20\0\0\0\0\x73\x12\xaa\x20\0\0\0\0\
\x71\x81\x78\x20\0\0\0\0\x73\x12\xa9\x20\0\0\0\0\x71\x81\x77\x20\0\0\0\0\x73\
\x12\xa8\x20\0\0\0\0\x71\x81\x76\x20\0\0\0\0\x73\x12\xa7\x20\0\0\0\0\x71\x81\
\x75\x20\0\0\0\0\x73\x12\xa6\x20\0\0\0\0\x71\x81\x74\x20\0\0\0\0\x73\x12\xa5\
\x20\0\0\0\0\x71\x81\x73\x20\0\0\0\0\x73\x12\xa4\x20\0\0\0\0\x71\x81\x72\x20\0\
\0\0\0\x73\x12\xa3\x20\0\0\0\0\x71\x81\x71\x20\0\0\0\0\x73\x12\xa2\x20\0\0\0\0\
\x71\x81\x70\x20\0\0\0\0\x73\x12\xa1\x20\0\0\0\0\x71\x81\x6f\x20\0\0\0\0\x73\
\x12\xa0\x20\0\0\0\0\x71\x81\x6e\x20\0\0\0\0\x73\x12\x9f\x20\0\0\0\0\x71\x81\
\x6d\x20\0\0\0\0\x73\x12\x9e\x20\0\0\0\0\x71\x81\x6c\x20\0\0\0\0\x73\x12\x9d\
\x20\0\0\0\0\x71\x81\x6b\x20\0\0\0\0\x73\x12\x9c\x20\0\0\0\0\x71\x81\x6a\x20\0\
\0\0\0\x73\x12\x9b\x20\0\0\0\0\x71\x81\x69\x20\0\0\0\0\x73\x12\x9a\x20\0\0\0\0\
\x71\x81\x68\x20\0\0\0\0\x73\x12\x99\x20\0\0\0\0\x71\x81\x67\x20\0\0\0\0\x73\
\x12\x98\x20\0\0\0\0\x71\x81\x66\x20\0\0\0\0\x73\x12\x97\x20\0\0\0\0\x71\x81\
\x65\x20\0\0\0\0\x73\x12\x96\x20\0\0\0\0\x71\x81\x64\x20\0\0\0\0\x73\x12\x95\
\x20\0\0\0\0\x71\x81\x63\x20\0\0\0\0\x73\x12\x94\x20\0\0\0\0\x71\x81\x62\x20\0\
\0\0\0\x73\x12\x93\x20\0\0\0\0\x71\x81\x61\x20\0\0\0\0\x73\x12\x92\x20\0\0\0\0\
\x71\x81\x60\x20\0\0\0\0\x73\x12\x91\x20\0\0\0\0\x71\x81\x5f\x20\0\0\0\0\x73\
\x12\x90\x20\0\0\0\0\x71\x81\x5e\x20\0\0\0\0\x73\x12\x8f\x20\0\0\0\0\x71\x81\
\x5d\x20\0\0\0\0\x73\x12\x8e\x20\0\0\0\0\x71\x81\x5c\x20\0\0\0\0\x73\x12\x8d\
\x20\0\0\0\0\x71\x81\x5b\x20\0\0\0\0\x73\x12\x8c\x20\0\0\0\0\x71\x81\x5a\x20\0\
\0\0\0\x73\x12\x8b\x20\0\0\0\0\x71\x81\x59\x20\0\0\0\0\x73\x12\x8a\x20\0\0\0\0\
\x71\x81\x58\x20\0\0\0\0\x73\x12\x89\x20\0\0\0\0\x71\x81\x57\x20\0\0\0\0\x73\
\x12\x88\x20\0\0\0\0\x71\x81\x56\x20\0\0\0\0\x73\x12\x87\x20\0\0\0\0\x71\x81\
\x55\x20\0\0\0\0\x73\x12\x86\x20\0\0\0\0\x71\x81\x54\x20\0\0\0\0\x73\x12\x85\
\x20\0\0\0\0\x71\x81\x53\x20\0\0\0\0\x73\x12\x84\x20\0\0\0\0\x71\x81\x52\x20\0\
\0\0\0\x73\x12\x83\x20\0\0\0\0\x71\x81\x51\x20\0\0\0\0\x73\x12\x82\x20\0\0\0\0\
\x71\x81\x50\x20\0\0\0\0\x73\x12\x81\x20\0\0\0\0\x71\x81\x4f\x20\0\0\0\0\x73\
\x12\x80\x20\0\0\0\0\x71\x81\x4e\x20\0\0\0\0\x73\x12\x7f\x20\0\0\0\0\x71\x81\
\x4d\x20\0\0\0\0\x73\x12\x7e\x20\0\0\0\0\x71\x81\x4c\x20\0\0\0\0\x73\x12\x7d\
\x20\0\0\0\0\x71\x81\x4b\x20\0\0\0\0\x73\x12\x7c\x20\0\0\0\0\x71\x81\x4a\x20\0\
\0\0\0\x73\x12\x7b\x20\0\0\0\0\x71\x81\x49\x20\0\0\0\0\x73\x12\x7a\x20\0\0\0\0\
\x71\x81\x48\x20\0\0\0\0\x73\x12\x79\x20\0\0\0\0\x71\x81\x47\x20\0\0\0\0\x73\
\x12\x78\x20\0\0\0\0\x71\x81\x46\x20\0\0\0\0\x73\x12\x77\x20\0\0\0\0\x71\x81\
\x45\x20\0\0\0\0\x73\x12\x76\x20\0\0\0\0\x71\x81\x44\x20\0\0\0\0\x73\x12\x75\
\x20\0\0\0\0\x71\x81\x43\x20\0\0\0\0\x73\x12\x74\x20\0\0\0\0\x71\x81\x42\x20\0\
\0\0\0\x73\x12\x73\x20\0\0\0\0\x71\x81\x41\x20\0\0\0\0\x73\x12\x72\x20\0\0\0\0\
\x71\x81\x40\x20\0\0\0\0\x73\x12\x71\x20\0\0\0\0\x71\x81\x3f\x20\0\0\0\0\x73\
\x12\x70\x20\0\0\0\0\x71\x81\x3e\x20\0\0\0\0\x73\x12\x6f\x20\0\0\0\0\x71\x81\
\x3d\x20\0\0\0\0\x73\x12\x6e\x20\0\0\0\0\x71\x81\x3c\x20\0\0\0\0\x73\x12\x6d\
\x20\0\0\0\0\x71\x81\x3b\x20\0\0\0\0\x73\x12\x6c\x20\0\0\0\0\x71\x81\x3a\x20\0\
\0\0\0\x73\x12\x6b\x20\0\0\0\0\x71\x81\x39\x20\0\0\0\0\x73\x12\x6a\x20\0\0\0\0\
\x71\x81\x38\x20\0\0\0\0\x73\x12\x69\x20\0\0\0\0\x71\x81\x37\x20\0\0\0\0\x73\
\x12\x68\x20\0\0\0\0\x71\x81\x36\x20\0\0\0\0\x73\x12\x67\x20\0\0\0\0\x71\x81\
\x35\x20\0\0\0\0\x73\x12\x66\x20\0\0\0\0\x71\x81\x34\x20\0\0\0\0\x73\x12\x65\
\x20\0\0\0\0\x71\x81\x33\x20\0\0\0\0\x73\x12\x64\x20\0\0\0\0\x71\x81\x32\x20\0\
\0\0\0\x73\x12\x63\x20\0\0\0\0\x71\x81\x31\x20\0\0\0\0\x73\x12\x62\x20\0\0\0\0\
\x71\x81\x30\x20\0\0\0\0\x73\x12\x61\x20\0\0\0\0\x71\x81\x2f\x20\0\0\0\0\x73\
\x12\x60\x20\0\0\0\0\x71\x81\x2e\x20\0\0\0\0\x73\x12\x5f\x20\0\0\0\0\x71\x81\
\x2d\x20\0\0\0\0\x73\x12\x5e\x20\0\0\0\0\x71\x81\x2c\x20\0\0\0\0\x73\x12\x5d\
\x20\0\0\0\0\x71\x81\x2b\x20\0\0\0\0\x73\x12\x5c\x20\0\0\0\0\x71\x81\x2a\x20\0\
\0\0\0\x73\x12\x5b\x20\0\0\0\0\x71\x81\x29\x20\0\0\0\0\x73\x12\x5a\x20\0\0\0\0\
\x71\x81\x28\x20\0\0\0\0\x73\x12\x59\x20\0\0\0\0\x71\x81\x27\x20\0\0\0\0\x73\
\x12\x58\x20\0\0\0\0\x71\x81\x26\x20\0\0\0\0\x73\x12\x57\x20\0\0\0\0\x71\x81\
\x25\x20\0\0\0\0\x73\x12\x56\x20\0\0\0\0\x71\x81\x24\x20\0\0\0\0\x73\x12\x55\
\x20\0\0\0\0\x71\x81\x23\x20\0\0\0\0\x73\x12\x54\x20\0\0\0\0\x71\x81\x22\x20\0\
\0\0\0\x73\x12\x53\x20\0\0\0\0\x71\x81\x21\x20\0\0\0\0\x73\x12\x52\x20\0\0\0\0\
\x71\x81\x20\x20\0\0\0\0\x73\x12\x51\x20\0\0\0\0\x71\x81\x1f\x20\0\0\0\0\x73\
\x12\x50\x20\0\0\0\0\x71\x81\x1e\x20\0\0\0\0\x73\x12\x4f\x20\0\0\0\0\x71\x81\
\x1d\x20\0\0\0\0\x73\x12\x4e\x20\0\0\0\0\x71\x81\x1c\x20\0\0\0\0\x73\x12\x4d\
\x20\0\0\0\0\x71\x81\x1b\x20\0\0\0\0\x73\x12\x4c\x20\0\0\0\0\x71\x81\x1a\x20\0\
\0\0\0\x73\x12\x4b\x20\0\0\0\0\x71\x81\x19\x20\0\0\0\0\x73\x12\x4a\x20\0\0\0\0\
\x71\x81\x18\x20\0\0\0\0\x73\x12\x49\x20\0\0\0\0\x71\x81\x17\x20\0\0\0\0\x73\
\x12\x48\x20\0\0\0\0\x71\x81\x16\x20\0\0\0\0\x73\x12\x47\x20\0\0\0\0\x71\x81\
\x15\x20\0\0\0\0\x73\x12\x46\x20\0\0\0\0\x71\x81\x14\x20\0\0\0\0\x73\x12\x45\
\x20\0\0\0\0\x71\x81\x13\x20\0\0\0\0\x73\x12\x44\x20\0\0\0\0\x71\x81\x12\x20\0\
\0\0\0\x73\x12\x43\x20\0\0\0\0\x71\x81\x11\x20\0\0\0\0\x73\x12\x42\x20\0\0\0\0\
\x71\x81\x10\x20\0\0\0\0\x73\x12\x41\x20\0\0\0\0\x71\x81\x0f\x20\0\0\0\0\x73\
\x12\x40\x20\0\0\0\0\x71\x81\x0e\x20\0\0\0\0\x73\x12\x3f\x20\0\0\0\0\x71\x81\
\x0d\x20\0\0\0\0\x73\x12\x3e\x20\0\0\0\0\x71\x81\x0c\x20\0\0\0\0\x73\x12\x3d\
\x20\0\0\0\0\x71\x81\x0b\x20\0\0\0\0\x73\x12\x3c\x20\0\0\0\0\x71\x81\x0a\x20\0\
\0\0\0\x73\x12\x3b\x20\0\0\0\0\x71\x81\x09\x20\0\0\0\0\x73\x12\x3a\x20\0\0\0\0\
\x71\x81\x08\x20\0\0\0\0\x73\x12\x39\x20\0\0\0\0\x71\x81\x07\x20\0\0\0\0\x73\
\x12\x38\x20\0\0\0\0\x71\x81\x06\x20\0\0\0\0\x73\x12\x37\x20\0\0\0\0\x71\x81\
\x05\x20\0\0\0\0\x73\x12\x36\x20\0\0\0\0\x71\x81\x04\x20\0\0\0\0\x73\x12\x35\
\x20\0\0\0\0\x71\x81\x03\x20\0\0\0\0\x73\x12\x34\x20\0\0\0\0\x71\x81\x02\x20\0\
\0\0\0\x73\x12\x33\x20\0\0\0\0\x71\x81\x01\x20\0\0\0\0\x73\x12\x32\x20\0\0\0\0\
\x71\x81\0\x20\0\0\0\0\x73\x12\x31\x20\0\0\0\0\xa6\x04\x09\x04\x01\x21\0\0\xbf\
\x81\0\0\0\0\0\0\x07\x01\0\0\0\x22\0\0\x2d\x51\x06\x04\0\0\0\0\x71\x81\xff\x21\
\0\0\0\0\x79\xa2\xb0\xff\0\0\0\0\x73\x12\x30\x22\0\0\0\0\x71\x81\xfe\x21\0\0\0\
\0\x73\x12\x2f\x22\0\0\0\0\x71\x81\xfd\x21\0\0\0\0\x73\x12\x2e\x22\0\0\0\0\x71\
\x81\xfc\x21\0\0\0\0\x73\x12\x2d\x22\0\0\0\0\x71\x81\xfb\x21\0\0\0\0\x73\x12\
\x2c\x22\0\0\0\0\x71\x81\xfa\x21\0\0\0\0\x73\x12\x2b\x22\0\0\0\0\x71\x81\xf9\
\x21\0\0\0\0\x73\x12\x2a\x22\0\0\0\0\x71\x81\xf8\x21\0\0\0\0\x73\x12\x29\x22\0\
\0\0\0\x71\x81\xf7\x21\0\0\0\0\x73\x12\x28\x22\0\0\0\0\x71\x81\xf6\x21\0\0\0\0\
\x73\x12\x27\x22\0\0\0\0\x71\x81\xf5\x21\0\0\0\0\x73\x12\x26\x22\0\0\0\0\x71\
\x81\xf4\x21\0\0\0\0\x73\x12\x25\x22\0\0\0\0\x71\x81\xf3\x21\0\0\0\0\x73\x12\
\x24\x22\0\0\0\0\x71\x81\xf2\x21\0\0\0\0\x73\x12\x23\x22\0\0\0\0\x71\x81\xf1\
\x21\0\0\0\0\x73\x12\x22\x22\0\0\0\0\x71\x81\xf0\x21\0\0\0\0\x73\x12\x21\x22\0\
\0\0\0\x71\x81\xef\x21\0\0\0\0\x73\x12\x20\x22\0\0\0\0\x71\x81\xee\x21\0\0\0\0\
\x73\x12\x1f\x22\0\0\0\0\x71\x81\xed\x21\0\0\0\0\x73\x12\x1e\x22\0\0\0\0\x71\
\x81\xec\x21\0\0\0\0\x73\x12\x1d\x22\0\0\0\0\x71\x81\xeb\x21\0\0\0\0\x73\x12\
\x1c\x22\0\0\0\0\x71\x81\xea\x21\0\0\0\0\x73\x12\x1b\x22\0\0\0\0\x71\x81\xe9\
\x21\0\0\0\0\x73\x12\x1a\x22\0\0\0\0\x71\x81\xe8\x21\0\0\0\0\x73\x12\x19\x22\0\
\0\0\0\x71\x81\xe7\x21\0\0\0\0\x73\x12\x18\x22\0\0\0\0\x71\x81\xe6\x21\0\0\0\0\
\x73\x12\x17\x22\0\0\0\0\x71\x81\xe5\x21\0\0\0\0\x73\x12\x16\x22\0\0\0\0\x71\
\x81\xe4\x21\0\0\0\0\x73\x12\x15\x22\0\0\0\0\x71\x81\xe3\x21\0\0\0\0\x73\x12\
\x14\x22\0\0\0\0\x71\x81\xe2\x21\0\0\0\0\x73\x12\x13\x22\0\0\0\0\x71\x81\xe1\
\x21\0\0\0\0\x73\x12\x12\x22\0\0\0\0\x71\x81\xe0\x21\0\0\0\0\x73\x12\x11\x22\0\
\0\0\0\x71\x81\xdf\x21\0\0\0\0\x73\x12\x10\x22\0\0\0\0\x71\x81\xde\x21\0\0\0\0\
\x73\x12\x0f\x22\0\0\0\0\x71\x81\xdd\x21\0\0\0\0\x73\x12\x0e\x22\0\0\0\0\x71\
\x81\xdc\x21\0\0\0\0\x73\x12\x0d\x22\0\0\0\0\x71\x81\xdb\x21\0\0\0\0\x73\x12\
\x0c\x22\0\0\0\0\x71\x81\xda\x21\0\0\0\0\x73\x12\x0b\x22\0\0\0\0\x71\x81\xd9\
\x21\0\0\0\0\x73\x12\x0a\x22\0\0\0\0\x71\x81\xd8\x21\0\0\0\0\x73\x12\x09\x22\0\
\0\0\0\x71\x81\xd7\x21\0\0\0\0\x73\x12\x08\x22\0\0\0\0\x71\x81\xd6\x21\0\0\0\0\
\x73\x12\x07\x22\0\0\0\0\x71\x81\xd5\x21\0\0\0\0\x73\x12\x06\x22\0\0\0\0\x71\
\x81\xd4\x21\0\0\0\0\x73\x12\x05\x22\0\0\0\0\x71\x81\xd3\x21\0\0\0\0\x73\x12\
\x04\x22\0\0\0\0\x71\x81\xd2\x21\0\0\0\0\x73\x12\x03\x22\0\0\0\0\x71\x81\xd1\
\x21\0\0\0\0\x73\x12\x02\x22\0\0\0\0\x71\x81\xd0\x21\0\0\0\0\x73\x12\x01\x22\0\
\0\0\0\x71\x81\xcf\x21\0\0\0\0\x73\x12\0\x22\0\0\0\0\x71\x81\xce\x21\0\0\0\0\
\x73\x12\xff\x21\0\0\0\0\x71\x81\xcd\x21\0\0\0\0\x73\x12\xfe\x21\0\0\0\0\x71\
\x81\xcc\x21\0\0\0\0\x73\x12\xfd\x21\0\0\0\0\x71\x81\xcb\x21\0\0\0\0\x73\x12\
\xfc\x21\0\0\0\0\x71\x81\xca\x21\0\0\0\0\x73\x12\xfb\x21\0\0\0\0\x71\x81\xc9\
\x21\0\0\0\0\x73\x12\xfa\x21\0\0\0\0\x71\x81\xc8\x21\0\0\0\0\x73\x12\xf9\x21\0\
\0\0\0\x71\x81\xc7\x21\0\0\0\0\x73\x12\xf8\x21\0\0\0\0\x71\x81\xc6\x21\0\0\0\0\
\x73\x12\xf7\x21\0\0\0\0\x71\x81\xc5\x21\0\0\0\0\x73\x12\xf6\x21\0\0\0\0\x71\
\x81\xc4\x21\0\0\0\0\x73\x12\xf5\x21\0\0\0\0\x71\x81\xc3\x21\0\0\0\0\x73\x12\
\xf4\x21\0\0\0\0\x71\x81\xc2\x21\0\0\0\0\x73\x12\xf3\x21\0\0\0\0\x71\x81\xc1\
\x21\0\0\0\0\x73\x12\xf2\x21\0\0\0\0\x71\x81\xc0\x21\0\0\0\0\x73\x12\xf1\x21\0\
\0\0\0\x71\x81\xbf\x21\0\0\0\0\x73\x12\xf0\x21\0\0\0\0\x71\x81\xbe\x21\0\0\0\0\
\x73\x12\xef\x21\0\0\0\0\x71\x81\xbd\x21\0\0\0\0\x73\x12\xee\x21\0\0\0\0\x71\
\x81\xbc\x21\0\0\0\0\x73\x12\xed\x21\0\0\0\0\x71\x81\xbb\x21\0\0\0\0\x73\x12\
\xec\x21\0\0\0\0\x71\x81\xba\x21\0\0\0\0\x73\x12\xeb\x21\0\0\0\0\x71\x81\xb9\
\x21\0\0\0\0\x73\x12\xea\x21\0\0\0\0\x71\x81\xb8\x21\0\0\0\0\x73\x12\xe9\x21\0\
\0\0\0\x71\x81\xb7\x21\0\0\0\0\x73\x12\xe8\x21\0\0\0\0\x71\x81\xb6\x21\0\0\0\0\
\x73\x12\xe7\x21\0\0\0\0\x71\x81\xb5\x21\0\0\0\0\x73\x12\xe6\x21\0\0\0\0\x71\
\x81\xb4\x21\0\0\0\0\x73\x12\xe5\x21\0\0\0\0\x71\x81\xb3\x21\0\0\0\0\x73\x12\
\xe4\x21\0\0\0\0\x71\x81\xb2\x21\0\0\0\0\x73\x12\xe3\x21\0\0\0\0\x71\x81\xb1\
\x21\0\0\0\0\x73\x12\xe2\x21\0\0\0\0\x71\x81\xb0\x21\0\0\0\0\x73\x12\xe1\x21\0\
\0\0\0\x71\x81\xaf\x21\0\0\0\0\x73\x12\xe0\x21\0\0\0\0\x71\x81\xae\x21\0\0\0\0\
\x73\x12\xdf\x21\0\0\0\0\x71\x81\xad\x21\0\0\0\0\x73\x12\xde\x21\0\0\0\0\x71\
\x81\xac\x21\0\0\0\0\x73\x12\xdd\x21\0\0\0\0\x71\x81\xab\x21\0\0\0\0\x73\x12\
\xdc\x21\0\0\0\0\x71\x81\xaa\x21\0\0\0\0\x73\x12\xdb\x21\0\0\0\0\x71\x81\xa9\
\x21\0\0\0\0\x73\x12\xda\x21\0\0\0\0\x71\x81\xa8\x21\0\0\0\0\x73\x12\xd9\x21\0\
\0\0\0\x71\x81\xa7\x21\0\0\0\0\x73\x12\xd8\x21\0\0\0\0\x71\x81\xa6\x21\0\0\0\0\
\x73\x12\xd7\x21\0\0\0\0\x71\x81\xa5\x21\0\0\0\0\x73\x12\xd6\x21\0\0\0\0\x71\
\x81\xa4\x21\0\0\0\0\x73\x12\xd5\x21\0\0\0\0\x71\x81\xa3\x21\0\0\0\0\x73\x12\
\xd4\x21\0\0\0\0\x71\x81\xa2\x21\0\0\0\0\x73\x12\xd3\x21\0\0\0\0\x71\x81\xa1\
\x21\0\0\0\0\x73\x12\xd2\x21\0\0\0\0\x71\x81\xa0\x21\0\0\0\0\x73\x12\xd1\x21\0\
\0\0\0\x71\x81\x9f\x21\0\0\0\0\x73\x12\xd0\x21\0\0\0\0\x71\x81\x9e\x21\0\0\0\0\
\x73\x12\xcf\x21\0\0\0\0\x71\x81\x9d\x21\0\0\0\0\x73\x12\xce\x21\0\0\0\0\x71\
\x81\x9c\x21\0\0\0\0\x73\x12\xcd\x21\0\0\0\0\x71\x81\x9b\x21\0\0\0\0\x73\x12\
\xcc\x21\0\0\0\0\x71\x81\x9a\x21\0\0\0\0\x73\x12\xcb\x21\0\0\0\0\x71\x81\x99\
\x21\0\0\0\0\x73\x12\xca\x21\0\0\0\0\x71\x81\x98\x21\0\0\0\0\x73\x12\xc9\x21\0\
\0\0\0\x71\x81\x97\x21\0\0\0\0\x73\x12\xc8\x21\0\0\0\0\x71\x81\x96\x21\0\0\0\0\
\x73\x12\xc7\x21\0\0\0\0\x71\x81\x95\x21\0\0\0\0\x73\x12\xc6\x21\0\0\0\0\x71\
\x81\x94\x21\0\0\0\0\x73\x12\xc5\x21\0\0\0\0\x71\x81\x93\x21\0\0\0\0\x73\x12\
\xc4\x21\0\0\0\0\x71\x81\x92\x21\0\0\0\0\x73\x12\xc3\x21\0\0\0\0\x71\x81\x91\
\x21\0\0\0\0\x73\x12\xc2\x21\0\0\0\0\x71\x81\x90\x21\0\0\0\0\x73\x12\xc1\x21\0\
\0\0\0\x71\x81\x8f\x21\0\0\0\0\x73\x12\xc0\x21\0\0\0\0\x71\x81\x8e\x21\0\0\0\0\
\x73\x12\xbf\x21\0\0\0\0\x71\x81\x8d\x21\0\0\0\0\x73\x12\xbe\x21\0\0\0\0\x71\
\x81\x8c\x21\0\0\0\0\x73\x12\xbd\x21\0\0\0\0\x71\x81\x8b\x21\0\0\0\0\x73\x12\
\xbc\x21\0\0\0\0\x71\x81\x8a\x21\0\0\0\0\x73\x12\xbb\x21\0\0\0\0\x71\x81\x89\
\x21\0\0\0\0\x73\x12\xba\x21\0\0\0\0\x71\x81\x88\x21\0\0\0\0\x73\x12\xb9\x21\0\
\0\0\0\x71\x81\x87\x21\0\0\0\0\x73\x12\xb8\x21\0\0\0\0\x71\x81\x86\x21\0\0\0\0\
\x73\x12\xb7\x21\0\0\0\0\x71\x81\x85\x21\0\0\0\0\x73\x12\xb6\x21\0\0\0\0\x71\
\x81\x84\x21\0\0\0\0\x73\x12\xb5\x21\0\0\0\0\x71\x81\x83\x21\0\0\0\0\x73\x12\
\xb4\x21\0\0\0\0\x71\x81\x82\x21\0\0\0\0\x73\x12\xb3\x21\0\0\0\0\x71\x81\x81\
\x21\0\0\0\0\x73\x12\xb2\x21\0\0\0\0\x71\x81\x80\x21\0\0\0\0\x73\x12\xb1\x21\0\
\0\0\0\x71\x81\x7f\x21\0\0\0\0\x73\x12\xb0\x21\0\0\0\0\x71\x81\x7e\x21\0\0\0\0\
\x73\x12\xaf\x21\0\0\0\0\x71\x81\x7d\x21\0\0\0\0\x73\x12\xae\x21\0\0\0\0\x71\
\x81\x7c\x21\0\0\0\0\x73\x12\xad\x21\0\0\0\0\x71\x81\x7b\x21\0\0\0\0\x73\x12\
\xac\x21\0\0\0\0\x71\x81\x7a\x21\0\0\0\0\x73\x12\xab\x21\0\0\0\0\x71\x81\x79\
\x21\0\0\0\0\x73\x12\xaa\x21\0\0\0\0\x71\x81\x78\x21\0\0\0\0\x73\x12\xa9\x21\0\
\0\0\0\x71\x81\x77\x21\0\0\0\0\x73\x12\xa8\x21\0\0\0\0\x71\x81\x76\x21\0\0\0\0\
\x73\x12\xa7\x21\0\0\0\0\x71\x81\x75\x21\0\0\0\0\x73\x12\xa6\x21\0\0\0\0\x71\
\x81\x74\x21\0\0\0\0\x73\x12\xa5\x21\0\0\0\0\x71\x81\x73\x21\0\0\0\0\x73\x12\
\xa4\x21\0\0\0\0\x71\x81\x72\x21\0\0\0\0\x73\x12\xa3\x21\0\0\0\0\x71\x81\x71\
\x21\0\0\0\0\x73\x12\xa2\x21\0\0\0\0\x71\x81\x70\x21\0\0\0\0\x73\x12\xa1\x21\0\
\0\0\0\x71\x81\x6f\x21\0\0\0\0\x73\x12\xa0\x21\0\0\0\0\x71\x81\x6e\x21\0\0\0\0\
\x73\x12\x9f\x21\0\0\0\0\x71\x81\x6d\x21\0\0\0\0\x73\x12\x9e\x21\0\0\0\0\x71\
\x81\x6c\x21\0\0\0\0\x73\x12\x9d\x21\0\0\0\0\x71\x81\x6b\x21\0\0\0\0\x73\x12\
\x9c\x21\0\0\0\0\x71\x81\x6a\x21\0\0\0\0\x73\x12\x9b\x21\0\0\0\0\x71\x81\x69\
\x21\0\0\0\0\x73\x12\x9a\x21\0\0\0\0\x71\x81\x68\x21\0\0\0\0\x73\x12\x99\x21\0\
\0\0\0\x71\x81\x67\x21\0\0\0\0\x73\x12\x98\x21\0\0\0\0\x71\x81\x66\x21\0\0\0\0\
\x73\x12\x97\x21\0\0\0\0\x71\x81\x65\x21\0\0\0\0\x73\x12\x96\x21\0\0\0\0\x71\
\x81\x64\x21\0\0\0\0\x73\x12\x95\x21\0\0\0\0\x71\x81\x63\x21\0\0\0\0\x73\x12\
\x94\x21\0\0\0\0\x71\x81\x62\x21\0\0\0\0\x73\x12\x93\x21\0\0\0\0\x71\x81\x61\
\x21\0\0\0\0\x73\x12\x92\x21\0\0\0\0\x71\x81\x60\x21\0\0\0\0\x73\x12\x91\x21\0\
\0\0\0\x71\x81\x5f\x21\0\0\0\0\x73\x12\x90\x21\0\0\0\0\x71\x81\x5e\x21\0\0\0\0\
\x73\x12\x8f\x21\0\0\0\0\x71\x81\x5d\x21\0\0\0\0\x73\x12\x8e\x21\0\0\0\0\x71\
\x81\x5c\x21\0\0\0\0\x73\x12\x8d\x21\0\0\0\0\x71\x81\x5b\x21\0\0\0\0\x73\x12\
\x8c\x21\0\0\0\0\x71\x81\x5a\x21\0\0\0\0\x73\x12\x8b\x21\0\0\0\0\x71\x81\x59\
\x21\0\0\0\0\x73\x12\x8a\x21\0\0\0\0\x71\x81\x58\x21\0\0\0\0\x73\x12\x89\x21\0\
\0\0\0\x71\x81\x57\x21\0\0\0\0\x73\x12\x88\x21\0\0\0\0\x71\x81\x56\x21\0\0\0\0\
\x73\x12\x87\x21\0\0\0\0\x71\x81\x55\x21\0\0\0\0\x73\x12\x86\x21\0\0\0\0\x71\
\x81\x54\x21\0\0\0\0\x73\x12\x85\x21\0\0\0\0\x71\x81\x53\x21\0\0\0\0\x73\x12\
\x84\x21\0\0\0\0\x71\x81\x52\x21\0\0\0\0\x73\x12\x83\x21\0\0\0\0\x71\x81\x51\
\x21\0\0\0\0\x73\x12\x82\x21\0\0\0\0\x71\x81\x50\x21\0\0\0\0\x73\x12\x81\x21\0\
\0\0\0\x71\x81\x4f\x21\0\0\0\0\x73\x12\x80\x21\0\0\0\0\x71\x81\x4e\x21\0\0\0\0\
\x73\x12\x7f\x21\0\0\0\0\x71\x81\x4d\x21\0\0\0\0\x73\x12\x7e\x21\0\0\0\0\x71\
\x81\x4c\x21\0\0\0\0\x73\x12\x7d\x21\0\0\0\0\x71\x81\x4b\x21\0\0\0\0\x73\x12\
\x7c\x21\0\0\0\0\x71\x81\x4a\x21\0\0\0\0\x73\x12\x7b\x21\0\0\0\0\x71\x81\x49\
\x21\0\0\0\0\x73\x12\x7a\x21\0\0\0\0\x71\x81\x48\x21\0\0\0\0\x73\x12\x79\x21\0\
\0\0\0\x71\x81\x47\x21\0\0\0\0\x73\x12\x78\x21\0\0\0\0\x71\x81\x46\x21\0\0\0\0\
\x73\x12\x77\x21\0\0\0\0\x71\x81\x45\x21\0\0\0\0\x73\x12\x76\x21\0\0\0\0\x71\
\x81\x44\x21\0\0\0\0\x73\x12\x75\x21\0\0\0\0\x71\x81\x43\x21\0\0\0\0\x73\x12\
\x74\x21\0\0\0\0\x71\x81\x42\x21\0\0\0\0\x73\x12\x73\x21\0\0\0\0\x71\x81\x41\
\x21\0\0\0\0\x73\x12\x72\x21\0\0\0\0\x71\x81\x40\x21\0\0\0\0\x73\x12\x71\x21\0\
\0\0\0\x71\x81\x3f\x21\0\0\0\0\x73\x12\x70\x21\0\0\0\0\x71\x81\x3e\x21\0\0\0\0\
\x73\x12\x6f\x21\0\0\0\0\x71\x81\x3d\x21\0\0\0\0\x73\x12\x6e\x21\0\0\0\0\x71\
\x81\x3c\x21\0\0\0\0\x73\x12\x6d\x21\0\0\0\0\x71\x81\x3b\x21\0\0\0\0\x73\x12\
\x6c\x21\0\0\0\0\x71\x81\x3a\x21\0\0\0\0\x73\x12\x6b\x21\0\0\0\0\x71\x81\x39\
\x21\0\0\0\0\x73\x12\x6a\x21\0\0\0\0\x71\x81\x38\x21\0\0\0\0\x73\x12\x69\x21\0\
\0\0\0\x71\x81\x37\x21\0\0\0\0\x73\x12\x68\x21\0\0\0\0\x71\x81\x36\x21\0\0\0\0\
\x73\x12\x67\x21\0\0\0\0\x71\x81\x35\x21\0\0\0\0\x73\x12\x66\x21\0\0\0\0\x71\
\x81\x34\x21\0\0\0\0\x73\x12\x65\x21\0\0\0\0\x71\x81\x33\x21\0\0\0\0\x73\x12\
\x64\x21\0\0\0\0\x71\x81\x32\x21\0\0\0\0\x73\x12\x63\x21\0\0\0\0\x71\x81\x31\
\x21\0\0\0\0\x73\x12\x62\x21\0\0\0\0\x71\x81\x30\x21\0\0\0\0\x73\x12\x61\x21\0\
\0\0\0\x71\x81\x2f\x21\0\0\0\0\x73\x12\x60\x21\0\0\0\0\x71\x81\x2e\x21\0\0\0\0\
\x73\x12\x5f\x21\0\0\0\0\x71\x81\x2d\x21\0\0\0\0\x73\x12\x5e\x21\0\0\0\0\x71\
\x81\x2c\x21\0\0\0\0\x73\x12\x5d\x21\0\0\0\0\x71\x81\x2b\x21\0\0\0\0\x73\x12\
\x5c\x21\0\0\0\0\x71\x81\x2a\x21\0\0\0\0\x73\x12\x5b\x21\0\0\0\0\x71\x81\x29\
\x21\0\0\0\0\x73\x12\x5a\x21\0\0\0\0\x71\x81\x28\x21\0\0\0\0\x73\x12\x59\x21\0\
\0\0\0\x71\x81\x27\x21\0\0\0\0\x73\x12\x58\x21\0\0\0\0\x71\x81\x26\x21\0\0\0\0\
\x73\x12\x57\x21\0\0\0\0\x71\x81\x25\x21\0\0\0\0\x73\x12\x56\x21\0\0\0\0\x71\
\x81\x24\x21\0\0\0\0\x73\x12\x55\x21\0\0\0\0\x71\x81\x23\x21\0\0\0\0\x73\x12\
\x54\x21\0\0\0\0\x71\x81\x22\x21\0\0\0\0\x73\x12\x53\x21\0\0\0\0\x71\x81\x21\
\x21\0\0\0\0\x73\x12\x52\x21\0\0\0\0\x71\x81\x20\x21\0\0\0\0\x73\x12\x51\x21\0\
\0\0\0\x71\x81\x1f\x21\0\0\0\0\x73\x12\x50\x21\0\0\0\0\x71\x81\x1e\x21\0\0\0\0\
\x73\x12\x4f\x21\0\0\0\0\x71\x81\x1d\x21\0\0\0\0\x73\x12\x4e\x21\0\0\0\0\x71\
\x81\x1c\x21\0\0\0\0\x73\x12\x4d\x21\0\0\0\0\x71\x81\x1b\x21\0\0\0\0\x73\x12\
\x4c\x21\0\0\0\0\x71\x81\x1a\x21\0\0\0\0\x73\x12\x4b\x21\0\0\0\0\x71\x81\x19\
\x21\0\0\0\0\x73\x12\x4a\x21\0\0\0\0\x71\x81\x18\x21\0\0\0\0\x73\x12\x49\x21\0\
\0\0\0\x71\x81\x17\x21\0\0\0\0\x73\x12\x48\x21\0\0\0\0\x71\x81\x16\x21\0\0\0\0\
\x73\x12\x47\x21\0\0\0\0\x71\x81\x15\x21\0\0\0\0\x73\x12\x46\x21\0\0\0\0\x71\
\x81\x14\x21\0\0\0\0\x73\x12\x45\x21\0\0\0\0\x71\x81\x13\x21\0\0\0\0\x73\x12\
\x44\x21\0\0\0\0\x71\x81\x12\x21\0\0\0\0\x73\x12\x43\x21\0\0\0\0\x71\x81\x11\
\x21\0\0\0\0\x73\x12\x42\x21\0\0\0\0\x71\x81\x10\x21\0\0\0\0\x73\x12\x41\x21\0\
\0\0\0\x71\x81\x0f\x21\0\0\0\0\x73\x12\x40\x21\0\0\0\0\x71\x81\x0e\x21\0\0\0\0\
\x73\x12\x3f\x21\0\0\0\0\x71\x81\x0d\x21\0\0\0\0\x73\x12\x3e\x21\0\0\0\0\x71\
\x81\x0c\x21\0\0\0\0\x73\x12\x3d\x21\0\0\0\0\x71\x81\x0b\x21\0\0\0\0\x73\x12\
\x3c\x21\0\0\0\0\x71\x81\x0a\x21\0\0\0\0\x73\x12\x3b\x21\0\0\0\0\x71\x81\x09\
\x21\0\0\0\0\x73\x12\x3a\x21\0\0\0\0\x71\x81\x08\x21\0\0\0\0\x73\x12\x39\x21\0\
\0\0\0\x71\x81\x07\x21\0\0\0\0\x73\x12\x38\x21\0\0\0\0\x71\x81\x06\x21\0\0\0\0\
\x73\x12\x37\x21\0\0\0\0\x71\x81\x05\x21\0\0\0\0\x73\x12\x36\x21\0\0\0\0\x71\
\x81\x04\x21\0\0\0\0\x73\x12\x35\x21\0\0\0\0\x71\x81\x03\x21\0\0\0\0\x73\x12\
\x34\x21\0\0\0\0\x71\x81\x02\x21\0\0\0\0\x73\x12\x33\x21\0\0\0\0\x71\x81\x01\
\x21\0\0\0\0\x73\x12\x32\x21\0\0\0\0\x71\x81\0\x21\0\0\0\0\x73\x12\x31\x21\0\0\
\0\0\xa6\x04\x04\x02\x01\x22\0\0\xbf\x81\0\0\0\0\0\0\x07\x01\0\0\0\x23\0\0\x2d\
\x51\x01\x02\0\0\0\0\x71\x81\xff\x22\0\0\0\0\x79\xa2\xb0\xff\0\0\0\0\x73\x12\
\x30\x23\0\0\0\0\x71\x81\xfe\x22\0\0\0\0\x73\x12\x2f\x23\0\0\0\0\x71\x81\xfd\
\x22\0\0\0\0\x73\x12\x2e\x23\0\0\0\0\x71\x81\xfc\x22\0\0\0\0\x73\x12\x2d\x23\0\
\0\0\0\x71\x81\xfb\x22\0\0\0\0\x73\x12\x2c\x23\0\0\0\0\x71\x81\xfa\x22\0\0\0\0\
\x73\x12\x2b\x23\0\0\0\0\x71\x81\xf9\x22\0\0\0\0\x73\x12\x2a\x23\0\0\0\0\x71\
\x81\xf8\x22\0\0\0\0\x73\x12\x29\x23\0\0\0\0\x71\x81\xf7\x22\0\0\0\0\x73\x12\
\x28\x23\0\0\0\0\x71\x81\xf6\x22\0\0\0\0\x73\x12\x27\x23\0\0\0\0\x71\x81\xf5\
\x22\0\0\0\0\x73\x12\x26\x23\0\0\0\0\x71\x81\xf4\x22\0\0\0\0\x73\x12\x25\x23\0\
\0\0\0\x71\x81\xf3\x22\0\0\0\0\x73\x12\x24\x23\0\0\0\0\x71\x81\xf2\x22\0\0\0\0\
\x73\x12\x23\x23\0\0\0\0\x71\x81\xf1\x22\0\0\0\0\x73\x12\x22\x23\0\0\0\0\x71\
\x81\xf0\x22\0\0\0\0\x73\x12\x21\x23\0\0\0\0\x71\x81\xef\x22\0\0\0\0\x73\x12\
\x20\x23\0\0\0\0\x71\x81\xee\x22\0\0\0\0\x73\x12\x1f\x23\0\0\0\0\x71\x81\xed\
\x22\0\0\0\0\x73\x12\x1e\x23\0\0\0\0\x71\x81\xec\x22\0\0\0\0\x73\x12\x1d\x23\0\
\0\0\0\x71\x81\xeb\x22\0\0\0\0\x73\x12\x1c\x23\0\0\0\0\x71\x81\xea\x22\0\0\0\0\
\x73\x12\x1b\x23\0\0\0\0\x71\x81\xe9\x22\0\0\0\0\x73\x12\x1a\x23\0\0\0\0\x71\
\x81\xe8\x22\0\0\0\0\x73\x12\x19\x23\0\0\0\0\x71\x81\xe7\x22\0\0\0\0\x73\x12\
\x18\x23\0\0\0\0\x71\x81\xe6\x22\0\0\0\0\x73\x12\x17\x23\0\0\0\0\x71\x81\xe5\
\x22\0\0\0\0\x73\x12\x16\x23\0\0\0\0\x71\x81\xe4\x22\0\0\0\0\x73\x12\x15\x23\0\
\0\0\0\x71\x81\xe3\x22\0\0\0\0\x73\x12\x14\x23\0\0\0\0\x71\x81\xe2\x22\0\0\0\0\
\x73\x12\x13\x23\0\0\0\0\x71\x81\xe1\x22\0\0\0\0\x73\x12\x12\x23\0\0\0\0\x71\
\x81\xe0\x22\0\0\0\0\x73\x12\x11\x23\0\0\0\0\x71\x81\xdf\x22\0\0\0\0\x73\x12\
\x10\x23\0\0\0\0\x71\x81\xde\x22\0\0\0\0\x73\x12\x0f\x23\0\0\0\0\x71\x81\xdd\
\x22\0\0\0\0\x73\x12\x0e\x23\0\0\0\0\x71\x81\xdc\x22\0\0\0\0\x73\x12\x0d\x23\0\
\0\0\0\x71\x81\xdb\x22\0\0\0\0\x73\x12\x0c\x23\0\0\0\0\x71\x81\xda\x22\0\0\0\0\
\x73\x12\x0b\x23\0\0\0\0\x71\x81\xd9\x22\0\0\0\0\x73\x12\x0a\x23\0\0\0\0\x71\
\x81\xd8\x22\0\0\0\0\x73\x12\x09\x23\0\0\0\0\x71\x81\xd7\x22\0\0\0\0\x73\x12\
\x08\x23\0\0\0\0\x71\x81\xd6\x22\0\0\0\0\x73\x12\x07\x23\0\0\0\0\x71\x81\xd5\
\x22\0\0\0\0\x73\x12\x06\x23\0\0\0\0\x71\x81\xd4\x22\0\0\0\0\x73\x12\x05\x23\0\
\0\0\0\x71\x81\xd3\x22\0\0\0\0\x73\x12\x04\x23\0\0\0\0\x71\x81\xd2\x22\0\0\0\0\
\x73\x12\x03\x23\0\0\0\0\x71\x81\xd1\x22\0\0\0\0\x73\x12\x02\x23\0\0\0\0\x71\
\x81\xd0\x22\0\0\0\0\x73\x12\x01\x23\0\0\0\0\x71\x81\xcf\x22\0\0\0\0\x73\x12\0\
\x23\0\0\0\0\x71\x81\xce\x22\0\0\0\0\x73\x12\xff\x22\0\0\0\0\x71\x81\xcd\x22\0\
\0\0\0\x73\x12\xfe\x22\0\0\0\0\x71\x81\xcc\x22\0\0\0\0\x73\x12\xfd\x22\0\0\0\0\
\x71\x81\xcb\x22\0\0\0\0\x73\x12\xfc\x22\0\0\0\0\x71\x81\xca\x22\0\0\0\0\x73\
\x12\xfb\x22\0\0\0\0\x71\x81\xc9\x22\0\0\0\0\x73\x12\xfa\x22\0\0\0\0\x71\x81\
\xc8\x22\0\0\0\0\x73\x12\xf9\x22\0\0\0\0\x71\x81\xc7\x22\0\0\0\0\x73\x12\xf8\
\x22\0\0\0\0\x71\x81\xc6\x22\0\0\0\0\x73\x12\xf7\x22\0\0\0\0\x71\x81\xc5\x22\0\
\0\0\0\x73\x12\xf6\x22\0\0\0\0\x71\x81\xc4\x22\0\0\0\0\x73\x12\xf5\x22\0\0\0\0\
\x71\x81\xc3\x22\0\0\0\0\x73\x12\xf4\x22\0\0\0\0\x71\x81\xc2\x22\0\0\0\0\x73\
\x12\xf3\x22\0\0\0\0\x71\x81\xc1\x22\0\0\0\0\x73\x12\xf2\x22\0\0\0\0\x71\x81\
\xc0\x22\0\0\0\0\x73\x12\xf1\x22\0\0\0\0\x71\x81\xbf\x22\0\0\0\0\x73\x12\xf0\
\x22\0\0\0\0\x71\x81\xbe\x22\0\0\0\0\x73\x12\xef\x22\0\0\0\0\x71\x81\xbd\x22\0\
\0\0\0\x73\x12\xee\x22\0\0\0\0\x71\x81\xbc\x22\0\0\0\0\x73\x12\xed\x22\0\0\0\0\
\x71\x81\xbb\x22\0\0\0\0\x73\x12\xec\x22\0\0\0\0\x71\x81\xba\x22\0\0\0\0\x73\
\x12\xeb\x22\0\0\0\0\x71\x81\xb9\x22\0\0\0\0\x73\x12\xea\x22\0\0\0\0\x71\x81\
\xb8\x22\0\0\0\0\x73\x12\xe9\x22\0\0\0\0\x71\x81\xb7\x22\0\0\0\0\x73\x12\xe8\
\x22\0\0\0\0\x71\x81\xb6\x22\0\0\0\0\x73\x12\xe7\x22\0\0\0\0\x71\x81\xb5\x22\0\
\0\0\0\x73\x12\xe6\x22\0\0\0\0\x71\x81\xb4\x22\0\0\0\0\x73\x12\xe5\x22\0\0\0\0\
\x71\x81\xb3\x22\0\0\0\0\x73\x12\xe4\x22\0\0\0\0\x71\x81\xb2\x22\0\0\0\0\x73\
\x12\xe3\x22\0\0\0\0\x71\x81\xb1\x22\0\0\0\0\x73\x12\xe2\x22\0\0\0\0\x71\x81\
\xb0\x22\0\0\0\0\x73\x12\xe1\x22\0\0\0\0\x71\x81\xaf\x22\0\0\0\0\x73\x12\xe0\
\x22\0\0\0\0\x71\x81\xae\x22\0\0\0\0\x73\x12\xdf\x22\0\0\0\0\x71\x81\xad\x22\0\
\0\0\0\x73\x12\xde\x22\0\0\0\0\x71\x81\xac\x22\0\0\0\0\x73\x12\xdd\x22\0\0\0\0\
\x71\x81\xab\x22\0\0\0\0\x73\x12\xdc\x22\0\0\0\0\x71\x81\xaa\x22\0\0\0\0\x73\
\x12\xdb\x22\0\0\0\0\x71\x81\xa9\x22\0\0\0\0\x73\x12\xda\x22\0\0\0\0\x71\x81\
\xa8\x22\0\0\0\0\x73\x12\xd9\x22\0\0\0\0\x71\x81\xa7\x22\0\0\0\0\x73\x12\xd8\
\x22\0\0\0\0\x71\x81\xa6\x22\0\0\0\0\x73\x12\xd7\x22\0\0\0\0\x71\x81\xa5\x22\0\
\0\0\0\x73\x12\xd6\x22\0\0\0\0\x71\x81\xa4\x22\0\0\0\0\x73\x12\xd5\x22\0\0\0\0\
\x71\x81\xa3\x22\0\0\0\0\x73\x12\xd4\x22\0\0\0\0\x71\x81\xa2\x22\0\0\0\0\x73\
\x12\xd3\x22\0\0\0\0\x71\x81\xa1\x22\0\0\0\0\x73\x12\xd2\x22\0\0\0\0\x71\x81\
\xa0\x22\0\0\0\0\x73\x12\xd1\x22\0\0\0\0\x71\x81\x9f\x22\0\0\0\0\x73\x12\xd0\
\x22\0\0\0\0\x71\x81\x9e\x22\0\0\0\0\x73\x12\xcf\x22\0\0\0\0\x71\x81\x9d\x22\0\
\0\0\0\x73\x12\xce\x22\0\0\0\0\x71\x81\x9c\x22\0\0\0\0\x73\x12\xcd\x22\0\0\0\0\
\x71\x81\x9b\x22\0\0\0\0\x73\x12\xcc\x22\0\0\0\0\x71\x81\x9a\x22\0\0\0\0\x73\
\x12\xcb\x22\0\0\0\0\x71\x81\x99\x22\0\0\0\0\x73\x12\xca\x22\0\0\0\0\x71\x81\
\x98\x22\0\0\0\0\x73\x12\xc9\x22\0\0\0\0\x71\x81\x97\x22\0\0\0\0\x73\x12\xc8\
\x22\0\0\0\0\x71\x81\x96\x22\0\0\0\0\x73\x12\xc7\x22\0\0\0\0\x71\x81\x95\x22\0\
\0\0\0\x73\x12\xc6\x22\0\0\0\0\x71\x81\x94\x22\0\0\0\0\x73\x12\xc5\x22\0\0\0\0\
\x71\x81\x93\x22\0\0\0\0\x73\x12\xc4\x22\0\0\0\0\x71\x81\x92\x22\0\0\0\0\x73\
\x12\xc3\x22\0\0\0\0\x71\x81\x91\x22\0\0\0\0\x73\x12\xc2\x22\0\0\0\0\x71\x81\
\x90\x22\0\0\0\0\x73\x12\xc1\x22\0\0\0\0\x71\x81\x8f\x22\0\0\0\0\x73\x12\xc0\
\x22\0\0\0\0\x71\x81\x8e\x22\0\0\0\0\x73\x12\xbf\x22\0\0\0\0\x71\x81\x8d\x22\0\
\0\0\0\x73\x12\xbe\x22\0\0\0\0\x71\x81\x8c\x22\0\0\0\0\x73\x12\xbd\x22\0\0\0\0\
\x71\x81\x8b\x22\0\0\0\0\x73\x12\xbc\x22\0\0\0\0\x71\x81\x8a\x22\0\0\0\0\x73\
\x12\xbb\x22\0\0\0\0\x71\x81\x89\x22\0\0\0\0\x73\x12\xba\x22\0\0\0\0\x71\x81\
\x88\x22\0\0\0\0\x73\x12\xb9\x22\0\0\0\0\x71\x81\x87\x22\0\0\0\0\x73\x12\xb8\
\x22\0\0\0\0\x71\x81\x86\x22\0\0\0\0\x73\x12\xb7\x22\0\0\0\0\x71\x81\x85\x22\0\
\0\0\0\x73\x12\xb6\x22\0\0\0\0\x71\x81\x84\x22\0\0\0\0\x73\x12\xb5\x22\0\0\0\0\
\x71\x81\x83\x22\0\0\0\0\x73\x12\xb4\x22\0\0\0\0\x71\x81\x82\x22\0\0\0\0\x73\
\x12\xb3\x22\0\0\0\0\x71\x81\x81\x22\0\0\0\0\x73\x12\xb2\x22\0\0\0\0\x71\x81\
\x80\x22\0\0\0\0\x73\x12\xb1\x22\0\0\0\0\x71\x81\x7f\x22\0\0\0\0\x73\x12\xb0\
\x22\0\0\0\0\x71\x81\x7e\x22\0\0\0\0\x73\x12\xaf\x22\0\0\0\0\x71\x81\x7d\x22\0\
\0\0\0\x73\x12\xae\x22\0\0\0\0\x71\x81\x7c\x22\0\0\0\0\x73\x12\xad\x22\0\0\0\0\
\x71\x81\x7b\x22\0\0\0\0\x73\x12\xac\x22\0\0\0\0\x71\x81\x7a\x22\0\0\0\0\x73\
\x12\xab\x22\0\0\0\0\x71\x81\x79\x22\0\0\0\0\x73\x12\xaa\x22\0\0\0\0\x71\x81\
\x78\x22\0\0\0\0\x73\x12\xa9\x22\0\0\0\0\x71\x81\x77\x22\0\0\0\0\x73\x12\xa8\
\x22\0\0\0\0\x71\x81\x76\x22\0\0\0\0\x73\x12\xa7\x22\0\0\0\0\x71\x81\x75\x22\0\
\0\0\0\x73\x12\xa6\x22\0\0\0\0\x71\x81\x74\x22\0\0\0\0\x73\x12\xa5\x22\0\0\0\0\
\x71\x81\x73\x22\0\0\0\0\x73\x12\xa4\x22\0\0\0\0\x71\x81\x72\x22\0\0\0\0\x73\
\x12\xa3\x22\0\0\0\0\x71\x81\x71\x22\0\0\0\0\x73\x12\xa2\x22\0\0\0\0\x71\x81\
\x70\x22\0\0\0\0\x73\x12\xa1\x22\0\0\0\0\x71\x81\x6f\x22\0\0\0\0\x73\x12\xa0\
\x22\0\0\0\0\x71\x81\x6e\x22\0\0\0\0\x73\x12\x9f\x22\0\0\0\0\x71\x81\x6d\x22\0\
\0\0\0\x73\x12\x9e\x22\0\0\0\0\x71\x81\x6c\x22\0\0\0\0\x73\x12\x9d\x22\0\0\0\0\
\x71\x81\x6b\x22\0\0\0\0\x73\x12\x9c\x22\0\0\0\0\x71\x81\x6a\x22\0\0\0\0\x73\
\x12\x9b\x22\0\0\0\0\x71\x81\x69\x22\0\0\0\0\x73\x12\x9a\x22\0\0\0\0\x71\x81\
\x68\x22\0\0\0\0\x73\x12\x99\x22\0\0\0\0\x71\x81\x67\x22\0\0\0\0\x73\x12\x98\
\x22\0\0\0\0\x71\x81\x66\x22\0\0\0\0\x73\x12\x97\x22\0\0\0\0\x71\x81\x65\x22\0\
\0\0\0\x73\x12\x96\x22\0\0\0\0\x71\x81\x64\x22\0\0\0\0\x73\x12\x95\x22\0\0\0\0\
\x71\x81\x63\x22\0\0\0\0\x73\x12\x94\x22\0\0\0\0\x71\x81\x62\x22\0\0\0\0\x73\
\x12\x93\x22\0\0\0\0\x71\x81\x61\x22\0\0\0\0\x73\x12\x92\x22\0\0\0\0\x71\x81\
\x60\x22\0\0\0\0\x73\x12\x91\x22\0\0\0\0\x71\x81\x5f\x22\0\0\0\0\x73\x12\x90\
\x22\0\0\0\0\x71\x81\x5e\x22\0\0\0\0\x73\x12\x8f\x22\0\0\0\0\x71\x81\x5d\x22\0\
\0\0\0\x73\x12\x8e\x22\0\0\0\0\x71\x81\x5c\x22\0\0\0\0\x73\x12\x8d\x22\0\0\0\0\
\x71\x81\x5b\x22\0\0\0\0\x73\x12\x8c\x22\0\0\0\0\x71\x81\x5a\x22\0\0\0\0\x73\
\x12\x8b\x22\0\0\0\0\x71\x81\x59\x22\0\0\0\0\x73\x12\x8a\x22\0\0\0\0\x71\x81\
\x58\x22\0\0\0\0\x73\x12\x89\x22\0\0\0\0\x71\x81\x57\x22\0\0\0\0\x73\x12\x88\
\x22\0\0\0\0\x71\x81\x56\x22\0\0\0\0\x73\x12\x87\x22\0\0\0\0\x71\x81\x55\x22\0\
\0\0\0\x73\x12\x86\x22\0\0\0\0\x71\x81\x54\x22\0\0\0\0\x73\x12\x85\x22\0\0\0\0\
\x71\x81\x53\x22\0\0\0\0\x73\x12\x84\x22\0\0\0\0\x71\x81\x52\x22\0\0\0\0\x73\
\x12\x83\x22\0\0\0\0\x71\x81\x51\x22\0\0\0\0\x73\x12\x82\x22\0\0\0\0\x71\x81\
\x50\x22\0\0\0\0\x73\x12\x81\x22\0\0\0\0\x71\x81\x4f\x22\0\0\0\0\x73\x12\x80\
\x22\0\0\0\0\x71\x81\x4e\x22\0\0\0\0\x73\x12\x7f\x22\0\0\0\0\x71\x81\x4d\x22\0\
\0\0\0\x73\x12\x7e\x22\0\0\0\0\x71\x81\x4c\x22\0\0\0\0\x73\x12\x7d\x22\0\0\0\0\
\x71\x81\x4b\x22\0\0\0\0\x73\x12\x7c\x22\0\0\0\0\x71\x81\x4a\x22\0\0\0\0\x73\
\x12\x7b\x22\0\0\0\0\x71\x81\x49\x22\0\0\0\0\x73\x12\x7a\x22\0\0\0\0\x71\x81\
\x48\x22\0\0\0\0\x73\x12\x79\x22\0\0\0\0\x71\x81\x47\x22\0\0\0\0\x73\x12\x78\
\x22\0\0\0\0\x71\x81\x46\x22\0\0\0\0\x73\x12\x77\x22\0\0\0\0\x71\x81\x45\x22\0\
\0\0\0\x73\x12\x76\x22\0\0\0\0\x71\x81\x44\x22\0\0\0\0\x73\x12\x75\x22\0\0\0\0\
\x71\x81\x43\x22\0\0\0\0\x73\x12\x74\x22\0\0\0\0\x71\x81\x42\x22\0\0\0\0\x73\
\x12\x73\x22\0\0\0\0\x71\x81\x41\x22\0\0\0\0\x73\x12\x72\x22\0\0\0\0\x71\x81\
\x40\x22\0\0\0\0\x73\x12\x71\x22\0\0\0\0\x71\x81\x3f\x22\0\0\0\0\x73\x12\x70\
\x22\0\0\0\0\x71\x81\x3e\x22\0\0\0\0\x73\x12\x6f\x22\0\0\0\0\x71\x81\x3d\x22\0\
\0\0\0\x73\x12\x6e\x22\0\0\0\0\x71\x81\x3c\x22\0\0\0\0\x73\x12\x6d\x22\0\0\0\0\
\x71\x81\x3b\x22\0\0\0\0\x73\x12\x6c\x22\0\0\0\0\x71\x81\x3a\x22\0\0\0\0\x73\
\x12\x6b\x22\0\0\0\0\x71\x81\x39\x22\0\0\0\0\x73\x12\x6a\x22\0\0\0\0\x71\x81\
\x38\x22\0\0\0\0\x73\x12\x69\x22\0\0\0\0\x71\x81\x37\x22\0\0\0\0\x73\x12\x68\
\x22\0\0\0\0\x71\x81\x36\x22\0\0\0\0\x73\x12\x67\x22\0\0\0\0\x71\x81\x35\x22\0\
\0\0\0\x73\x12\x66\x22\0\0\0\0\x71\x81\x34\x22\0\0\0\0\x73\x12\x65\x22\0\0\0\0\
\x71\x81\x33\x22\0\0\0\0\x73\x12\x64\x22\0\0\0\0\x71\x81\x32\x22\0\0\0\0\x73\
\x12\x63\x22\0\0\0\0\x71\x81\x31\x22\0\0\0\0\x73\x12\x62\x22\0\0\0\0\x71\x81\
\x30\x22\0\0\0\0\x73\x12\x61\x22\0\0\0\0\x71\x81\x2f\x22\0\0\0\0\x73\x12\x60\
\x22\0\0\0\0\x71\x81\x2e\x22\0\0\0\0\x73\x12\x5f\x22\0\0\0\0\x71\x81\x2d\x22\0\
\0\0\0\x73\x12\x5e\x22\0\0\0\0\x71\x81\x2c\x22\0\0\0\0\x73\x12\x5d\x22\0\0\0\0\
\x71\x81\x2b\x22\0\0\0\0\x73\x12\x5c\x22\0\0\0\0\x71\x81\x2a\x22\0\0\0\0\x73\
\x12\x5b\x22\0\0\0\0\x71\x81\x29\x22\0\0\0\0\x73\x12\x5a\x22\0\0\0\0\x71\x81\
\x28\x22\0\0\0\0\x73\x12\x59\x22\0\0\0\0\x71\x81\x27\x22\0\0\0\0\x73\x12\x58\
\x22\0\0\0\0\x71\x81\x26\x22\0\0\0\0\x73\x12\x57\x22\0\0\0\0\x71\x81\x25\x22\0\
\0\0\0\x73\x12\x56\x22\0\0\0\0\x71\x81\x24\x22\0\0\0\0\x73\x12\x55\x22\0\0\0\0\
\x71\x81\x23\x22\0\0\0\0\x73\x12\x54\x22\0\0\0\0\x71\x81\x22\x22\0\0\0\0\x73\
\x12\x53\x22\0\0\0\0\x71\x81\x21\x22\0\0\0\0\x73\x12\x52\x22\0\0\0\0\x71\x81\
\x20\x22\0\0\0\0\x73\x12\x51\x22\0\0\0\0\x71\x81\x1f\x22\0\0\0\0\x73\x12\x50\
\x22\0\0\0\0\x71\x81\x1e\x22\0\0\0\0\x73\x12\x4f\x22\0\0\0\0\x71\x81\x1d\x22\0\
\0\0\0\x73\x12\x4e\x22\0\0\0\0\x71\x81\x1c\x22\0\0\0\0\x73\x12\x4d\x22\0\0\0\0\
\x71\x81\x1b\x22\0\0\0\0\x73\x12\x4c\x22\0\0\0\0\x71\x81\x1a\x22\0\0\0\0\x73\
\x12\x4b\x22\0\0\0\0\x71\x81\x19\x22\0\0\0\0\x73\x12\x4a\x22\0\0\0\0\x71\x81\
\x18\x22\0\0\0\0\x73\x12\x49\x22\0\0\0\0\x71\x81\x17\x22\0\0\0\0\x73\x12\x48\
\x22\0\0\0\0\x71\x81\x16\x22\0\0\0\0\x73\x12\x47\x22\0\0\0\0\x71\x81\x15\x22\0\
\0\0\0\x73\x12\x46\x22\0\0\0\0\x71\x81\x14\x22\0\0\0\0\x73\x12\x45\x22\0\0\0\0\
\x71\x81\x13\x22\0\0\0\0\x73\x12\x44\x22\0\0\0\0\x71\x81\x12\x22\0\0\0\0\x73\
\x12\x43\x22\0\0\0\0\x71\x81\x11\x22\0\0\0\0\x73\x12\x42\x22\0\0\0\0\x71\x81\
\x10\x22\0\0\0\0\x73\x12\x41\x22\0\0\0\0\x71\x81\x0f\x22\0\0\0\0\x73\x12\x40\
\x22\0\0\0\0\x71\x81\x0e\x22\0\0\0\0\x73\x12\x3f\x22\0\0\0\0\x71\x81\x0d\x22\0\
\0\0\0\x73\x12\x3e\x22\0\0\0\0\x71\x81\x0c\x22\0\0\0\0\x73\x12\x3d\x22\0\0\0\0\
\x71\x81\x0b\x22\0\0\0\0\x73\x12\x3c\x22\0\0\0\0\x71\x81\x0a\x22\0\0\0\0\x73\
\x12\x3b\x22\0\0\0\0\x71\x81\x09\x22\0\0\0\0\x73\x12\x3a\x22\0\0\0\0\x71\x81\
\x08\x22\0\0\0\0\x73\x12\x39\x22\0\0\0\0\x71\x81\x07\x22\0\0\0\0\x73\x12\x38\
\x22\0\0\0\0\x71\x81\x06\x22\0\0\0\0\x73\x12\x37\x22\0\0\0\0\x71\x81\x05\x22\0\
\0\0\0\x73\x12\x36\x22\0\0\0\0\x71\x81\x04\x22\0\0\0\0\x73\x12\x35\x22\0\0\0\0\
\x71\x81\x03\x22\0\0\0\0\x73\x12\x34\x22\0\0\0\0\x71\x81\x02\x22\0\0\0\0\x73\
\x12\x33\x22\0\0\0\0\x71\x81\x01\x22\0\0\0\0\x73\x12\x32\x22\0\0\0\0\x71\x81\0\
\x22\0\0\0\0\x73\x12\x31\x22\0\0\0\0\x7b\x5a\xc8\xff\0\0\0\0\xa6\x04\x9e\x05\
\x01\x23\0\0\xbf\x81\0\0\0\0\0\0\x07\x01\0\0\x01\x23\0\0\x79\xa2\xc8\xff\0\0\0\
\0\x2d\x21\x9a\x05\0\0\0\0\x71\x81\0\x23\0\0\0\0\x79\xa2\xb0\xff\0\0\0\0\x73\
\x12\x31\x23\0\0\0\0\x61\xa1\xa0\xff\0\0\0\0\x16\x01\x95\x05\x01\x23\0\0\xbf\
\x81\0\0\0\0\0\0\x07\x01\0\0\x02\x23\0\0\x79\xa2\xc8\xff\0\0\0\0\x2d\x21\x91\
\x05\0\0\0\0\x71\x81\x01\x23\0\0\0\0\x79\xa2\xb0\xff\0\0\0\0\x73\x12\x32\x23\0\
\0\0\0\x61\xa1\xa0\xff\0\0\0\0\xa6\x01\x8c\x05\x03\x23\0\0\xbf\x81\0\0\0\0\0\0\
\x07\x01\0\0\x03\x23\0\0\x79\xa2\xc8\xff\0\0\0\0\x2d\x21\x88\x05\0\0\0\0\x71\
\x81\x02\x23\0\0\0\0\x79\xa2\xb0\xff\0\0\0\0\x73\x12\x33\x23\0\0\0\0\x61\xa1\
\xa0\xff\0\0\0\0\x16\x01\x83\x05\x03\x23\0\0\xbf\x81\0\0\0\0\0\0\x07\x01\0\0\
\x04\x23\0\0\x79\xa2\xc8\xff\0\0\0\0\x2d\x21\x7f\x05\0\0\0\0\x71\x81\x03\x23\0\
\0\0\0\x79\xa2\xb0\xff\0\0\0\0\x73\x12\x34\x23\0\0\0\0\x61\xa1\xa0\xff\0\0\0\0\
\xa6\x01\x7a\x05\x05\x23\0\0\xbf\x81\0\0\0\0\0\0\x07\x01\0\0\x05\x23\0\0\x79\
\xa2\xc8\xff\0\0\0\0\x2d\x21\x76\x05\0\0\0\0\x71\x81\x04\x23\0\0\0\0\x79\xa2\
\xb0\xff\0\0\0\0\x73\x12\x35\x23\0\0\0\0\x61\xa1\xa0\xff\0\0\0\0\x16\x01\x71\
\x05\x05\x23\0\0\xbf\x81\0\0\0\0\0\0\x07\x01\0\0\x06\x23\0\0\x79\xa2\xc8\xff\0\
\0\0\0\x2d\x21\x6d\x05\0\0\0\0\x71\x81\x05\x23\0\0\0\0\x79\xa2\xb0\xff\0\0\0\0\
\x73\x12\x36\x23\0\0\0\0\x61\xa1\xa0\xff\0\0\0\0\xa6\x01\x68\x05\x07\x23\0\0\
\xbf\x81\0\0\0\0\0\0\x07\x01\0\0\x07\x23\0\0\x79\xa2\xc8\xff\0\0\0\0\x2d\x21\
\x64\x05\0\0\0\0\x71\x81\x06\x23\0\0\0\0\x79\xa2\xb0\xff\0\0\0\0\x73\x12\x37\
\x23\0\0\0\0\x61\xa1\xa0\xff\0\0\0\0\x16\x01\x5f\x05\x07\x23\0\0\xbf\x81\0\0\0\
\0\0\0\x07\x01\0\0\x08\x23\0\0\x79\xa2\xc8\xff\0\0\0\0\x2d\x21\x5b\x05\0\0\0\0\
\x71\x81\x07\x23\0\0\0\0\x79\xa2\xb0\xff\0\0\0\0\x73\x12\x38\x23\0\0\0\0\x61\
\xa1\xa0\xff\0\0\0\0\xa6\x01\x56\x05\x09\x23\0\0\xbf\x81\0\0\0\0\0\0\x07\x01\0\
\0\x09\x23\0\0\x79\xa2\xc8\xff\0\0\0\0\x2d\x21\x52\x05\0\0\0\0\x71\x81\x08\x23\
\0\0\0\0\x79\xa2\xb0\xff\0\0\0\0\x73\x12\x39\x23\0\0\0\0\x61\xa1\xa0\xff\0\0\0\
\0\x16\x01\x4d\x05\x09\x23\0\0\xbf\x81\0\0\0\0\0\0\x07\x01\0\0\x0a\x23\0\0\x79\
\xa2\xc8\xff\0\0\0\0\x2d\x21\x49\x05\0\0\0\0\x71\x81\x09\x23\0\0\0\0\x79\xa2\
\xb0\xff\0\0\0\0\x73\x12\x3a\x23\0\0\0\0\x61\xa1\xa0\xff\0\0\0\0\xa6\x01\x44\
\x05\x0b\x23\0\0\xbf\x81\0\0\0\0\0\0\x07\x01\0\0\x0b\x23\0\0\x79\xa2\xc8\xff\0\
\0\0\0\x2d\x21\x40\x05\0\0\0\0\x71\x81\x0a\x23\0\0\0\0\x79\xa2\xb0\xff\0\0\0\0\
\x73\x12\x3b\x23\0\0\0\0\x61\xa1\xa0\xff\0\0\0\0\x16\x01\x3b\x05\x0b\x23\0\0\
\xbf\x81\0\0\0\0\0\0\x07\x01\0\0\x0c\x23\0\0\x79\xa2\xc8\xff\0\0\0\0\x2d\x21\
\x37\x05\0\0\0\0\x71\x81\x0b\x23\0\0\0\0\x79\xa2\xb0\xff\0\0\0\0\x73\x12\x3c\
\x23\0\0\0\0\x61\xa1\xa0\xff\0\0\0\0\xa6\x01\x32\x05\x0d\x23\0\0\xbf\x81\0\0\0\
\0\0\0\x07\x01\0\0\x0d\x23\0\0\x79\xa2\xc8\xff\0\0\0\0\x2d\x21\x2e\x05\0\0\0\0\
\x71\x81\x0c\x23\0\0\0\0\x79\xa2\xb0\xff\0\0\0\0\x73\x12\x3d\x23\0\0\0\0\x61\
\xa1\xa0\xff\0\0\0\0\x16\x01\x29\x05\x0d\x23\0\0\xbf\x81\0\0\0\0\0\0\x07\x01\0\
\0\x0e\x23\0\0\x79\xa2\xc8\xff\0\0\0\0\x2d\x21\x25\x05\0\0\0\0\x71\x81\x0d\x23\
\0\0\0\0\x79\xa2\xb0\xff\0\0\0\0\x73\x12\x3e\x23\0\0\0\0\x61\xa1\xa0\xff\0\0\0\
\0\xa6\x01\x20\x05\x0f\x23\0\0\xbf\x81\0\0\0\0\0\0\x07\x01\0\0\x0f\x23\0\0\x79\
\xa2\xc8\xff\0\0\0\0\x2d\x21\x1c\x05\0\0\0\0\x71\x81\x0e\x23\0\0\0\0\x79\xa2\
\xb0\xff\0\0\0\0\x73\x12\x3f\x23\0\0\0\0\x61\xa1\xa0\xff\0\0\0\0\x16\x01\x17\
\x05\x0f\x23\0\0\xbf\x81\0\0\0\0\0\0\x07\x01\0\0\x10\x23\0\0\x79\xa2\xc8\xff\0\
\0\0\0\x2d\x21\x13\x05\0\0\0\0\x71\x81\x0f\x23\0\0\0\0\x79\xa2\xb0\xff\0\0\0\0\
\x73\x12\x40\x23\0\0\0\0\x61\xa1\xa0\xff\0\0\0\0\xa6\x01\x0e\x05\x11\x23\0\0\
\xbf\x81\0\0\0\0\0\0\x07\x01\0\0\x11\x23\0\0\x79\xa2\xc8\xff\0\0\0\0\x2d\x21\
\x0a\x05\0\0\0\0\x71\x81\x10\x23\0\0\0\0\x79\xa2\xb0\xff\0\0\0\0\x73\x12\x41\
\x23\0\0\0\0\x61\xa1\xa0\xff\0\0\0\0\x16\x01\x05\x05\x11\x23\0\0\xbf\x81\0\0\0\
\0\0\0\x07\x01\0\0\x12\x23\0\0\x79\xa2\xc8\xff\0\0\0\0\x2d\x21\x01\x05\0\0\0\0\
\x71\x81\x11\x23\0\0\0\0\x79\xa2\xb0\xff\0\0\0\0\x73\x12\x42\x23\0\0\0\0\x61\
\xa1\xa0\xff\0\0\0\0\xa6\x01\xfc\x04\x13\x23\0\0\xbf\x81\0\0\0\0\0\0\x07\x01\0\
\0\x13\x23\0\0\x79\xa2\xc8\xff\0\0\0\0\x2d\x21\xf8\x04\0\0\0\0\x71\x81\x12\x23\
\0\0\0\0\x79\xa2\xb0\xff\0\0\0\0\x73\x12\x43\x23\0\0\0\0\x61\xa1\xa0\xff\0\0\0\
\0\x16\x01\xf3\x04\x13\x23\0\0\xbf\x81\0\0\0\0\0\0\x07\x01\0\0\x14\x23\0\0\x79\
\xa2\xc8\xff\0\0\0\0\x2d\x21\xef\x04\0\0\0\0\x71\x81\x13\x23\0\0\0\0\x79\xa2\
\xb0\xff\0\0\0\0\x73\x12\x44\x23\0\0\0\0\x61\xa1\xa0\xff\0\0\0\0\xa6\x01\xea\
\x04\x15\x23\0\0\xbf\x81\0\0\0\0\0\0\x07\x01\0\0\x15\x23\0\0\x79\xa2\xc8\xff\0\
\0\0\0\x2d\x21\xe6\x04\0\0\0\0\x71\x81\x14\x23\0\0\0\0\x79\xa2\xb0\xff\0\0\0\0\
\x73\x12\x45\x23\0\0\0\0\x61\xa1\xa0\xff\0\0\0\0\x16\x01\xe1\x04\x15\x23\0\0\
\xbf\x81\0\0\0\0\0\0\x07\x01\0\0\x16\x23\0\0\x79\xa2\xc8\xff\0\0\0\0\x2d\x21\
\xdd\x04\0\0\0\0\x71\x81\x15\x23\0\0\0\0\x79\xa2\xb0\xff\0\0\0\0\x73\x12\x46\
\x23\0\0\0\0\x61\xa1\xa0\xff\0\0\0\0\xa6\x01\xd8\x04\x17\x23\0\0\xbf\x81\0\0\0\
\0\0\0\x07\x01\0\0\x17\x23\0\0\x79\xa2\xc8\xff\0\0\0\0\x2d\x21\xd4\x04\0\0\0\0\
\x71\x81\x16\x23\0\0\0\0\x79\xa2\xb0\xff\0\0\0\0\x73\x12\x47\x23\0\0\0\0\x61\
\xa1\xa0\xff\0\0\0\0\x16\x01\xcf\x04\x17\x23\0\0\xbf\x81\0\0\0\0\0\0\x07\x01\0\
\0\x18\x23\0\0\x79\xa2\xc8\xff\0\0\0\0\x2d\x21\xcb\x04\0\0\0\0\x71\x81\x17\x23\
\0\0\0\0\x79\xa2\xb0\xff\0\0\0\0\x73\x12\x48\x23\0\0\0\0\x61\xa1\xa0\xff\0\0\0\
\0\xa6\x01\xc6\x04\x19\x23\0\0\xbf\x81\0\0\0\0\0\0\x07\x01\0\0\x19\x23\0\0\x79\
\xa2\xc8\xff\0\0\0\0\x2d\x21\xc2\x04\0\0\0\0\x71\x81\x18\x23\0\0\0\0\x79\xa2\
\xb0\xff\0\0\0\0\x73\x12\x49\x23\0\0\0\0\x61\xa1\xa0\xff\0\0\0\0\x16\x01\xbd\
\x04\x19\x23\0\0\xbf\x81\0\0\0\0\0\0\x07\x01\0\0\x1a\x23\0\0\x79\xa2\xc8\xff\0\
\0\0\0\x2d\x21\xb9\x04\0\0\0\0\x71\x81\x19\x23\0\0\0\0\x79\xa2\xb0\xff\0\0\0\0\
\x73\x12\x4a\x23\0\0\0\0\x61\xa1\xa0\xff\0\0\0\0\xa6\x01\xb4\x04\x1b\x23\0\0\
\xbf\x81\0\0\0\0\0\0\x07\x01\0\0\x1b\x23\0\0\x79\xa2\xc8\xff\0\0\0\0\x2d\x21\
\xb0\x04\0\0\0\0\x71\x81\x1a\x23\0\0\0\0\x79\xa2\xb0\xff\0\0\0\0\x73\x12\x4b\
\x23\0\0\0\0\x61\xa1\xa0\xff\0\0\0\0\x16\x01\xab\x04\x1b\x23\0\0\xbf\x81\0\0\0\
\0\0\0\x07\x01\0\0\x1c\x23\0\0\x79\xa2\xc8\xff\0\0\0\0\x2d\x21\xa7\x04\0\0\0\0\
\x71\x81\x1b\x23\0\0\0\0\x79\xa2\xb0\xff\0\0\0\0\x73\x12\x4c\x23\0\0\0\0\x61\
\xa1\xa0\xff\0\0\0\0\xa6\x01\xa2\x04\x1d\x23\0\0\xbf\x81\0\0\0\0\0\0\x07\x01\0\
\0\x1d\x23\0\0\x79\xa2\xc8\xff\0\0\0\0\x2d\x21\x9e\x04\0\0\0\0\x71\x81\x1c\x23\
\0\0\0\0\x79\xa2\xb0\xff\0\0\0\0\x73\x12\x4d\x23\0\0\0\0\x61\xa1\xa0\xff\0\0\0\
\0\x16\x01\x99\x04\x1d\x23\0\0\xbf\x81\0\0\0\0\0\0\x07\x01\0\0\x1e\x23\0\0\x79\
\xa2\xc8\xff\0\0\0\0\x2d\x21\x95\x04\0\0\0\0\x71\x81\x1d\x23\0\0\0\0\x79\xa2\
\xb0\xff\0\0\0\0\x73\x12\x4e\x23\0\0\0\0\x61\xa1\xa0\xff\0\0\0\0\xa6\x01\x90\
\x04\x1f\x23\0\0\xbf\x81\0\0\0\0\0\0\x07\x01\0\0\x1f\x23\0\0\x79\xa2\xc8\xff\0\
\0\0\0\x2d\x21\x8c\x04\0\0\0\0\x71\x81\x1e\x23\0\0\0\0\x79\xa2\xb0\xff\0\0\0\0\
\x73\x12\x4f\x23\0\0\0\0\x61\xa1\xa0\xff\0\0\0\0\x16\x01\x87\x04\x1f\x23\0\0\
\xbf\x81\0\0\0\0\0\0\x07\x01\0\0\x20\x23\0\0\x79\xa2\xc8\xff\0\0\0\0\x2d\x21\
\x83\x04\0\0\0\0\x71\x81\x1f\x23\0\0\0\0\x79\xa2\xb0\xff\0\0\0\0\x73\x12\x50\
\x23\0\0\0\0\x61\xa1\xa0\xff\0\0\0\0\xa6\x01\x7e\x04\x21\x23\0\0\xbf\x81\0\0\0\
\0\0\0\x07\x01\0\0\x21\x23\0\0\x79\xa2\xc8\xff\0\0\0\0\x2d\x21\x7a\x04\0\0\0\0\
\x71\x81\x20\x23\0\0\0\0\x79\xa2\xb0\xff\0\0\0\0\x73\x12\x51\x23\0\0\0\0\x61\
\xa1\xa0\xff\0\0\0\0\x16\x01\x75\x04\x21\x23\0\0\xbf\x81\0\0\0\0\0\0\x07\x01\0\
\0\x22\x23\0\0\x79\xa2\xc8\xff\0\0\0\0\x2d\x21\x71\x04\0\0\0\0\x71\x81\x21\x23\
\0\0\0\0\x79\xa2\xb0\xff\0\0\0\0\x73\x12\x52\x23\0\0\0\0\x61\xa1\xa0\xff\0\0\0\
\0\xa6\x01\x6c\x04\x23\x23\0\0\xbf\x81\0\0\0\0\0\0\x07\x01\0\0\x23\x23\0\0\x79\
\xa2\xc8\xff\0\0\0\0\x2d\x21\x68\x04\0\0\0\0\x71\x81\x22\x23\0\0\0\0\x79\xa2\
\xb0\xff\0\0\0\0\x73\x12\x53\x23\0\0\0\0\x61\xa1\xa0\xff\0\0\0\0\x16\x01\x63\
\x04\x23\x23\0\0\xbf\x81\0\0\0\0\0\0\x07\x01\0\0\x24\x23\0\0\x79\xa2\xc8\xff\0\
\0\0\0\x2d\x21\x5f\x04\0\0\0\0\x71\x81\x23\x23\0\0\0\0\x79\xa2\xb0\xff\0\0\0\0\
\x73\x12\x54\x23\0\0\0\0\x61\xa1\xa0\xff\0\0\0\0\xa6\x01\x5a\x04\x25\x23\0\0\
\xbf\x81\0\0\0\0\0\0\x07\x01\0\0\x25\x23\0\0\x79\xa2\xc8\xff\0\0\0\0\x2d\x21\
\x56\x04\0\0\0\0\x71\x81\x24\x23\0\0\0\0\x79\xa2\xb0\xff\0\0\0\0\x73\x12\x55\
\x23\0\0\0\0\x61\xa1\xa0\xff\0\0\0\0\x16\x01\x51\x04\x25\x23\0\0\xbf\x81\0\0\0\
\0\0\0\x07\x01\0\0\x26\x23\0\0\x79\xa2\xc8\xff\0\0\0\0\x2d\x21\x4d\x04\0\0\0\0\
\x71\x81\x25\x23\0\0\0\0\x79\xa2\xb0\xff\0\0\0\0\x73\x12\x56\x23\0\0\0\0\x61\
\xa1\xa0\xff\0\0\0\0\xa6\x01\x48\x04\x27\x23\0\0\xbf\x81\0\0\0\0\0\0\x07\x01\0\
\0\x27\x23\0\0\x79\xa2\xc8\xff\0\0\0\0\x2d\x21\x44\x04\0\0\0\0\x71\x81\x26\x23\
\0\0\0\0\x79\xa2\xb0\xff\0\0\0\0\x73\x12\x57\x23\0\0\0\0\x61\xa1\xa0\xff\0\0\0\
\0\x16\x01\x3f\x04\x27\x23\0\0\xbf\x81\0\0\0\0\0\0\x07\x01\0\0\x28\x23\0\0\x79\
\xa2\xc8\xff\0\0\0\0\x2d\x21\x3b\x04\0\0\0\0\x71\x81\x27\x23\0\0\0\0\x79\xa2\
\xb0\xff\0\0\0\0\x73\x12\x58\x23\0\0\0\0\x61\xa1\xa0\xff\0\0\0\0\xa6\x01\x36\
\x04\x29\x23\0\0\xbf\x81\0\0\0\0\0\0\x07\x01\0\0\x29\x23\0\0\x79\xa2\xc8\xff\0\
\0\0\0\x2d\x21\x32\x04\0\0\0\0\x71\x81\x28\x23\0\0\0\0\x79\xa2\xb0\xff\0\0\0\0\
\x73\x12\x59\x23\0\0\0\0\x61\xa1\xa0\xff\0\0\0\0\x16\x01\x2d\x04\x29\x23\0\0\
\xbf\x81\0\0\0\0\0\0\x07\x01\0\0\x2a\x23\0\0\x79\xa2\xc8\xff\0\0\0\0\x2d\x21\
\x29\x04\0\0\0\0\x71\x81\x29\x23\0\0\0\0\x79\xa2\xb0\xff\0\0\0\0\x73\x12\x5a\
\x23\0\0\0\0\x61\xa1\xa0\xff\0\0\0\0\xa6\x01\x24\x04\x2b\x23\0\0\xbf\x81\0\0\0\
\0\0\0\x07\x01\0\0\x2b\x23\0\0\x79\xa2\xc8\xff\0\0\0\0\x2d\x21\x20\x04\0\0\0\0\
\x71\x81\x2a\x23\0\0\0\0\x79\xa2\xb0\xff\0\0\0\0\x73\x12\x5b\x23\0\0\0\0\x61\
\xa1\xa0\xff\0\0\0\0\x16\x01\x1b\x04\x2b\x23\0\0\xbf\x81\0\0\0\0\0\0\x07\x01\0\
\0\x2c\x23\0\0\x79\xa2\xc8\xff\0\0\0\0\x2d\x21\x17\x04\0\0\0\0\x71\x81\x2b\x23\
\0\0\0\0\x79\xa2\xb0\xff\0\0\0\0\x73\x12\x5c\x23\0\0\0\0\x61\xa1\xa0\xff\0\0\0\
\0\xa6\x01\x12\x04\x2d\x23\0\0\xbf\x81\0\0\0\0\0\0\x07\x01\0\0\x2d\x23\0\0\x79\
\xa2\xc8\xff\0\0\0\0\x2d\x21\x0e\x04\0\0\0\0\x71\x81\x2c\x23\0\0\0\0\x79\xa2\
\xb0\xff\0\0\0\0\x73\x12\x5d\x23\0\0\0\0\x61\xa1\xa0\xff\0\0\0\0\x16\x01\x09\
\x04\x2d\x23\0\0\xbf\x81\0\0\0\0\0\0\x07\x01\0\0\x2e\x23\0\0\x79\xa2\xc8\xff\0\
\0\0\0\x2d\x21\x05\x04\0\0\0\0\x71\x81\x2d\x23\0\0\0\0\x79\xa2\xb0\xff\0\0\0\0\
\x73\x12\x5e\x23\0\0\0\0\x61\xa1\xa0\xff\0\0\0\0\xa6\x01\0\x04\x2f\x23\0\0\xbf\
\x81\0\0\0\0\0\0\x07\x01\0\0\x2f\x23\0\0\x79\xa2\xc8\xff\0\0\0\0\x2d\x21\xfc\
\x03\0\0\0\0\x71\x81\x2e\x23\0\0\0\0\x79\xa2\xb0\xff\0\0\0\0\x73\x12\x5f\x23\0\
\0\0\0\x61\xa1\xa0\xff\0\0\0\0\x16\x01\xf7\x03\x2f\x23\0\0\xbf\x81\0\0\0\0\0\0\
\x07\x01\0\0\x30\x23\0\0\x79\xa2\xc8\xff\0\0\0\0\x2d\x21\xf3\x03\0\0\0\0\x71\
\x81\x2f\x23\0\0\0\0\x79\xa2\xb0\xff\0\0\0\0\x73\x12\x60\x23\0\0\0\0\x61\xa1\
\xa0\xff\0\0\0\0\xa6\x01\xee\x03\x31\x23\0\0\xbf\x81\0\0\0\0\0\0\x07\x01\0\0\
\x31\x23\0\0\x79\xa2\xc8\xff\0\0\0\0\x2d\x21\xea\x03\0\0\0\0\x71\x81\x30\x23\0\
\0\0\0\x79\xa2\xb0\xff\0\0\0\0\x73\x12\x61\x23\0\0\0\0\x61\xa1\xa0\xff\0\0\0\0\
\x16\x01\xe5\x03\x31\x23\0\0\xbf\x81\0\0\0\0\0\0\x07\x01\0\0\x32\x23\0\0\x79\
\xa2\xc8\xff\0\0\0\0\x2d\x21\xe1\x03\0\0\0\0\x71\x81\x31\x23\0\0\0\0\x79\xa2\
\xb0\xff\0\0\0\0\x73\x12\x62\x23\0\0\0\0\x61\xa1\xa0\xff\0\0\0\0\xa6\x01\xdc\
\x03\x33\x23\0\0\xbf\x81\0\0\0\0\0\0\x07\x01\0\0\x33\x23\0\0\x79\xa2\xc8\xff\0\
\0\0\0\x2d\x21\xd8\x03\0\0\0\0\x71\x81\x32\x23\0\0\0\0\x79\xa2\xb0\xff\0\0\0\0\
\x73\x12\x63\x23\0\0\0\0\x61\xa1\xa0\xff\0\0\0\0\x16\x01\xd3\x03\x33\x23\0\0\
\xbf\x81\0\0\0\0\0\0\x07\x01\0\0\x34\x23\0\0\x79\xa2\xc8\xff\0\0\0\0\x2d\x21\
\xcf\x03\0\0\0\0\x71\x81\x33\x23\0\0\0\0\x79\xa2\xb0\xff\0\0\0\0\x73\x12\x64\
\x23\0\0\0\0\x61\xa1\xa0\xff\0\0\0\0\xa6\x01\xca\x03\x35\x23\0\0\xbf\x81\0\0\0\
\0\0\0\x07\x01\0\0\x35\x23\0\0\x79\xa2\xc8\xff\0\0\0\0\x2d\x21\xc6\x03\0\0\0\0\
\x71\x81\x34\x23\0\0\0\0\x79\xa2\xb0\xff\0\0\0\0\x73\x12\x65\x23\0\0\0\0\x61\
\xa1\xa0\xff\0\0\0\0\x16\x01\xc1\x03\x35\x23\0\0\xbf\x81\0\0\0\0\0\0\x07\x01\0\
\0\x36\x23\0\0\x79\xa2\xc8\xff\0\0\0\0\x2d\x21\xbd\x03\0\0\0\0\x71\x81\x35\x23\
\0\0\0\0\x79\xa2\xb0\xff\0\0\0\0\x73\x12\x66\x23\0\0\0\0\x61\xa1\xa0\xff\0\0\0\
\0\xa6\x01\xb8\x03\x37\x23\0\0\xbf\x81\0\0\0\0\0\0\x07\x01\0\0\x37\x23\0\0\x79\
\xa2\xc8\xff\0\0\0\0\x2d\x21\xb4\x03\0\0\0\0\x71\x81\x36\x23\0\0\0\0\x79\xa2\
\xb0\xff\0\0\0\0\x73\x12\x67\x23\0\0\0\0\x61\xa1\xa0\xff\0\0\0\0\x16\x01\xaf\
\x03\x37\x23\0\0\xbf\x81\0\0\0\0\0\0\x07\x01\0\0\x38\x23\0\0\x79\xa2\xc8\xff\0\
\0\0\0\x2d\x21\xab\x03\0\0\0\0\x71\x81\x37\x23\0\0\0\0\x79\xa2\xb0\xff\0\0\0\0\
\x73\x12\x68\x23\0\0\0\0\x61\xa1\xa0\xff\0\0\0\0\xa6\x01\xa6\x03\x39\x23\0\0\
\xbf\x81\0\0\0\0\0\0\x07\x01\0\0\x39\x23\0\0\x79\xa2\xc8\xff\0\0\0\0\x2d\x21\
\xa2\x03\0\0\0\0\x71\x81\x38\x23\0\0\0\0\x79\xa2\xb0\xff\0\0\0\0\x73\x12\x69\
\x23\0\0\0\0\x61\xa1\xa0\xff\0\0\0\0\x16\x01\x9d\x03\x39\x23\0\0\xbf\x81\0\0\0\
\0\0\0\x07\x01\0\0\x3a\x23\0\0\x79\xa2\xc8\xff\0\0\0\0\x2d\x21\x99\x03\0\0\0\0\
\x71\x81\x39\x23\0\0\0\0\x79\xa2\xb0\xff\0\0\0\0\x73\x12\x6a\x23\0\0\0\0\x61\
\xa1\xa0\xff\0\0\0\0\xa6\x01\x94\x03\x3b\x23\0\0\xbf\x81\0\0\0\0\0\0\x07\x01\0\
\0\x3b\x23\0\0\x79\xa2\xc8\xff\0\0\0\0\x2d\x21\x90\x03\0\0\0\0\x71\x81\x3a\x23\
\0\0\0\0\x79\xa2\xb0\xff\0\0\0\0\x73\x12\x6b\x23\0\0\0\0\x61\xa1\xa0\xff\0\0\0\
\0\x16\x01\x8b\x03\x3b\x23\0\0\xbf\x81\0\0\0\0\0\0\x07\x01\0\0\x3c\x23\0\0\x79\
\xa2\xc8\xff\0\0\0\0\x2d\x21\x87\x03\0\0\0\0\x71\x81\x3b\x23\0\0\0\0\x79\xa2\
\xb0\xff\0\0\0\0\x73\x12\x6c\x23\0\0\0\0\x61\xa1\xa0\xff\0\0\0\0\xa6\x01\x82\
\x03\x3d\x23\0\0\xbf\x81\0\0\0\0\0\0\x07\x01\0\0\x3d\x23\0\0\x79\xa2\xc8\xff\0\
\0\0\0\x2d\x21\x7e\x03\0\0\0\0\x71\x81\x3c\x23\0\0\0\0\x79\xa2\xb0\xff\0\0\0\0\
\x73\x12\x6d\x23\0\0\0\0\x61\xa1\xa0\xff\0\0\0\0\x16\x01\x79\x03\x3d\x23\0\0\
\xbf\x81\0\0\0\0\0\0\x07\x01\0\0\x3e\x23\0\0\x79\xa2\xc8\xff\0\0\0\0\x2d\x21\
\x75\x03\0\0\0\0\x71\x81\x3d\x23\0\0\0\0\x79\xa2\xb0\xff\0\0\0\0\x73\x12\x6e\
\x23\0\0\0\0\x61\xa1\xa0\xff\0\0\0\0\xa6\x01\x70\x03\x3f\x23\0\0\xbf\x81\0\0\0\
\0\0\0\x07\x01\0\0\x3f\x23\0\0\x79\xa2\xc8\xff\0\0\0\0\x2d\x21\x6c\x03\0\0\0\0\
\x71\x81\x3e\x23\0\0\0\0\x79\xa2\xb0\xff\0\0\0\0\x73\x12\x6f\x23\0\0\0\0\x61\
\xa1\xa0\xff\0\0\0\0\x16\x01\x67\x03\x3f\x23\0\0\xbf\x81\0\0\0\0\0\0\x07\x01\0\
\0\x40\x23\0\0\x79\xa2\xc8\xff\0\0\0\0\x2d\x21\x63\x03\0\0\0\0\x71\x81\x3f\x23\
\0\0\0\0\x79\xa2\xb0\xff\0\0\0\0\x73\x12\x70\x23\0\0\0\0\x61\xa1\xa0\xff\0\0\0\
\0\xa6\x01\x5e\x03\x41\x23\0\0\xbf\x81\0\0\0\0\0\0\x07\x01\0\0\x41\x23\0\0\x79\
\xa2\xc8\xff\0\0\0\0\x2d\x21\x5a\x03\0\0\0\0\x71\x81\x40\x23\0\0\0\0\x79\xa2\
\xb0\xff\0\0\0\0\x73\x12\x71\x23\0\0\0\0\x61\xa1\xa0\xff\0\0\0\0\x16\x01\x55\
\x03\x41\x23\0\0\xbf\x81\0\0\0\0\0\0\x07\x01\0\0\x42\x23\0\0\x79\xa2\xc8\xff\0\
\0\0\0\x2d\x21\x51\x03\0\0\0\0\x71\x81\x41\x23\0\0\0\0\x79\xa2\xb0\xff\0\0\0\0\
\x73\x12\x72\x23\0\0\0\0\x61\xa1\xa0\xff\0\0\0\0\xa6\x01\x4c\x03\x43\x23\0\0\
\xbf\x81\0\0\0\0\0\0\x07\x01\0\0\x43\x23\0\0\x79\xa2\xc8\xff\0\0\0\0\x2d\x21\
\x48\x03\0\0\0\0\x71\x81\x42\x23\0\0\0\0\x79\xa2\xb0\xff\0\0\0\0\x73\x12\x73\
\x23\0\0\0\0\x61\xa1\xa0\xff\0\0\0\0\x16\x01\x43\x03\x43\x23\0\0\xbf\x81\0\0\0\
\0\0\0\x07\x01\0\0\x44\x23\0\0\x79\xa2\xc8\xff\0\0\0\0\x2d\x21\x3f\x03\0\0\0\0\
\x71\x81\x43\x23\0\0\0\0\x79\xa2\xb0\xff\0\0\0\0\x73\x12\x74\x23\0\0\0\0\x61\
\xa1\xa0\xff\0\0\0\0\xa6\x01\x3a\x03\x45\x23\0\0\xbf\x81\0\0\0\0\0\0\x07\x01\0\
\0\x45\x23\0\0\x79\xa2\xc8\xff\0\0\0\0\x2d\x21\x36\x03\0\0\0\0\x71\x81\x44\x23\
\0\0\0\0\x79\xa2\xb0\xff\0\0\0\0\x73\x12\x75\x23\0\0\0\0\x61\xa1\xa0\xff\0\0\0\
\0\x16\x01\x31\x03\x45\x23\0\0\xbf\x81\0\0\0\0\0\0\x07\x01\0\0\x46\x23\0\0\x79\
\xa2\xc8\xff\0\0\0\0\x2d\x21\x2d\x03\0\0\0\0\x71\x81\x45\x23\0\0\0\0\x79\xa2\
\xb0\xff\0\0\0\0\x73\x12\x76\x23\0\0\0\0\x61\xa1\xa0\xff\0\0\0\0\xa6\x01\x28\
\x03\x47\x23\0\0\xbf\x81\0\0\0\0\0\0\x07\x01\0\0\x47\x23\0\0\x79\xa2\xc8\xff\0\
\0\0\0\x2d\x21\x24\x03\0\0\0\0\x71\x81\x46\x23\0\0\0\0\x79\xa2\xb0\xff\0\0\0\0\
\x73\x12\x77\x23\0\0\0\0\x61\xa1\xa0\xff\0\0\0\0\x16\x01\x1f\x03\x47\x23\0\0\
\xbf\x81\0\0\0\0\0\0\x07\x01\0\0\x48\x23\0\0\x79\xa2\xc8\xff\0\0\0\0\x2d\x21\
\x1b\x03\0\0\0\0\x71\x81\x47\x23\0\0\0\0\x79\xa2\xb0\xff\0\0\0\0\x73\x12\x78\
\x23\0\0\0\0\x61\xa1\xa0\xff\0\0\0\0\xa6\x01\x16\x03\x49\x23\0\0\xbf\x81\0\0\0\
\0\0\0\x07\x01\0\0\x49\x23\0\0\x79\xa2\xc8\xff\0\0\0\0\x2d\x21\x12\x03\0\0\0\0\
\x71\x81\x48\x23\0\0\0\0\x79\xa2\xb0\xff\0\0\0\0\x73\x12\x79\x23\0\0\0\0\x61\
\xa1\xa0\xff\0\0\0\0\x16\x01\x0d\x03\x49\x23\0\0\xbf\x81\0\0\0\0\0\0\x07\x01\0\
\0\x4a\x23\0\0\x79\xa2\xc8\xff\0\0\0\0\x2d\x21\x09\x03\0\0\0\0\x71\x81\x49\x23\
\0\0\0\0\x79\xa2\xb0\xff\0\0\0\0\x73\x12\x7a\x23\0\0\0\0\x61\xa1\xa0\xff\0\0\0\
\0\xa6\x01\x04\x03\x4b\x23\0\0\xbf\x81\0\0\0\0\0\0\x07\x01\0\0\x4b\x23\0\0\x79\
\xa2\xc8\xff\0\0\0\0\x2d\x21\0\x03\0\0\0\0\x71\x81\x4a\x23\0\0\0\0\x79\xa2\xb0\
\xff\0\0\0\0\x73\x12\x7b\x23\0\0\0\0\x61\xa1\xa0\xff\0\0\0\0\x16\x01\xfb\x02\
\x4b\x23\0\0\xbf\x81\0\0\0\0\0\0\x07\x01\0\0\x4c\x23\0\0\x79\xa2\xc8\xff\0\0\0\
\0\x2d\x21\xf7\x02\0\0\0\0\x71\x81\x4b\x23\0\0\0\0\x79\xa2\xb0\xff\0\0\0\0\x73\
\x12\x7c\x23\0\0\0\0\x61\xa1\xa0\xff\0\0\0\0\xa6\x01\xf2\x02\x4d\x23\0\0\xbf\
\x81\0\0\0\0\0\0\x07\x01\0\0\x4d\x23\0\0\x79\xa2\xc8\xff\0\0\0\0\x2d\x21\xee\
\x02\0\0\0\0\x71\x81\x4c\x23\0\0\0\0\x79\xa2\xb0\xff\0\0\0\0\x73\x12\x7d\x23\0\
\0\0\0\x61\xa1\xa0\xff\0\0\0\0\x16\x01\xe9\x02\x4d\x23\0\0\xbf\x81\0\0\0\0\0\0\
\x07\x01\0\0\x4e\x23\0\0\x79\xa2\xc8\xff\0\0\0\0\x2d\x21\xe5\x02\0\0\0\0\x71\
\x81\x4d\x23\0\0\0\0\x79\xa2\xb0\xff\0\0\0\0\x73\x12\x7e\x23\0\0\0\0\x61\xa1\
\xa0\xff\0\0\0\0\xa6\x01\xe0\x02\x4f\x23\0\0\xbf\x81\0\0\0\0\0\0\x07\x01\0\0\
\x4f\x23\0\0\x79\xa2\xc8\xff\0\0\0\0\x2d\x21\xdc\x02\0\0\0\0\x71\x81\x4e\x23\0\
\0\0\0\x79\xa2\xb0\xff\0\0\0\0\x73\x12\x7f\x23\0\0\0\0\x61\xa1\xa0\xff\0\0\0\0\
\x16\x01\xd7\x02\x4f\x23\0\0\xbf\x81\0\0\0\0\0\0\x07\x01\0\0\x50\x23\0\0\x79\
\xa2\xc8\xff\0\0\0\0\x2d\x21\xd3\x02\0\0\0\0\x71\x81\x4f\x23\0\0\0\0\x79\xa2\
\xb0\xff\0\0\0\0\x73\x12\x80\x23\0\0\0\0\x61\xa1\xa0\xff\0\0\0\0\xa6\x01\xce\
\x02\x51\x23\0\0\xbf\x81\0\0\0\0\0\0\x07\x01\0\0\x51\x23\0\0\x79\xa2\xc8\xff\0\
\0\0\0\x2d\x21\xca\x02\0\0\0\0\x71\x81\x50\x23\0\0\0\0\x79\xa2\xb0\xff\0\0\0\0\
\x73\x12\x81\x23\0\0\0\0\x61\xa1\xa0\xff\0\0\0\0\x16\x01\xc5\x02\x51\x23\0\0\
\xbf\x81\0\0\0\0\0\0\x07\x01\0\0\x52\x23\0\0\x79\xa2\xc8\xff\0\0\0\0\x2d\x21\
\xc1\x02\0\0\0\0\x71\x81\x51\x23\0\0\0\0\x79\xa2\xb0\xff\0\0\0\0\x73\x12\x82\
\x23\0\0\0\0\x61\xa1\xa0\xff\0\0\0\0\xa6\x01\xbc\x02\x53\x23\0\0\xbf\x81\0\0\0\
\0\0\0\x07\x01\0\0\x53\x23\0\0\x79\xa2\xc8\xff\0\0\0\0\x2d\x21\xb8\x02\0\0\0\0\
\x71\x81\x52\x23\0\0\0\0\x79\xa2\xb0\xff\0\0\0\0\x73\x12\x83\x23\0\0\0\0\x61\
\xa1\xa0\xff\0\0\0\0\x16\x01\xb3\x02\x53\x23\0\0\xbf\x81\0\0\0\0\0\0\x07\x01\0\
\0\x54\x23\0\0\x79\xa2\xc8\xff\0\0\0\0\x2d\x21\xaf\x02\0\0\0\0\x71\x81\x53\x23\
\0\0\0\0\x79\xa2\xb0\xff\0\0\0\0\x73\x12\x84\x23\0\0\0\0\x61\xa1\xa0\xff\0\0\0\
\0\xa6\x01\xaa\x02\x55\x23\0\0\xbf\x81\0\0\0\0\0\0\x07\x01\0\0\x55\x23\0\0\x79\
\xa2\xc8\xff\0\0\0\0\x2d\x21\xa6\x02\0\0\0\0\x71\x81\x54\x23\0\0\0\0\x79\xa2\
\xb0\xff\0\0\0\0\x73\x12\x85\x23\0\0\0\0\x61\xa1\xa0\xff\0\0\0\0\x16\x01\xa1\
\x02\x55\x23\0\0\xbf\x81\0\0\0\0\0\0\x07\x01\0\0\x56\x23\0\0\x79\xa2\xc8\xff\0\
\0\0\0\x2d\x21\x9d\x02\0\0\0\0\x71\x81\x55\x23\0\0\0\0\x79\xa2\xb0\xff\0\0\0\0\
\x73\x12\x86\x23\0\0\0\0\x61\xa1\xa0\xff\0\0\0\0\xa6\x01\x98\x02\x57\x23\0\0\
\xbf\x81\0\0\0\0\0\0\x07\x01\0\0\x57\x23\0\0\x79\xa2\xc8\xff\0\0\0\0\x2d\x21\
\x94\x02\0\0\0\0\x71\x81\x56\x23\0\0\0\0\x79\xa2\xb0\xff\0\0\0\0\x73\x12\x87\
\x23\0\0\0\0\x61\xa1\xa0\xff\0\0\0\0\x16\x01\x8f\x02\x57\x23\0\0\xbf\x81\0\0\0\
\0\0\0\x07\x01\0\0\x58\x23\0\0\x79\xa2\xc8\xff\0\0\0\0\x2d\x21\x8b\x02\0\0\0\0\
\x71\x81\x57\x23\0\0\0\0\x79\xa2\xb0\xff\0\0\0\0\x73\x12\x88\x23\0\0\0\0\x61\
\xa1\xa0\xff\0\0\0\0\xa6\x01\x86\x02\x59\x23\0\0\xbf\x81\0\0\0\0\0\0\x07\x01\0\
\0\x59\x23\0\0\x79\xa2\xc8\xff\0\0\0\0\x2d\x21\x82\x02\0\0\0\0\x71\x81\x58\x23\
\0\0\0\0\x79\xa2\xb0\xff\0\0\0\0\x73\x12\x89\x23\0\0\0\0\x61\xa1\xa0\xff\0\0\0\
\0\x16\x01\x7d\x02\x59\x23\0\0\xbf\x81\0\0\0\0\0\0\x07\x01\0\0\x5a\x23\0\0\x79\
\xa2\xc8\xff\0\0\0\0\x2d\x21\x79\x02\0\0\0\0\x71\x81\x59\x23\0\0\0\0\x79\xa2\
\xb0\xff\0\0\0\0\x73\x12\x8a\x23\0\0\0\0\x61\xa1\xa0\xff\0\0\0\0\xa6\x01\x74\
\x02\x5b\x23\0\0\xbf\x81\0\0\0\0\0\0\x07\x01\0\0\x5b\x23\0\0\x79\xa2\xc8\xff\0\
\0\0\0\x2d\x21\x70\x02\0\0\0\0\x71\x81\x5a\x23\0\0\0\0\x79\xa2\xb0\xff\0\0\0\0\
\x73\x12\x8b\x23\0\0\0\0\x61\xa1\xa0\xff\0\0\0\0\x16\x01\x6b\x02\x5b\x23\0\0\
\xbf\x81\0\0\0\0\0\0\x07\x01\0\0\x5c\x23\0\0\x79\xa2\xc8\xff\0\0\0\0\x2d\x21\
\x67\x02\0\0\0\0\x71\x81\x5b\x23\0\0\0\0\x79\xa2\xb0\xff\0\0\0\0\x73\x12\x8c\
\x23\0\0\0\0\x61\xa1\xa0\xff\0\0\0\0\xa6\x01\x62\x02\x5d\x23\0\0\xbf\x81\0\0\0\
\0\0\0\x07\x01\0\0\x5d\x23\0\0\x79\xa2\xc8\xff\0\0\0\0\x2d\x21\x5e\x02\0\0\0\0\
\x71\x81\x5c\x23\0\0\0\0\x79\xa2\xb0\xff\0\0\0\0\x73\x12\x8d\x23\0\0\0\0\x61\
\xa1\xa0\xff\0\0\0\0\x16\x01\x59\x02\x5d\x23\0\0\xbf\x81\0\0\0\0\0\0\x07\x01\0\
\0\x5e\x23\0\0\x79\xa2\xc8\xff\0\0\0\0\x2d\x21\x55\x02\0\0\0\0\x71\x81\x5d\x23\
\0\0\0\0\x79\xa2\xb0\xff\0\0\0\0\x73\x12\x8e\x23\0\0\0\0\x61\xa1\xa0\xff\0\0\0\
\0\xa6\x01\x50\x02\x5f\x23\0\0\xbf\x81\0\0\0\0\0\0\x07\x01\0\0\x5f\x23\0\0\x79\
\xa2\xc8\xff\0\0\0\0\x2d\x21\x4c\x02\0\0\0\0\x71\x81\x5e\x23\0\0\0\0\x79\xa2\
\xb0\xff\0\0\0\0\x73\x12\x8f\x23\0\0\0\0\x61\xa1\xa0\xff\0\0\0\0\x16\x01\x47\
\x02\x5f\x23\0\0\xbf\x81\0\0\0\0\0\0\x07\x01\0\0\x60\x23\0\0\x79\xa2\xc8\xff\0\
\0\0\0\x2d\x21\x43\x02\0\0\0\0\x71\x81\x5f\x23\0\0\0\0\x79\xa2\xb0\xff\0\0\0\0\
\x73\x12\x90\x23\0\0\0\0\x61\xa1\xa0\xff\0\0\0\0\xa6\x01\x3e\x02\x61\x23\0\0\
\xbf\x81\0\0\0\0\0\0\x07\x01\0\0\x61\x23\0\0\x79\xa2\xc8\xff\0\0\0\0\x2d\x21\
\x3a\x02\0\0\0\0\x71\x81\x60\x23\0\0\0\0\x79\xa2\xb0\xff\0\0\0\0\x73\x12\x91\
\x23\0\0\0\0\x61\xa1\xa0\xff\0\0\0\0\x16\x01\x35\x02\x61\x23\0\0\xbf\x81\0\0\0\
\0\0\0\x07\x01\0\0\x62\x23\0\0\x79\xa2\xc8\xff\0\0\0\0\x2d\x21\x31\x02\0\0\0\0\
\x71\x81\x61\x23\0\0\0\0\x79\xa2\xb0\xff\0\0\0\0\x73\x12\x92\x23\0\0\0\0\x61\
\xa1\xa0\xff\0\0\0\0\xa6\x01\x2c\x02\x63\x23\0\0\xbf\x81\0\0\0\0\0\0\x07\x01\0\
\0\x63\x23\0\0\x79\xa2\xc8\xff\0\0\0\0\x2d\x21\x28\x02\0\0\0\0\x71\x81\x62\x23\
\0\0\0\0\x79\xa2\xb0\xff\0\0\0\0\x73\x12\x93\x23\0\0\0\0\x61\xa1\xa0\xff\0\0\0\
\0\x16\x01\x23\x02\x63\x23\0\0\xbf\x81\0\0\0\0\0\0\x07\x01\0\0\x64\x23\0\0\x79\
\xa2\xc8\xff\0\0\0\0\x2d\x21\x1f\x02\0\0\0\0\x71\x81\x63\x23\0\0\0\0\x79\xa2\
\xb0\xff\0\0\0\0\x73\x12\x94\x23\0\0\0\0\x61\xa1\xa0\xff\0\0\0\0\xa6\x01\x1a\
\x02\x65\x23\0\0\xbf\x81\0\0\0\0\0\0\x07\x01\0\0\x65\x23\0\0\x79\xa2\xc8\xff\0\
\0\0\0\x2d\x21\x16\x02\0\0\0\0\x71\x81\x64\x23\0\0\0\0\x79\xa2\xb0\xff\0\0\0\0\
\x73\x12\x95\x23\0\0\0\0\x61\xa1\xa0\xff\0\0\0\0\x16\x01\x11\x02\x65\x23\0\0\
\xbf\x81\0\0\0\0\0\0\x07\x01\0\0\x66\x23\0\0\x79\xa2\xc8\xff\0\0\0\0\x2d\x21\
\x0d\x02\0\0\0\0\x71\x81\x65\x23\0\0\0\0\x79\xa2\xb0\xff\0\0\0\0\x73\x12\x96\
\x23\0\0\0\0\x61\xa1\xa0\xff\0\0\0\0\xa6\x01\x08\x02\x67\x23\0\0\xbf\x81\0\0\0\
\0\0\0\x07\x01\0\0\x67\x23\0\0\x79\xa2\xc8\xff\0\0\0\0\x2d\x21\x04\x02\0\0\0\0\
\x71\x81\x66\x23\0\0\0\0\x79\xa2\xb0\xff\0\0\0\0\x73\x12\x97\x23\0\0\0\0\x61\
\xa1\xa0\xff\0\0\0\0\x16\x01\xff\x01\x67\x23\0\0\xbf\x81\0\0\0\0\0\0\x07\x01\0\
\0\x68\x23\0\0\x79\xa2\xc8\xff\0\0\0\0\x2d\x21\xfb\x01\0\0\0\0\x71\x81\x67\x23\
\0\0\0\0\x79\xa2\xb0\xff\0\0\0\0\x73\x12\x98\x23\0\0\0\0\x61\xa1\xa0\xff\0\0\0\
\0\xa6\x01\xf6\x01\x69\x23\0\0\xbf\x81\0\0\0\0\0\0\x07\x01\0\0\x69\x23\0\0\x79\
\xa2\xc8\xff\0\0\0\0\x2d\x21\xf2\x01\0\0\0\0\x71\x81\x68\x23\0\0\0\0\x79\xa2\
\xb0\xff\0\0\0\0\x73\x12\x99\x23\0\0\0\0\x61\xa1\xa0\xff\0\0\0\0\x16\x01\xed\
\x01\x69\x23\0\0\xbf\x81\0\0\0\0\0\0\x07\x01\0\0\x6a\x23\0\0\x79\xa2\xc8\xff\0\
\0\0\0\x2d\x21\xe9\x01\0\0\0\0\x71\x81\x69\x23\0\0\0\0\x79\xa2\xb0\xff\0\0\0\0\
\x73\x12\x9a\x23\0\0\0\0\x61\xa1\xa0\xff\0\0\0\0\xa6\x01\xe4\x01\x6b\x23\0\0\
\xbf\x81\0\0\0\0\0\0\x07\x01\0\0\x6b\x23\0\0\x79\xa2\xc8\xff\0\0\0\0\x2d\x21\
\xe0\x01\0\0\0\0\x71\x81\x6a\x23\0\0\0\0\x79\xa2\xb0\xff\0\0\0\0\x73\x12\x9b\
\x23\0\0\0\0\x61\xa1\xa0\xff\0\0\0\0\x16\x01\xdb\x01\x6b\x23\0\0\xbf\x81\0\0\0\
\0\0\0\x07\x01\0\0\x6c\x23\0\0\x79\xa2\xc8\xff\0\0\0\0\x2d\x21\xd7\x01\0\0\0\0\
\x71\x81\x6b\x23\0\0\0\0\x79\xa2\xb0\xff\0\0\0\0\x73\x12\x9c\x23\0\0\0\0\x61\
\xa1\xa0\xff\0\0\0\0\xa6\x01\xd2\x01\x6d\x23\0\0\xbf\x81\0\0\0\0\0\0\x07\x01\0\
\0\x6d\x23\0\0\x79\xa2\xc8\xff\0\0\0\0\x2d\x21\xce\x01\0\0\0\0\x71\x81\x6c\x23\
\0\0\0\0\x79\xa2\xb0\xff\0\0\0\0\x73\x12\x9d\x23\0\0\0\0\x61\xa1\xa0\xff\0\0\0\
\0\x16\x01\xc9\x01\x6d\x23\0\0\xbf\x81\0\0\0\0\0\0\x07\x01\0\0\x6e\x23\0\0\x79\
\xa2\xc8\xff\0\0\0\0\x2d\x21\xc5\x01\0\0\0\0\x71\x81\x6d\x23\0\0\0\0\x79\xa2\
\xb0\xff\0\0\0\0\x73\x12\x9e\x23\0\0\0\0\x61\xa1\xa0\xff\0\0\0\0\xa6\x01\xc0\
\x01\x6f\x23\0\0\xbf\x81\0\0\0\0\0\0\x07\x01\0\0\x6f\x23\0\0\x79\xa2\xc8\xff\0\
\0\0\0\x2d\x21\xbc\x01\0\0\0\0\x71\x81\x6e\x23\0\0\0\0\x79\xa2\xb0\xff\0\0\0\0\
\x73\x12\x9f\x23\0\0\0\0\x61\xa1\xa0\xff\0\0\0\0\x16\x01\xb7\x01\x6f\x23\0\0\
\xbf\x81\0\0\0\0\0\0\x07\x01\0\0\x70\x23\0\0\x79\xa2\xc8\xff\0\0\0\0\x2d\x21\
\xb3\x01\0\0\0\0\x71\x81\x6f\x23\0\0\0\0\x79\xa2\xb0\xff\0\0\0\0\x73\x12\xa0\
\x23\0\0\0\0\x61\xa1\xa0\xff\0\0\0\0\xa6\x01\xae\x01\x71\x23\0\0\xbf\x81\0\0\0\
\0\0\0\x07\x01\0\0\x71\x23\0\0\x79\xa2\xc8\xff\0\0\0\0\x2d\x21\xaa\x01\0\0\0\0\
\x71\x81\x70\x23\0\0\0\0\x79\xa2\xb0\xff\0\0\0\0\x73\x12\xa1\x23\0\0\0\0\x61\
\xa1\xa0\xff\0\0\0\0\x16\x01\xa5\x01\x71\x23\0\0\xbf\x81\0\0\0\0\0\0\x07\x01\0\
\0\x72\x23\0\0\x79\xa2\xc8\xff\0\0\0\0\x2d\x21\xa1\x01\0\0\0\0\x71\x81\x71\x23\
\0\0\0\0\x79\xa2\xb0\xff\0\0\0\0\x73\x12\xa2\x23\0\0\0\0\x61\xa1\xa0\xff\0\0\0\
\0\xa6\x01\x9c\x01\x73\x23\0\0\xbf\x81\0\0\0\0\0\0\x07\x01\0\0\x73\x23\0\0\x79\
\xa2\xc8\xff\0\0\0\0\x2d\x21\x98\x01\0\0\0\0\x71\x81\x72\x23\0\0\0\0\x79\xa2\
\xb0\xff\0\0\0\0\x73\x12\xa3\x23\0\0\0\0\x61\xa1\xa0\xff\0\0\0\0\x16\x01\x93\
\x01\x73\x23\0\0\xbf\x81\0\0\0\0\0\0\x07\x01\0\0\x74\x23\0\0\x79\xa2\xc8\xff\0\
\0\0\0\x2d\x21\x8f\x01\0\0\0\0\x71\x81\x73\x23\0\0\0\0\x79\xa2\xb0\xff\0\0\0\0\
\x73\x12\xa4\x23\0\0\0\0\x61\xa1\xa0\xff\0\0\0\0\xa6\x01\x8a\x01\x75\x23\0\0\
\xbf\x81\0\0\0\0\0\0\x07\x01\0\0\x75\x23\0\0\x79\xa2\xc8\xff\0\0\0\0\x2d\x21\
\x86\x01\0\0\0\0\x71\x81\x74\x23\0\0\0\0\x79\xa2\xb0\xff\0\0\0\0\x73\x12\xa5\
\x23\0\0\0\0\x61\xa1\xa0\xff\0\0\0\0\x16\x01\x81\x01\x75\x23\0\0\xbf\x81\0\0\0\
\0\0\0\x07\x01\0\0\x76\x23\0\0\x79\xa2\xc8\xff\0\0\0\0\x2d\x21\x7d\x01\0\0\0\0\
\x71\x81\x75\x23\0\0\0\0\x79\xa2\xb0\xff\0\0\0\0\x73\x12\xa6\x23\0\0\0\0\x61\
\xa1\xa0\xff\0\0\0\0\xa6\x01\x78\x01\x77\x23\0\0\xbf\x81\0\0\0\0\0\0\x07\x01\0\
\0\x77\x23\0\0\x79\xa2\xc8\xff\0\0\0\0\x2d\x21\x74\x01\0\0\0\0\x71\x81\x76\x23\
\0\0\0\0\x79\xa2\xb0\xff\0\0\0\0\x73\x12\xa7\x23\0\0\0\0\x61\xa1\xa0\xff\0\0\0\
\0\x16\x01\x6f\x01\x77\x23\0\0\xbf\x81\0\0\0\0\0\0\x07\x01\0\0\x78\x23\0\0\x79\
\xa2\xc8\xff\0\0\0\0\x2d\x21\x6b\x01\0\0\0\0\x71\x81\x77\x23\0\0\0\0\x79\xa2\
\xb0\xff\0\0\0\0\x73\x12\xa8\x23\0\0\0\0\x61\xa1\xa0\xff\0\0\0\0\xa6\x01\x66\
\x01\x79\x23\0\0\xbf\x81\0\0\0\0\0\0\x07\x01\0\0\x79\x23\0\0\x79\xa2\xc8\xff\0\
\0\0\0\x2d\x21\x62\x01\0\0\0\0\x71\x81\x78\x23\0\0\0\0\x79\xa2\xb0\xff\0\0\0\0\
\x73\x12\xa9\x23\0\0\0\0\x61\xa1\xa0\xff\0\0\0\0\x16\x01\x5d\x01\x79\x23\0\0\
\xbf\x81\0\0\0\0\0\0\x07\x01\0\0\x7a\x23\0\0\x79\xa2\xc8\xff\0\0\0\0\x2d\x21\
\x59\x01\0\0\0\0\x71\x81\x79\x23\0\0\0\0\x79\xa2\xb0\xff\0\0\0\0\x73\x12\xaa\
\x23\0\0\0\0\x61\xa1\xa0\xff\0\0\0\0\xa6\x01\x54\x01\x7b\x23\0\0\xbf\x81\0\0\0\
\0\0\0\x07\x01\0\0\x7b\x23\0\0\x79\xa2\xc8\xff\0\0\0\0\x2d\x21\x50\x01\0\0\0\0\
\x71\x81\x7a\x23\0\0\0\0\x79\xa2\xb0\xff\0\0\0\0\x73\x12\xab\x23\0\0\0\0\x61\
\xa1\xa0\xff\0\0\0\0\x16\x01\x4b\x01\x7b\x23\0\0\xbf\x81\0\0\0\0\0\0\x07\x01\0\
\0\x7c\x23\0\0\x79\xa2\xc8\xff\0\0\0\0\x2d\x21\x47\x01\0\0\0\0\x71\x81\x7b\x23\
\0\0\0\0\x79\xa2\xb0\xff\0\0\0\0\x73\x12\xac\x23\0\0\0\0\x61\xa1\xa0\xff\0\0\0\
\0\xa6\x01\x42\x01\x7d\x23\0\0\xbf\x81\0\0\0\0\0\0\x07\x01\0\0\x7d\x23\0\0\x79\
\xa2\xc8\xff\0\0\0\0\x2d\x21\x3e\x01\0\0\0\0\x71\x81\x7c\x23\0\0\0\0\x79\xa2\
\xb0\xff\0\0\0\0\x73\x12\xad\x23\0\0\0\0\x61\xa1\xa0\xff\0\0\0\0\x16\x01\x39\
\x01\x7d\x23\0\0\xbf\x81\0\0\0\0\0\0\x07\x01\0\0\x7e\x23\0\0\x79\xa2\xc8\xff\0\
\0\0\0\x2d\x21\x35\x01\0\0\0\0\x71\x81\x7d\x23\0\0\0\0\x79\xa2\xb0\xff\0\0\0\0\
\x73\x12\xae\x23\0\0\0\0\x61\xa1\xa0\xff\0\0\0\0\xa6\x01\x30\x01\x7f\x23\0\0\
\xbf\x81\0\0\0\0\0\0\x07\x01\0\0\x7f\x23\0\0\x79\xa2\xc8\xff\0\0\0\0\x2d\x21\
\x2c\x01\0\0\0\0\x71\x81\x7e\x23\0\0\0\0\x79\xa2\xb0\xff\0\0\0\0\x73\x12\xaf\
\x23\0\0\0\0\x61\xa1\xa0\xff\0\0\0\0\x16\x01\x27\x01\x7f\x23\0\0\xbf\x81\0\0\0\
\0\0\0\x07\x01\0\0\x80\x23\0\0\x79\xa2\xc8\xff\0\0\0\0\x2d\x21\x23\x01\0\0\0\0\
\x71\x81\x7f\x23\0\0\0\0\x79\xa2\xb0\xff\0\0\0\0\x73\x12\xb0\x23\0\0\0\0\x61\
\xa1\xa0\xff\0\0\0\0\xa6\x01\x1e\x01\x81\x23\0\0\xbf\x81\0\0\0\0\0\0\x07\x01\0\
\0\x81\x23\0\0\x79\xa2\xc8\xff\0\0\0\0\x2d\x21\x1a\x01\0\0\0\0\x71\x81\x80\x23\
\0\0\0\0\x79\xa2\xb0\xff\0\0\0\0\x73\x12\xb1\x23\0\0\0\0\x61\xa1\xa0\xff\0\0\0\
\0\x16\x01\x15\x01\x81\x23\0\0\xbf\x81\0\0\0\0\0\0\x07\x01\0\0\x82\x23\0\0\x79\
\xa2\xc8\xff\0\0\0\0\x2d\x21\x11\x01\0\0\0\0\x71\x81\x81\x23\0\0\0\0\x79\xa2\
\xb0\xff\0\0\0\0\x73\x12\xb2\x23\0\0\0\0\x61\xa1\xa0\xff\0\0\0\0\xa6\x01\x0c\
\x01\x83\x23\0\0\xbf\x81\0\0\0\0\0\0\x07\x01\0\0\x83\x23\0\0\x79\xa2\xc8\xff\0\
\0\0\0\x2d\x21\x08\x01\0\0\0\0\x71\x81\x82\x23\0\0\0\0\x79\xa2\xb0\xff\0\0\0\0\
\x73\x12\xb3\x23\0\0\0\0\x61\xa1\xa0\xff\0\0\0\0\x16\x01\x03\x01\x83\x23\0\0\
\xbf\x81\0\0\0\0\0\0\x07\x01\0\0\x84\x23\0\0\x79\xa2\xc8\xff\0\0\0\0\x2d\x21\
\xff\0\0\0\0\0\x71\x81\x83\x23\0\0\0\0\x79\xa2\xb0\xff\0\0\0\0\x73\x12\xb4\x23\
\0\0\0\0\x61\xa1\xa0\xff\0\0\0\0\xa6\x01\xfa\0\x85\x23\0\0\xbf\x81\0\0\0\0\0\0\
\x07\x01\0\0\x85\x23\0\0\x79\xa2\xc8\xff\0\0\0\0\x2d\x21\xf6\0\0\0\0\0\x71\x81\
\x84\x23\0\0\0\0\x79\xa2\xb0\xff\0\0\0\0\x73\x12\xb5\x23\0\0\0\0\x61\xa1\xa0\
\xff\0\0\0\0\x16\x01\xf1\0\x85\x23\0\0\xbf\x81\0\0\0\0\0\0\x07\x01\0\0\x86\x23\
\0\0\x79\xa2\xc8\xff\0\0\0\0\x2d\x21\xed\0\0\0\0\0\x71\x81\x85\x23\0\0\0\0\x79\
\xa2\xb0\xff\0\0\0\0\x73\x12\xb6\x23\0\0\0\0\x61\xa1\xa0\xff\0\0\0\0\xa6\x01\
\xe8\0\x87\x23\0\0\xbf\x81\0\0\0\0\0\0\x07\x01\0\0\x87\x23\0\0\x79\xa2\xc8\xff\
\0\0\0\0\x2d\x21\xe4\0\0\0\0\0\x71\x81\x86\x23\0\0\0\0\x79\xa2\xb0\xff\0\0\0\0\
\x73\x12\xb7\x23\0\0\0\0\x61\xa1\xa0\xff\0\0\0\0\x16\x01\xdf\0\x87\x23\0\0\xbf\
\x81\0\0\0\0\0\0\x07\x01\0\0\x88\x23\0\0\x79\xa2\xc8\xff\0\0\0\0\x2d\x21\xdb\0\
\0\0\0\0\x71\x81\x87\x23\0\0\0\0\x79\xa2\xb0\xff\0\0\0\0\x73\x12\xb8\x23\0\0\0\
\0\x61\xa1\xa0\xff\0\0\0\0\xa6\x01\xd6\0\x89\x23\0\0\xbf\x81\0\0\0\0\0\0\x07\
\x01\0\0\x89\x23\0\0\x79\xa2\xc8\xff\0\0\0\0\x2d\x21\xd2\0\0\0\0\0\x71\x81\x88\
\x23\0\0\0\0\x79\xa2\xb0\xff\0\0\0\0\x73\x12\xb9\x23\0\0\0\0\x61\xa1\xa0\xff\0\
\0\0\0\x16\x01\xcd\0\x89\x23\0\0\xbf\x81\0\0\0\0\0\0\x07\x01\0\0\x8a\x23\0\0\
\x79\xa2\xc8\xff\0\0\0\0\x2d\x21\xc9\0\0\0\0\0\x71\x81\x89\x23\0\0\0\0\x79\xa2\
\xb0\xff\0\0\0\0\x73\x12\xba\x23\0\0\0\0\x61\xa1\xa0\xff\0\0\0\0\xa6\x01\xc4\0\
\x8b\x23\0\0\xbf\x81\0\0\0\0\0\0\x07\x01\0\0\x8b\x23\0\0\x79\xa2\xc8\xff\0\0\0\
\0\x2d\x21\xc0\0\0\0\0\0\x71\x81\x8a\x23\0\0\0\0\x79\xa2\xb0\xff\0\0\0\0\x73\
\x12\xbb\x23\0\0\0\0\x61\xa1\xa0\xff\0\0\0\0\x16\x01\xbb\0\x8b\x23\0\0\xbf\x81\
\0\0\0\0\0\0\x07\x01\0\0\x8c\x23\0\0\x79\xa2\xc8\xff\0\0\0\0\x2d\x21\xb7\0\0\0\
\0\0\x71\x81\x8b\x23\0\0\0\0\x79\xa2\xb0\xff\0\0\0\0\x73\x12\xbc\x23\0\0\0\0\
\x61\xa1\xa0\xff\0\0\0\0\xa6\x01\xb2\0\x8d\x23\0\0\xbf\x81\0\0\0\0\0\0\x07\x01\
\0\0\x8d\x23\0\0\x79\xa2\xc8\xff\0\0\0\0\x2d\x21\xae\0\0\0\0\0\x71\x81\x8c\x23\
\0\0\0\0\x79\xa2\xb0\xff\0\0\0\0\x73\x12\xbd\x23\0\0\0\0\x61\xa1\xa0\xff\0\0\0\
\0\x16\x01\xa9\0\x8d\x23\0\0\xbf\x81\0\0\0\0\0\0\x07\x01\0\0\x8e\x23\0\0\x79\
\xa2\xc8\xff\0\0\0\0\x2d\x21\xa5\0\0\0\0\0\x71\x81\x8d\x23\0\0\0\0\x79\xa2\xb0\
\xff\0\0\0\0\x73\x12\xbe\x23\0\0\0\0\x61\xa1\xa0\xff\0\0\0\0\xa6\x01\xa0\0\x8f\
\x23\0\0\xbf\x81\0\0\0\0\0\0\x07\x01\0\0\x8f\x23\0\0\x79\xa2\xc8\xff\0\0\0\0\
\x2d\x21\x9c\0\0\0\0\0\x71\x81\x8e\x23\0\0\0\0\x79\xa2\xb0\xff\0\0\0\0\x73\x12\
\xbf\x23\0\0\0\0\x61\xa1\xa0\xff\0\0\0\0\x16\x01\x97\0\x8f\x23\0\0\xbf\x81\0\0\
\0\0\0\0\x07\x01\0\0\x90\x23\0\0\x79\xa2\xc8\xff\0\0\0\0\x2d\x21\x93\0\0\0\0\0\
\x71\x81\x8f\x23\0\0\0\0\x79\xa2\xb0\xff\0\0\0\0\x73\x12\xc0\x23\0\0\0\0\x61\
\xa1\xa0\xff\0\0\0\0\xa6\x01\x8e\0\x91\x23\0\0\xbf\x81\0\0\0\0\0\0\x07\x01\0\0\
\x91\x23\0\0\x79\xa2\xc8\xff\0\0\0\0\x2d\x21\x8a\0\0\0\0\0\x71\x81\x90\x23\0\0\
\0\0\x79\xa2\xb0\xff\0\0\0\0\x73\x12\xc1\x23\0\0\0\0\x61\xa1\xa0\xff\0\0\0\0\
\x16\x01\x85\0\x91\x23\0\0\xbf\x81\0\0\0\0\0\0\x07\x01\0\0\x92\x23\0\0\x79\xa2\
\xc8\xff\0\0\0\0\x2d\x21\x81\0\0\0\0\0\x71\x81\x91\x23\0\0\0\0\x79\xa2\xb0\xff\
\0\0\0\0\x73\x12\xc2\x23\0\0\0\0\x61\xa1\xa0\xff\0\0\0\0\xa6\x01\x7c\0\x93\x23\
\0\0\xbf\x81\0\0\0\0\0\0\x07\x01\0\0\x93\x23\0\0\x79\xa2\xc8\xff\0\0\0\0\x2d\
\x21\x78\0\0\0\0\0\x71\x81\x92\x23\0\0\0\0\x79\xa2\xb0\xff\0\0\0\0\x73\x12\xc3\
\x23\0\0\0\0\x61\xa1\xa0\xff\0\0\0\0\x16\x01\x73\0\x93\x23\0\0\xbf\x81\0\0\0\0\
\0\0\x07\x01\0\0\x94\x23\0\0\x79\xa2\xc8\xff\0\0\0\0\x2d\x21\x6f\0\0\0\0\0\x71\
\x81\x93\x23\0\0\0\0\x79\xa2\xb0\xff\0\0\0\0\x73\x12\xc4\x23\0\0\0\0\x61\xa1\
\xa0\xff\0\0\0\0\xa6\x01\x6a\0\x95\x23\0\0\xbf\x81\0\0\0\0\0\0\x07\x01\0\0\x95\
\x23\0\0\x79\xa2\xc8\xff\0\0\0\0\x2d\x21\x66\0\0\0\0\0\x71\x81\x94\x23\0\0\0\0\
\x79\xa2\xb0\xff\0\0\0\0\x73\x12\xc5\x23\0\0\0\0\x61\xa1\xa0\xff\0\0\0\0\x16\
\x01\x61\0\x95\x23\0\0\xbf\x81\0\0\0\0\0\0\x07\x01\0\0\x96\x23\0\0\x79\xa2\xc8\
\xff\0\0\0\0\x2d\x21\x5d\0\0\0\0\0\x71\x81\x95\x23\0\0\0\0\x79\xa2\xb0\xff\0\0\
\0\0\x73\x12\xc6\x23\0\0\0\0\x61\xa1\xa0\xff\0\0\0\0\xa6\x01\x58\0\x97\x23\0\0\
\xbf\x81\0\0\0\0\0\0\x07\x01\0\0\x97\x23\0\0\x79\xa2\xc8\xff\0\0\0\0\x2d\x21\
\x54\0\0\0\0\0\x71\x81\x96\x23\0\0\0\0\x79\xa2\xb0\xff\0\0\0\0\x73\x12\xc7\x23\
\0\0\0\0\x61\xa1\xa0\xff\0\0\0\0\x16\x01\x4f\0\x97\x23\0\0\xbf\x81\0\0\0\0\0\0\
\x07\x01\0\0\x98\x23\0\0\x79\xa2\xc8\xff\0\0\0\0\x2d\x21\x4b\0\0\0\0\0\x71\x81\
\x97\x23\0\0\0\0\x79\xa2\xb0\xff\0\0\0\0\x73\x12\xc8\x23\0\0\0\0\x61\xa1\xa0\
\xff\0\0\0\0\xa6\x01\x46\0\x99\x23\0\0\xbf\x81\0\0\0\0\0\0\x07\x01\0\0\x99\x23\
\0\0\x79\xa2\xc8\xff\0\0\0\0\x2d\x21\x42\0\0\0\0\0\x71\x81\x98\x23\0\0\0\0\x79\
\xa2\xb0\xff\0\0\0\0\x73\x12\xc9\x23\0\0\0\0\x61\xa1\xa0\xff\0\0\0\0\x16\x01\
\x3d\0\x99\x23\0\0\xbf\x81\0\0\0\0\0\0\x07\x01\0\0\x9a\x23\0\0\x79\xa2\xc8\xff\
\0\0\0\0\x2d\x21\x39\0\0\0\0\0\x71\x81\x99\x23\0\0\0\0\x79\xa2\xb0\xff\0\0\0\0\
\x73\x12\xca\x23\0\0\0\0\x61\xa1\xa0\xff\0\0\0\0\xa6\x01\x34\0\x9b\x23\0\0\xbf\
\x81\0\0\0\0\0\0\x07\x01\0\0\x9b\x23\0\0\x79\xa2\xc8\xff\0\0\0\0\x2d\x21\x30\0\
\0\0\0\0\x71\x81\x9a\x23\0\0\0\0\x79\xa2\xb0\xff\0\0\0\0\x73\x12\xcb\x23\0\0\0\
\0\x61\xa1\xa0\xff\0\0\0\0\x16\x01\x2b\0\x9b\x23\0\0\xbf\x81\0\0\0\0\0\0\x07\
\x01\0\0\x9c\x23\0\0\x79\xa2\xc8\xff\0\0\0\0\x2d\x21\x27\0\0\0\0\0\x71\x81\x9b\
\x23\0\0\0\0\x79\xa2\xb0\xff\0\0\0\0\x73\x12\xcc\x23\0\0\0\0\x61\xa1\xa0\xff\0\
\0\0\0\xa6\x01\x22\0\x9d\x23\0\0\xbf\x81\0\0\0\0\0\0\x07\x01\0\0\x9d\x23\0\0\
\x79\xa2\xc8\xff\0\0\0\0\x2d\x21\x1e\0\0\0\0\0\x71\x81\x9c\x23\0\0\0\0\x79\xa2\
\xb0\xff\0\0\0\0\x73\x12\xcd\x23\0\0\0\0\x61\xa1\xa0\xff\0\0\0\0\x16\x01\x19\0\
\x9d\x23\0\0\xbf\x81\0\0\0\0\0\0\x07\x01\0\0\x9e\x23\0\0\x79\xa2\xc8\xff\0\0\0\
\0\x2d\x21\x15\0\0\0\0\0\x71\x81\x9d\x23\0\0\0\0\x79\xa2\xb0\xff\0\0\0\0\x73\
\x12\xce\x23\0\0\0\0\x61\xa1\xa0\xff\0\0\0\0\xa6\x01\x10\0\x9f\x23\0\0\xbf\x81\
\0\0\0\0\0\0\x07\x01\0\0\x9f\x23\0\0\x79\xa2\xc8\xff\0\0\0\0\x2d\x21\x0c\0\0\0\
\0\0\x71\x81\x9e\x23\0\0\0\0\x79\xa2\xb0\xff\0\0\0\0\x73\x12\xcf\x23\0\0\0\0\
\x61\xa1\xa0\xff\0\0\0\0\x16\x01\x07\0\x9f\x23\0\0\xbf\x81\0\0\0\0\0\0\x07\x01\
\0\0\xa0\x23\0\0\x79\xa2\xc8\xff\0\0\0\0\x2d\x21\x03\0\0\0\0\0\x71\x81\x9f\x23\
\0\0\0\0\x79\xa2\xb0\xff\0\0\0\0\x73\x12\xd0\x23\0\0\0\0\x16\0\xf7\0\0\0\0\0\
\x79\xa6\xa8\xff\0\0\0\0\x61\x61\x0c\0\0\0\0\0\x79\xa2\xb8\xff\0\0\0\0\xdc\x02\
\0\0\x10\0\0\0\x63\x2a\xe0\xff\0\0\0\0\x79\xa2\xc0\xff\0\0\0\0\xdc\x02\0\0\x10\
\0\0\0\x63\x2a\xdc\xff\0\0\0\0\x63\x1a\xd8\xff\0\0\0\0\x71\x61\x09\0\0\0\0\0\
\x63\x1a\xe4\xff\0\0\0\0\xbf\xa2\0\0\0\0\0\0\x07\x02\0\0\xd8\xff\xff\xff\x18\
\x01\0\0\0\0\0\0\0\0\0\0\0\0\0\0\x85\0\0\0\x01\0\0\0\xbf\x09\0\0\0\0\0\0\x79\
\xa7\xc8\xff\0\0\0\0\x15\x09\xb6\x01\0\0\0\0\x71\x91\x0d\0\0\0\0\0\x64\x01\0\0\
\x08\0\0\0\x71\x92\x0c\0\0\0\0\0\x4c\x21\0\0\0\0\0\0\x71\x92\x0e\0\0\0\0\0\x64\
\x02\0\0\x10\0\0\0\x71\x93\x0f\0\0\0\0\0\x64\x03\0\0\x18\0\0\0\x4c\x23\0\0\0\0\
\0\0\x4c\x13\0\0\0\0\0\0\x63\x3a\xf0\xff\0\0\0\0\xbf\xa2\0\0\0\0\0\0\x07\x02\0\
\0\xf0\xff\xff\xff\x18\x01\0\0\0\0\0\0\0\0\0\0\0\0\0\0\x85\0\0\0\x01\0\0\0\x15\
\0\xa5\x01\0\0\0\0\x71\x61\0\0\0\0\0\0\x67\x01\0\0\x02\0\0\0\x57\x01\0\0\x3c\0\
\0\0\xbf\x64\0\0\0\0\0\0\x0f\x14\0\0\0\0\0\0\x61\x61\x10\0\0\0\0\0\x2d\x74\x9e\
\x01\0\0\0\0\x71\x93\x01\0\0\0\0\0\x64\x03\0\0\x08\0\0\0\x71\x92\0\0\0\0\0\0\
\x4c\x23\0\0\0\0\0\0\x71\x95\x02\0\0\0\0\0\x64\x05\0\0\x10\0\0\0\x71\x92\x03\0\
\0\0\0\0\x64\x02\0\0\x18\0\0\0\x4c\x52\0\0\0\0\0\0\x4c\x32\0\0\0\0\0\0\x71\x63\
\x09\0\0\0\0\0\x56\x03\x07\0\x06\0\0\0\xbf\x43\0\0\0\0\0\0\x07\x03\0\0\x14\0\0\
\0\x2d\x73\x8f\x01\0\0\0\0\xb7\x03\0\0\x10\0\0\0\x0f\x34\0\0\0\0\0\0\xbf\x43\0\
\0\0\0\0\0\x05\0\x0a\0\0\0\0\0\x71\x63\x09\0\0\0\0\0\x56\x03\x24\0\x11\0\0\0\
\xbf\x43\0\0\0\0\0\0\x07\x03\0\0\x08\0\0\0\x2d\x73\x86\x01\0\0\0\0\xb7\x05\0\0\
\x06\0\0\0\xbf\x43\0\0\0\0\0\0\x0f\x53\0\0\0\0\0\0\x69\x44\x06\0\0\0\0\0\x16\
\x04\x1c\0\0\0\0\0\xbc\x14\0\0\0\0\0\0\xa4\x04\0\0\xff\xff\xff\xff\xbc\x45\0\0\
\0\0\0\0\x74\x05\0\0\x10\0\0\0\x54\x04\0\0\xff\xff\0\0\x0c\x54\0\0\0\0\0\0\xbc\
\x25\0\0\0\0\0\0\x54\x05\0\0\xff\xff\0\0\x0c\x54\0\0\0\0\0\0\xbc\x25\0\0\0\0\0\
\0\x74\x05\0\0\x10\0\0\0\x0c\x54\0\0\0\0\0\0\x69\x35\0\0\0\0\0\0\xa4\x05\0\0\
\xff\xff\0\0\x0c\x54\0\0\0\0\0\0\xbc\x45\0\0\0\0\0\0\x54\x05\0\0\xff\xff\0\0\
\x74\x04\0\0\x10\0\0\0\x0c\x54\0\0\0\0\0\0\xbc\x45\0\0\0\0\0\0\x54\x05\0\0\xff\
\xff\0\0\x74\x04\0\0\x10\0\0\0\x0c\x54\0\0\0\0\0\0\xbc\x45\0\0\0\0\0\0\x74\x05\
\0\0\x10\0\0\0\x0c\x45\0\0\0\0\0\0\xa4\x05\0\0\xff\xff\xff\xff\x6b\x53\0\0\0\0\
\0\0\x79\xa7\x98\xff\0\0\0\0\xbf\x73\0\0\0\0\0\0\x07\x03\0\0\x16\0\0\0\x07\x07\
\0\0\x10\0\0\0\xa4\x01\0\0\xff\xff\xff\xff\xbc\x14\0\0\0\0\0\0\x74\x04\0\0\x10\
\0\0\0\x54\x01\0\0\xff\xff\0\0\x0c\x41\0\0\0\0\0\0\xbc\x24\0\0\0\0\0\0\x54\x04\
\0\0\xff\xff\0\0\x0c\x41\0\0\0\0\0\0\xbc\x24\0\0\0\0\0\0\x74\x04\0\0\x10\0\0\0\
\x0c\x41\0\0\0\0\0\0\x69\x64\x0a\0\0\0\0\0\xa4\x04\0\0\xff\xff\0\0\x0c\x41\0\0\
\0\0\0\0\xbc\x14\0\0\0\0\0\0\x54\x04\0\0\xff\xff\0\0\x74\x01\0\0\x10\0\0\0\x0c\
\x41\0\0\0\0\0\0\xbc\x14\0\0\0\0\0\0\x54\x04\0\0\xff\xff\0\0\x74\x01\0\0\x10\0\
\0\0\x0c\x41\0\0\0\0\0\0\xbc\x14\0\0\0\0\0\0\x74\x04\0\0\x10\0\0\0\x0c\x14\0\0\
\0\0\0\0\xa4\x04\0\0\xff\xff\xff\xff\x6b\x46\x0a\0\0\0\0\0\x63\x26\x10\0\0\0\0\
\0\xb7\x01\0\0\x06\0\0\0\xbf\x82\0\0\0\0\0\0\x0f\x12\0\0\0\0\0\0\x71\x01\x12\0\
\0\0\0\0\x73\x12\x05\0\0\0\0\0\x71\x01\x11\0\0\0\0\0\x73\x12\x04\0\0\0\0\0\x71\
\x01\x10\0\0\0\0\0\x73\x12\x03\0\0\0\0\0\x71\x01\x0f\0\0\0\0\0\x73\x12\x02\0\0\
\0\0\0\x71\x01\x0e\0\0\0\0\0\x73\x12\x01\0\0\0\0\0\x71\x01\x0d\0\0\0\0\0\x73\
\x18\x06\0\0\0\0\0\xb7\x02\0\0\0\0\0\0\xbf\x81\0\0\0\0\0\0\x0f\x21\0\0\0\0\0\0\
\x71\x92\x15\0\0\0\0\0\x73\x21\x05\0\0\0\0\0\x71\x92\x12\0\0\0\0\0\x64\x02\0\0\
\x10\0\0\0\x71\x94\x13\0\0\0\0\0\xbc\x45\0\0\0\0\0\0\x64\x05\0\0\x18\0\0\0\x4c\
\x25\0\0\0\0\0\0\x71\x92\x14\0\0\0\0\0\x73\x21\x04\0\0\0\0\0\x73\x41\x03\0\0\0\
\0\0\x71\x92\x11\0\0\0\0\0\x73\x21\x01\0\0\0\0\0\x71\x92\x10\0\0\0\0\0\x73\x28\
\0\0\0\0\0\0\x74\x05\0\0\x10\0\0\0\x73\x51\x02\0\0\0\0\0\x71\x01\x0f\0\0\0\0\0\
\x64\x01\0\0\x10\0\0\0\x71\x02\x10\0\0\0\0\0\xbc\x24\0\0\0\0\0\0\x64\x04\0\0\
\x18\0\0\0\x4c\x14\0\0\0\0\0\0\x73\x27\x03\0\0\0\0\0\x71\x01\x0e\0\0\0\0\0\x73\
\x17\x01\0\0\0\0\0\x71\x01\x0d\0\0\0\0\0\x73\x17\0\0\0\0\0\0\x74\x04\0\0\x10\0\
\0\0\x73\x47\x02\0\0\0\0\0\x71\x01\x12\0\0\0\0\0\x73\x17\x05\0\0\0\0\0\x71\x01\
\x11\0\0\0\0\0\x73\x17\x04\0\0\0\0\0\x71\x91\x15\0\0\0\0\0\x73\x13\x05\0\0\0\0\
\0\x71\x91\x14\0\0\0\0\0\x73\x13\x04\0\0\0\0\0\x71\x91\x12\0\0\0\0\0\x73\x13\
\x02\0\0\0\0\0\x71\x91\x13\0\0\0\0\0\x73\x13\x03\0\0\0\0\0\x71\x91\x10\0\0\0\0\
\0\x73\x13\0\0\0\0\0\0\x71\x91\x11\0\0\0\0\0\x73\x13\x01\0\0\0\0\0\x61\x63\x0c\
\0\0\0\0\0\xbc\x32\0\0\0\0\0\0\x74\x02\0\0\x18\0\0\0\x79\xa1\xb0\xff\0\0\0\0\
\x73\x21\x1f\0\0\0\0\0\xbc\x32\0\0\0\0\0\0\x74\x02\0\0\x10\0\0\0\x73\x21\x1e\0\
\0\0\0\0\x73\x31\x1c\0\0\0\0\0\x74\x03\0\0\x08\0\0\0\x73\x31\x1d\0\0\0\0\0\xb4\
\0\0\0\0\0\0\0\x71\x92\0\0\0\0\0\0\x71\x93\x01\0\0\0\0\0\x71\x94\x02\0\0\0\0\0\
\x71\x95\x03\0\0\0\0\0\x73\x01\x23\0\0\0\0\0\x73\x01\x22\0\0\0\0\0\x79\xa6\xc0\
\xff\0\0\0\0\xbc\x60\0\0\0\0\0\0\x74\0\0\0\x08\0\0\0\x73\x01\x21\0\0\0\0\0\x73\
\x61\x20\0\0\0\0\0\x73\x51\x27\0\0\0\0\0\x73\x41\x26\0\0\0\0\0\x73\x31\x25\0\0\
\0\0\0\x73\x21\x24\0\0\0\0\0\x71\x95\x05\0\0\0\0\0\x71\x92\x04\0\0\0\0\0\x71\
\x93\x07\0\0\0\0\0\x71\x94\x06\0\0\0\0\0\x73\x41\x2a\0\0\0\0\0\x73\x31\x2b\0\0\
\0\0\0\x73\x21\x28\0\0\0\0\0\x73\x51\x29\0\0\0\0\0\xb7\x02\0\0\0\0\0\0\x85\0\0\
\0\x84\0\0\0\x71\x92\x0d\0\0\0\0\0\x64\x02\0\0\x08\0\0\0\x71\x91\x0c\0\0\0\0\0\
\x4c\x12\0\0\0\0\0\0\x71\x93\x0e\0\0\0\0\0\x64\x03\0\0\x10\0\0\0\x71\x91\x0f\0\
\0\0\0\0\x64\x01\0\0\x18\0\0\0\x4c\x31\0\0\0\0\0\0\x4c\x21\0\0\0\0\0\0\xb7\x02\
\0\0\0\0\0\0\x85\0\0\0\x17\0\0\0\xbf\x03\0\0\0\0\0\0\x05\0\xd6\0\0\0\0\0\xb4\
\x01\0\0\0\0\0\0\x63\x1a\xd8\xff\0\0\0\0\xbf\xa2\0\0\0\0\0\0\x07\x02\0\0\xd8\
\xff\xff\xff\x18\x01\0\0\0\0\0\0\0\0\0\0\0\0\0\0\x85\0\0\0\x01\0\0\0\x79\xa6\
\xa8\xff\0\0\0\0\x79\xa7\xc8\xff\0\0\0\0\x15\0\x03\0\0\0\0\0\x61\x01\0\0\0\0\0\
\0\x63\x1a\xf0\xff\0\0\0\0\x56\x01\x04\0\0\0\0\0\x79\xa1\xb0\xff\0\0\0\0\xb7\
\x02\0\0\0\0\0\0\x85\0\0\0\x85\0\0\0\x05\0\xc4\0\0\0\0\0\xbf\xa2\0\0\0\0\0\0\
\x07\x02\0\0\xf0\xff\xff\xff\x18\x01\0\0\0\0\0\0\0\0\0\0\0\0\0\0\x85\0\0\0\x01\
\0\0\0\xbf\x09\0\0\0\0\0\0\x15\x09\xf5\xff\0\0\0\0\x61\x61\x10\0\0\0\0\0\x63\
\x1a\xd8\xff\0\0\0\0\xbf\xa2\0\0\0\0\0\0\x07\x02\0\0\xd8\xff\xff\xff\x18\x01\0\
\0\0\0\0\0\0\0\0\0\0\0\0\0\x85\0\0\0\x01\0\0\0\x15\0\x01\0\0\0\0\0\x05\0\xec\
\xff\0\0\0\0\x71\x61\0\0\0\0\0\0\x54\x01\0\0\x0f\0\0\0\xa6\x01\xae\0\x05\0\0\0\
\x71\x61\0\0\0\0\0\0\x67\x01\0\0\x02\0\0\0\x57\x01\0\0\x3c\0\0\0\xbf\x62\0\0\0\
\0\0\0\x0f\x12\0\0\0\0\0\0\x7b\x2a\xa0\xff\0\0\0\0\x2d\x72\xa7\0\0\0\0\0\x61\
\x61\x10\0\0\0\0\0\x79\xa2\xb8\xff\0\0\0\0\xdc\x02\0\0\x10\0\0\0\x63\x2a\xf4\
\xff\0\0\0\0\x63\x1a\xf0\xff\0\0\0\0\x79\xa2\xc0\xff\0\0\0\0\xdc\x02\0\0\x10\0\
\0\0\x63\x2a\xf8\xff\0\0\0\0\x71\x61\x09\0\0\0\0\0\x63\x1a\xfc\xff\0\0\0\0\x61\
\x61\x0c\0\0\0\0\0\x63\x2a\xdc\xff\0\0\0\0\x63\x1a\xd8\xff\0\0\0\0\x71\x61\x09\
\0\0\0\0\0\x63\x1a\xe0\xff\0\0\0\0\x79\xa1\xd0\xff\0\0\0\0\x61\x11\x0c\0\0\0\0\
\0\x63\x1a\xe4\xff\0\0\0\0\xb7\x01\0\0\x06\0\0\0\xbf\x82\0\0\0\0\0\0\x0f\x12\0\
\0\0\0\0\0\x69\x21\x04\0\0\0\0\0\x6b\x1a\xec\xff\0\0\0\0\x69\x81\x06\0\0\0\0\0\
\x69\x22\x02\0\0\0\0\0\x64\x02\0\0\x10\0\0\0\x4c\x12\0\0\0\0\0\0\x63\x2a\xe8\
\xff\0\0\0\0\xbf\xa2\0\0\0\0\0\0\x07\x02\0\0\xf0\xff\xff\xff\xbf\xa3\0\0\0\0\0\
\0\x07\x03\0\0\xd8\xff\xff\xff\x18\x01\0\0\0\0\0\0\0\0\0\0\0\0\0\0\xb7\x04\0\0\
\0\0\0\0\x85\0\0\0\x02\0\0\0\x71\x92\x06\0\0\0\0\0\x64\x02\0\0\x08\0\0\0\x71\
\x91\x05\0\0\0\0\0\x4c\x12\0\0\0\0\0\0\x71\x93\x07\0\0\0\0\0\x64\x03\0\0\x10\0\
\0\0\x71\x91\x08\0\0\0\0\0\x64\x01\0\0\x18\0\0\0\x4c\x31\0\0\0\0\0\0\x4c\x21\0\
\0\0\0\0\0\x61\x62\x0c\0\0\0\0\0\x71\x63\x09\0\0\0\0\0\x56\x03\x08\0\x06\0\0\0\
\x79\xa3\xa0\xff\0\0\0\0\x07\x03\0\0\x14\0\0\0\x2d\x73\x73\0\0\0\0\0\xb7\x03\0\
\0\x10\0\0\0\x79\xa4\xa0\xff\0\0\0\0\x0f\x34\0\0\0\0\0\0\xbf\x43\0\0\0\0\0\0\
\x05\0\x0c\0\0\0\0\0\x79\xa3\xa8\xff\0\0\0\0\x71\x33\x09\0\0\0\0\0\x56\x03\x25\
\0\x11\0\0\0\x79\xa3\xa0\xff\0\0\0\0\x07\x03\0\0\x08\0\0\0\x2d\x73\x68\0\0\0\0\
\0\xb7\x04\0\0\x06\0\0\0\x79\xa5\xa0\xff\0\0\0\0\xbf\x53\0\0\0\0\0\0\x0f\x43\0\
\0\0\0\0\0\x69\x54\x06\0\0\0\0\0\x16\x04\x1c\0\0\0\0\0\xbc\x24\0\0\0\0\0\0\xa4\
\x04\0\0\xff\xff\xff\xff\xbc\x45\0\0\0\0\0\0\x74\x05\0\0\x10\0\0\0\x54\x04\0\0\
\xff\xff\0\0\x0c\x54\0\0\0\0\0\0\xbc\x15\0\0\0\0\0\0\x54\x05\0\0\xff\xff\0\0\
\x0c\x54\0\0\0\0\0\0\xbc\x15\0\0\0\0\0\0\x74\x05\0\0\x10\0\0\0\x0c\x54\0\0\0\0\
\0\0\x69\x35\0\0\0\0\0\0\xa4\x05\0\0\xff\xff\0\0\x0c\x54\0\0\0\0\0\0\xbc\x45\0\
\0\0\0\0\0\x54\x05\0\0\xff\xff\0\0\x74\x04\0\0\x10\0\0\0\x0c\x54\0\0\0\0\0\0\
\xbc\x45\0\0\0\0\0\0\x54\x05\0\0\xff\xff\0\0\x74\x04\0\0\x10\0\0\0\x0c\x54\0\0\
\0\0\0\0\xbc\x45\0\0\0\0\0\0\x74\x05\0\0\x10\0\0\0\x0c\x45\0\0\0\0\0\0\xa4\x05\
\0\0\xff\xff\xff\xff\x6b\x53\0\0\0\0\0\0\xa4\x02\0\0\xff\xff\xff\xff\xbc\x23\0\
\0\0\0\0\0\x74\x03\0\0\x10\0\0\0\x54\x02\0\0\xff\xff\0\0\x0c\x32\0\0\0\0\0\0\
\xbc\x13\0\0\0\0\0\0\x54\x03\0\0\xff\xff\0\0\x0c\x32\0\0\0\0\0\0\xbc\x13\0\0\0\
\0\0\0\x74\x03\0\0\x10\0\0\0\x0c\x32\0\0\0\0\0\0\x79\xa4\xa8\xff\0\0\0\0\x69\
\x43\x0a\0\0\0\0\0\xa4\x03\0\0\xff\xff\0\0\x0c\x32\0\0\0\0\0\0\xbc\x23\0\0\0\0\
\0\0\x54\x03\0\0\xff\xff\0\0\x74\x02\0\0\x10\0\0\0\x0c\x32\0\0\0\0\0\0\xbc\x23\
\0\0\0\0\0\0\x54\x03\0\0\xff\xff\0\0\x74\x02\0\0\x10\0\0\0\x0c\x32\0\0\0\0\0\0\
\xbc\x23\0\0\0\0\0\0\x74\x03\0\0\x10\0\0\0\x0c\x23\0\0\0\0\0\0\xa4\x03\0\0\xff\
\xff\xff\xff\x6b\x34\x0a\0\0\0\0\0\x63\x14\x0c\0\0\0\0\0\xb7\x01\0\0\x06\0\0\0\
\xbf\x82\0\0\0\0\0\0\x0f\x12\0\0\0\0\0\0\x71\x91\x12\0\0\0\0\0\x73\x12\x05\0\0\
\0\0\0\x71\x91\x11\0\0\0\0\0\x73\x12\x04\0\0\0\0\0\x71\x91\x10\0\0\0\0\0\x73\
\x12\x03\0\0\0\0\0\x71\x91\x0f\0\0\0\0\0\x73\x12\x02\0\0\0\0\0\x71\x91\x0e\0\0\
\0\0\0\x73\x12\x01\0\0\0\0\0\x71\x91\x0d\0\0\0\0\0\x73\x18\x06\0\0\0\0\0\xb7\
\x01\0\0\0\0\0\0\xbf\x82\0\0\0\0\0\0\x0f\x12\0\0\0\0\0\0\x71\x91\x1c\0\0\0\0\0\
\x73\x12\x04\0\0\0\0\0\x71\x91\x1d\0\0\0\0\0\x73\x12\x05\0\0\0\0\0\x71\x91\x1a\
\0\0\0\0\0\x73\x12\x02\0\0\0\0\0\x71\x91\x1b\0\0\0\0\0\x73\x12\x03\0\0\0\0\0\
\x71\x91\x18\0\0\0\0\0\x73\x18\0\0\0\0\0\0\x71\x91\x19\0\0\0\0\0\x73\x12\x01\0\
\0\0\0\0\x79\xa1\xb0\xff\0\0\0\0\xb7\x02\0\0\0\0\0\0\x85\0\0\0\x84\0\0\0\x71\
\x92\x02\0\0\0\0\0\x64\x02\0\0\x08\0\0\0\x71\x91\x01\0\0\0\0\0\x4c\x12\0\0\0\0\
\0\0\x71\x93\x03\0\0\0\0\0\x64\x03\0\0\x10\0\0\0\x71\x91\x04\0\0\0\0\0\x05\0\
\x27\xff\0\0\0\0\x79\xa1\xb0\xff\0\0\0\0\xb7\x02\0\0\0\0\0\0\x85\0\0\0\x84\0\0\
\0\xb4\x03\0\0\x02\0\0\0\xbc\x30\0\0\0\0\0\0\x95\0\0\0\0\0\0\0\0\0\0\0\0\0\0\0\
\0\0\0\0\0\0\0\0\0\0\0\0\0\0\0\0\0\0\0\0\0\0\0\0\0\0\0\0\0\0\0\0\0\0\0\0\0\0\0\
\0\0\0\0\0\0\0\0\0\0\0\0\0\0\0\0\0\0\0\0\0\0\0\0\0\0\0\0\0\0\0\0\0\0\0\0\0\0\0\
\0\0\0\0\0\0\0\0\0\0\0\0\0\0\0\0\0\0\0\0\0\0\0\0\0\0\0\0\0\0\0\0\0\0\0\0\0\0\0\
\0\0\0\0\0\0\0\0\0\0\0\0\0\0\0\0\0\0\0\x5b\x44\x45\x42\x55\x47\x5d\x20\x66\x61\
\x69\x6c\x65\x64\x20\x74\x6f\x20\x72\x65\x73\x65\x72\x76\x65\x20\x72\x69\x6e\
\x67\x62\x75\x66\x20\x65\x6e\x74\x72\x79\x0a\0\x47\x50\x4c\0\xe5\x16\0\0\x05\0\
\x08\0\x28\0\0\0\xa0\0\0\0\xa6\0\0\0\x0f\x01\0\0\x7c\x01\0\0\x84\x01\0\0\xa0\
\x01\0\0\xd0\x01\0\0\xd8\x01\0\0\xe0\x01\0\0\xfd\x01\0\0\x1a\x02\0\0\x44\x02\0\
\0\x6e\x02\0\0\x76\x02\0\0\x7e\x02\0\0\x97\x02\0\0\xa6\x02\0\0\x21\x04\0\0\xc1\
\x05\0\0\x02\x0d\0\0\x23\x15\0\0\x2d\x15\0\0\x37\x15\0\0\x41\x15\0\0\x4b\x15\0\
\0\x5e\x15\0\0\x68\x15\0\0\x72\x15\0\0\x97\x15\0\0\xa1\x15\0\0\xab\x15\0\0\xc2\
\x15\0\0\xd5\x15\0\0\xdf\x15\0\0\x7c\x16\0\0\x90\x16\0\0\x9a\x16\0\0\xa4\x16\0\
\0\xc9\x16\0\0\xd3\x16\0\0\x04\0\x78\x01\x51\0\x04\xe0\xe3\x09\xe8\xe3\x09\x02\
\x30\x9f\x04\xe8\xe3\x09\x88\xe4\x09\x05\x7a\xd8\0\x93\x04\x04\x88\xe4\x09\xa0\
\xe4\x09\x0c\x7a\xd8\0\x93\x04\x7a\xd8\0\x23\x04\x93\x04\x04\xa0\xe4\x09\xb0\
\xe4\x09\x13\x7a\xd8\0\x93\x04\x7a\xd8\0\x23\x04\x93\x04\x7a\xd8\0\x23\x08\x93\
\x04\x04\xb0\xe4\x09\x98\xee\x09\x1a\x7a\xd8\0\x93\x04\x7a\xd8\0\x23\x04\x93\
\x04\x7a\xd8\0\x23\x08\x93\x04\x7a\xd8\0\x23\x0c\x93\x04\0\x04\xd0\xd1\x09\xe0\
\xd1\x09\x02\x30\x9f\x04\xe0\xd1\x09\xf8\xd1\x09\x09\x93\x04\x7a\xc0\0\x23\x04\
\x93\x04\x04\xf8\xd1\x09\x98\xd2\x09\x0c\x7a\xc0\0\x93\x04\x7a\xc0\0\x23\x04\
\x93\x04\x04\x98\xd2\x09\xa8\xd2\x09\x13\x7a\xc0\0\x93\x04\x7a\xc0\0\x23\x04\
\x93\x04\x7a\xc0\0\x23\x08\x93\x04\x04\xa8\xd2\x09\xd0\xe0\x09\x1a\x7a\xc0\0\
\x93\x04\x7a\xc0\0\x23\x04\x93\x04\x7a\xc0\0\x23\x08\x93\x04\x7a\xc0\0\x23\x0c\
\x93\x04\0\x04\x10\xc8\xee\x09\x01\x58\0\x04\x18\xb8\x02\x01\x57\x04\xe8\x02\
\xa0\x03\x01\x57\x04\xd0\x03\x98\x04\x01\x57\x04\xc8\x04\xe8\x04\x01\x57\0\x04\
\x18\xb8\x02\x06\x77\0\x78\0\x1c\x9f\x04\xe8\x02\xa0\x03\x06\x77\0\x78\0\x1c\
\x9f\x04\xd0\x03\x98\x04\x06\x77\0\x78\0\x1c\x9f\x04\xc8\x04\xe8\x04\x06\x77\0\
\x78\0\x1c\x9f\0\x04\x28\xb8\xee\x09\x01\x58\0\x04\x88\x01\xc0\x05\x01\x50\0\
\x04\x90\x01\xc0\x02\x01\x56\x04\xe8\x02\xa8\x03\x01\x56\x04\xd0\x03\xa0\x04\
\x01\x56\x04\xc8\x04\xf0\x04\x01\x56\0\x04\xf8\x01\xd8\x02\x01\x51\x04\xe8\x02\
\xc0\x03\x01\x51\x04\xd0\x03\xb8\x04\x01\x51\x04\xc8\x04\x88\x05\x01\x51\0\x04\
\x80\x02\xa8\x02\x02\x30\x9f\x04\xe8\x02\x90\x03\x02\x30\x9f\x04\xd0\x03\xb8\
\x04\x02\x30\x9f\x04\xc8\x04\x90\x05\x02\x30\x9f\x04\x90\x05\xb8\xee\x09\x02\
\x7a\x28\0\x04\x80\x02\xd8\x02\x02\x30\x9f\x04\xe8\x02\xc0\x03\x02\x30\x9f\x04\
\xd0\x03\xb8\x04\x02\x30\x9f\x04\xc8\x04\x88\x05\x02\x30\x9f\x04\x90\x05\xb8\
\xee\x09\x02\x7a\x20\0\x04\x90\x02\xd8\x02\x01\x51\0\x04\xf8\x02\xc0\x03\x01\
\x51\0\x04\x88\x06\xf8\x07\x01\x59\x04\xf8\x07\xd0\xd2\x09\x01\x50\x04\x88\xe1\
\x09\xc0\xe1\x09\x01\x50\0\x04\xc0\x05\xe8\x05\x01\x50\x04\xf0\x05\xf8\x07\x01\
\x50\0\x04\xb0\x0c\xf8\x2c\x03\x11\0\x9f\x04\xf8\x2c\xa0\x4d\x03\x11\x01\x9f\
\x04\xa0\x4d\xc8\x6d\x03\x11\x02\x9f\x04\xc8\x6d\xf0\x8d\x01\x03\x11\x03\x9f\
\x04\xf0\x8d\x01\x98\xae\x01\x03\x11\x04\x9f\x04\x98\xae\x01\xc0\xce\x01\x03\
\x11\x05\x9f\x04\xc0\xce\x01\xe8\xee\x01\x03\x11\x06\x9f\x04\xe8\xee\x01\x90\
\x8f\x02\x03\x11\x07\x9f\x04\x90\x8f\x02\xb8\xaf\x02\x03\x11\x08\x9f\x04\xb8\
\xaf\x02\xe0\xcf\x02\x03\x11\x09\x9f\x04\xe0\xcf\x02\x88\xf0\x02\x03\x11\x0a\
\x9f\x04\x88\xf0\x02\xb0\x90\x03\x03\x11\x0b\x9f\x04\xb0\x90\x03\xd8\xb0\x03\
\x03\x11\x0c\x9f\x04\xd8\xb0\x03\x80\xd1\x03\x03\x11\x0d\x9f\x04\x80\xd1\x03\
\xa8\xf1\x03\x03\x11\x0e\x9f\x04\xa8\xf1\x03\xd0\x91\x04\x03\x11\x0f\x9f\x04\
\xd0\x91\x04\xf8\xb1\x04\x03\x11\x10\x9f\x04\xf8\xb1\x04\xa0\xd2\x04\x03\x11\
\x11\x9f\x04\xa0\xd2\x04\xc8\xf2\x04\x03\x11\x12\x9f\x04\xc8\xf2\x04\xf0\x92\
\x05\x03\x11\x13\x9f\x04\xf0\x92\x05\x98\xb3\x05\x03\x11\x14\x9f\x04\x98\xb3\
\x05\xc0\xd3\x05\x03\x11\x15\x9f\x04\xc0\xd3\x05\xe8\xf3\x05\x03\x11\x16\x9f\
\x04\xe8\xf3\x05\x90\x94\x06\x03\x11\x17\x9f\x04\x90\x94\x06\xb8\xb4\x06\x03\
\x11\x18\x9f\x04\xb8\xb4\x06\xe0\xd4\x06\x03\x11\x19\x9f\x04\xe0\xd4\x06\x88\
\xf5\x06\x03\x11\x1a\x9f\x04\x88\xf5\x06\xb0\x95\x07\x03\x11\x1b\x9f\x04\xb0\
\x95\x07\xd8\xb5\x07\x03\x11\x1c\x9f\x04\xd8\xb5\x07\x80\xd6\x07\x03\x11\x1d\
\x9f\x04\x80\xd6\x07\xa8\xf6\x07\x03\x11\x1e\x9f\x04\xa8\xf6\x07\xd0\x96\x08\
\x03\x11\x1f\x9f\x04\xd0\x96\x08\xf8\xb6\x08\x03\x11\x20\x9f\x04\xf8\xb6\x08\
\xa0\xd7\x08\x03\x11\x21\x9f\x04\xa0\xd7\x08\xc8\xf7\x08\x03\x11\x22\x9f\0\x04\
\xb0\x0c\xf8\x2c\x03\x11\0\x9f\x04\xf8\x2c\xa0\x4d\x04\x11\x80\x02\x9f\x04\xa0\
\x4d\xc8\x6d\x04\x11\x80\x04\x9f\x04\xc8\x6d\xf0\x8d\x01\x04\x11\x80\x06\x9f\
\x04\xf0\x8d\x01\x98\xae\x01\x04\x11\x80\x08\x9f\x04\x98\xae\x01\xc0\xce\x01\
\x04\x11\x80\x0a\x9f\x04\xc0\xce\x01\xe8\xee\x01\x04\x11\x80\x0c\x9f\x04\xe8\
\xee\x01\x90\x8f\x02\x04\x11\x80\x0e\x9f\x04\x90\x8f\x02\xb8\xaf\x02\x04\x11\
\x80\x10\x9f\x04\xb8\xaf\x02\xe0\xcf\x02\x04\x11\x80\x12\x9f\x04\xe0\xcf\x02\
\x88\xf0\x02\x04\x11\x80\x14\x9f\x04\x88\xf0\x02\xb0\x90\x03\x04\x11\x80\x16\
\x9f\x04\xb0\x90\x03\xd8\xb0\x03\x04\x11\x80\x18\x9f\x04\xd8\xb0\x03\x80\xd1\
\x03\x04\x11\x80\x1a\x9f\x04\x80\xd1\x03\xa8\xf1\x03\x04\x11\x80\x1c\x9f\x04\
\xa8\xf1\x03\xd0\x91\x04\x04\x11\x80\x1e\x9f\x04\xd0\x91\x04\xf8\xb1\x04\x04\
\x11\x80\x20\x9f\x04\xf8\xb1\x04\xa0\xd2\x04\x04\x11\x80\x22\x9f\x04\xa0\xd2\
\x04\xc8\xf2\x04\x04\x11\x80\x24\x9f\x04\xc8\xf2\x04\xf0\x92\x05\x04\x11\x80\
\x26\x9f\x04\xf0\x92\x05\x98\xb3\x05\x04\x11\x80\x28\x9f\x04\x98\xb3\x05\xc0\
\xd3\x05\x04\x11\x80\x2a\x9f\x04\xc0\xd3\x05\xe8\xf3\x05\x04\x11\x80\x2c\x9f\
\x04\xe8\xf3\x05\x90\x94\x06\x04\x11\x80\x2e\x9f\x04\x90\x94\x06\xb8\xb4\x06\
\x04\x11\x80\x30\x9f\x04\xb8\xb4\x06\xe0\xd4\x06\x04\x11\x80\x32\x9f\x04\xe0\
\xd4\x06\x88\xf5\x06\x04\x11\x80\x34\x9f\x04\x88\xf5\x06\xb0\x95\x07\x04\x11\
\x80\x36\x9f\x04\xb0\x95\x07\xd8\xb5\x07\x04\x11\x80\x38\x9f\x04\xd8\xb5\x07\
\x80\xd6\x07\x04\x11\x80\x3a\x9f\x04\x80\xd6\x07\xa8\xf6\x07\x04\x11\x80\x3c\
\x9f\x04\xa8\xf6\x07\xd0\x96\x08\x04\x11\x80\x3e\x9f\x04\xd0\x96\x08\xf8\xb6\
\x08\x05\x11\x80\xc0\0\x9f\x04\xf8\xb6\x08\xa0\xd7\x08\x05\x11\x80\xc2\0\x9f\
\x04\xa0\xd7\x08\xc8\xf7\x08\x05\x11\x80\xc4\0\x9f\0\x04\xc8\xf7\x08\x90\xf8\
\x08\x03\x11\0\x9f\x04\x90\xf8\x08\xd8\xf8\x08\x03\x11\x01\x9f\x04\xd8\xf8\x08\
\xa0\xf9\x08\x03\x11\x02\x9f\x04\xa0\xf9\x08\xe8\xf9\x08\x03\x11\x03\x9f\x04\
\xe8\xf9\x08\xb0\xfa\x08\x03\x11\x04\x9f\x04\xb0\xfa\x08\xf8\xfa\x08\x03\x11\
\x05\x9f\x04\xf8\xfa\x08\xc0\xfb\x08\x03\x11\x06\x9f\x04\xc0\xfb\x08\x88\xfc\
\x08\x03\x11\x07\x9f\x04\x88\xfc\x08\xd0\xfc\x08\x03\x11\x08\x9f\x04\xd0\xfc\
\x08\x98\xfd\x08\x03\x11\x09\x9f\x04\x98\xfd\x08\xe0\xfd\x08\x03\x11\x0a\x9f\
\x04\xe0\xfd\x08\xa8\xfe\x08\x03\x11\x0b\x9f\x04\xa8\xfe\x08\xf0\xfe\x08\x03\
\x11\x0c\x9f\x04\xf0\xfe\x08\xb8\xff\x08\x03\x11\x0d\x9f\x04\xb8\xff\x08\x80\
\x80\x09\x03\x11\x0e\x9f\x04\x80\x80\x09\xc8\x80\x09\x03\x11\x0f\x9f\x04\xc8\
\x80\x09\x90\x81\x09\x03\x11\x10\x9f\x04\x90\x81\x09\xd8\x81\x09\x03\x11\x11\
\x9f\x04\xd8\x81\x09\xa0\x82\x09\x03\x11\x12\x9f\x04\xa0\x82\x09\xe8\x82\x09\
\x03\x11\x13\x9f\x04\xe8\x82\x09\xb0\x83\x09\x03\x11\x14\x9f\x04\xb0\x83\x09\
\xf8\x83\x09\x03\x11\x15\x9f\x04\xf8\x83\x09\xc0\x84\x09\x03\x11\x16\x9f\x04\
\xc0\x84\x09\x88\x85\x09\x03\x11\x17\x9f\x04\x88\x85\x09\xd0\x85\x09\x03\x11\
\x18\x9f\x04\xd0\x85\x09\x98\x86\x09\x03\x11\x19\x9f\x04\x98\x86\x09\xe0\x86\
\x09\x03\x11\x1a\x9f\x04\xe0\x86\x09\xa8\x87\x09\x03\x11\x1b\x9f\x04\xa8\x87\
\x09\xf0\x87\x09\x03\x11\x1c\x9f\x04\xf0\x87\x09\xb8\x88\x09\x03\x11\x1d\x9f\
\x04\xb8\x88\x09\x80\x89\x09\x03\x11\x1e\x9f\x04\x80\x89\x09\xc8\x89\x09\x03\
\x11\x1f\x9f\x04\xc8\x89\x09\x90\x8a\x09\x03\x11\x20\x9f\x04\x90\x8a\x09\xd8\
\x8a\x09\x03\x11\x21\x9f\x04\xd8\x8a\x09\xa0\x8b\x09\x03\x11\x22\x9f\x04\xa0\
\x8b\x09\xe8\x8b\x09\x03\x11\x23\x9f\x04\xe8\x8b\x09\xb0\x8c\x09\x03\x11\x24\
\x9f\x04\xb0\x8c\x09\xf8\x8c\x09\x03\x11\x25\x9f\x04\xf8\x8c\x09\xc0\x8d\x09\
\x03\x11\x26\x9f\x04\xc0\x8d\x09\x88\x8e\x09\x03\x11\x27\x9f\x04\x88\x8e\x09\
\xd0\x8e\x09\x03\x11\x28\x9f\x04\xd0\x8e\x09\x98\x8f\x09\x03\x11\x29\x9f\x04\
\x98\x8f\x09\xe0\x8f\x09\x03\x11\x2a\x9f\x04\xe0\x8f\x09\xa8\x90\x09\x03\x11\
\x2b\x9f\x04\xa8\x90\x09\xf0\x90\x09\x03\x11\x2c\x9f\x04\xf0\x90\x09\xb8\x91\
\x09\x03\x11\x2d\x9f\x04\xb8\x91\x09\x80\x92\x09\x03\x11\x2e\x9f\x04\x80\x92\
\x09\xc8\x92\x09\x03\x11\x2f\x9f\x04\xc8\x92\x09\x90\x93\x09\x03\x11\x30\x9f\
\x04\x90\x93\x09\xd8\x93\x09\x03\x11\x31\x9f\x04\xd8\x93\x09\xa0\x94\x09\x03\
\x11\x32\x9f\x04\xa0\x94\x09\xe8\x94\x09\x03\x11\x33\x9f\x04\xe8\x94\x09\xb0\
\x95\x09\x03\x11\x34\x9f\x04\xb0\x95\x09\xf8\x95\x09\x03\x11\x35\x9f\x04\xf8\
\x95\x09\xc0\x96\x09\x03\x11\x36\x9f\x04\xc0\x96\x09\x88\x97\x09\x03\x11\x37\
\x9f\x04\x88\x97\x09\xd0\x97\x09\x03\x11\x38\x9f\x04\xd0\x97\x09\x98\x98\x09\
\x03\x11\x39\x9f\x04\x98\x98\x09\xe0\x98\x09\x03\x11\x3a\x9f\x04\xe0\x98\x09\
\xa8\x99\x09\x03\x11\x3b\x9f\x04\xa8\x99\x09\xf0\x99\x09\x03\x11\x3c\x9f\x04\
\xf0\x99\x09\xb8\x9a\x09\x03\x11\x3d\x9f\x04\xb8\x9a\x09\x80\x9b\x09\x03\x11\
\x3e\x9f\x04\x80\x9b\x09\xc8\x9b\x09\x03\x11\x3f\x9f\x04\xc8\x9b\x09\x90\x9c\
\x09\x04\x11\xc0\0\x9f\x04\x90\x9c\x09\xd8\x9c\x09\x04\x11\xc1\0\x9f\x04\xd8\
\x9c\x09\xa0\x9d\x09\x04\x11\xc2\0\x9f\x04\xa0\x9d\x09\xe8\x9d\x09\x04\x11\xc3\
\0\x9f\x04\xe8\x9d\x09\xb0\x9e\x09\x04\x11\xc4\0\x9f\x04\xb0\x9e\x09\xf8\x9e\
\x09\x04\x11\xc5\0\x9f\x04\xf8\x9e\x09\xc0\x9f\x09\x04\x11\xc6\0\x9f\x04\xc0\
\x9f\x09\x88\xa0\x09\x04\x11\xc7\0\x9f\x04\x88\xa0\x09\xd0\xa0\x09\x04\x11\xc8\
\0\x9f\x04\xd0\xa0\x09\x98\xa1\x09\x04\x11\xc9\0\x9f\x04\x98\xa1\x09\xe0\xa1\
\x09\x04\x11\xca\0\x9f\x04\xe0\xa1\x09\xa8\xa2\x09\x04\x11\xcb\0\x9f\x04\xa8\
\xa2\x09\xf0\xa2\x09\x04\x11\xcc\0\x9f\x04\xf0\xa2\x09\xb8\xa3\x09\x04\x11\xcd\
\0\x9f\x04\xb8\xa3\x09\x80\xa4\x09\x04\x11\xce\0\x9f\x04\x80\xa4\x09\xc8\xa4\
\x09\x04\x11\xcf\0\x9f\x04\xc8\xa4\x09\x90\xa5\x09\x04\x11\xd0\0\x9f\x04\x90\
\xa5\x09\xd8\xa5\x09\x04\x11\xd1\0\x9f\x04\xd8\xa5\x09\xa0\xa6\x09\x04\x11\xd2\
\0\x9f\x04\xa0\xa6\x09\xe8\xa6\x09\x04\x11\xd3\0\x9f\x04\xe8\xa6\x09\xb0\xa7\
\x09\x04\x11\xd4\0\x9f\x04\xb0\xa7\x09\xf8\xa7\x09\x04\x11\xd5\0\x9f\x04\xf8\
\xa7\x09\xc0\xa8\x09\x04\x11\xd6\0\x9f\x04\xc0\xa8\x09\x88\xa9\x09\x04\x11\xd7\
\0\x9f\x04\x88\xa9\x09\xd0\xa9\x09\x04\x11\xd8\0\x9f\x04\xd0\xa9\x09\x98\xaa\
\x09\x04\x11\xd9\0\x9f\x04\x98\xaa\x09\xe0\xaa\x09\x04\x11\xda\0\x9f\x04\xe0\
\xaa\x09\xa8\xab\x09\x04\x11\xdb\0\x9f\x04\xa8\xab\x09\xf0\xab\x09\x04\x11\xdc\
\0\x9f\x04\xf0\xab\x09\xb8\xac\x09\x04\x11\xdd\0\x9f\x04\xb8\xac\x09\x80\xad\
\x09\x04\x11\xde\0\x9f\x04\x80\xad\x09\xc8\xad\x09\x04\x11\xdf\0\x9f\x04\xc8\
\xad\x09\x90\xae\x09\x04\x11\xe0\0\x9f\x04\x90\xae\x09\xd8\xae\x09\x04\x11\xe1\
\0\x9f\x04\xd8\xae\x09\xa0\xaf\x09\x04\x11\xe2\0\x9f\x04\xa0\xaf\x09\xe8\xaf\
\x09\x04\x11\xe3\0\x9f\x04\xe8\xaf\x09\xb0\xb0\x09\x04\x11\xe4\0\x9f\x04\xb0\
\xb0\x09\xf8\xb0\x09\x04\x11\xe5\0\x9f\x04\xf8\xb0\x09\xc0\xb1\x09\x04\x11\xe6\
\0\x9f\x04\xc0\xb1\x09\x88\xb2\x09\x04\x11\xe7\0\x9f\x04\x88\xb2\x09\xd0\xb2\
\x09\x04\x11\xe8\0\x9f\x04\xd0\xb2\x09\x98\xb3\x09\x04\x11\xe9\0\x9f\x04\x98\
\xb3\x09\xe0\xb3\x09\x04\x11\xea\0\x9f\x04\xe0\xb3\x09\xa8\xb4\x09\x04\x11\xeb\
\0\x9f\x04\xa8\xb4\x09\xf0\xb4\x09\x04\x11\xec\0\x9f\x04\xf0\xb4\x09\xb8\xb5\
\x09\x04\x11\xed\0\x9f\x04\xb8\xb5\x09\x80\xb6\x09\x04\x11\xee\0\x9f\x04\x80\
\xb6\x09\xc8\xb6\x09\x04\x11\xef\0\x9f\x04\xc8\xb6\x09\x90\xb7\x09\x04\x11\xf0\
\0\x9f\x04\x90\xb7\x09\xd8\xb7\x09\x04\x11\xf1\0\x9f\x04\xd8\xb7\x09\xa0\xb8\
\x09\x04\x11\xf2\0\x9f\x04\xa0\xb8\x09\xe8\xb8\x09\x04\x11\xf3\0\x9f\x04\xe8\
\xb8\x09\xb0\xb9\x09\x04\x11\xf4\0\x9f\x04\xb0\xb9\x09\xf8\xb9\x09\x04\x11\xf5\
\0\x9f\x04\xf8\xb9\x09\xc0\xba\x09\x04\x11\xf6\0\x9f\x04\xc0\xba\x09\x88\xbb\
\x09\x04\x11\xf7\0\x9f\x04\x88\xbb\x09\xd0\xbb\x09\x04\x11\xf8\0\x9f\x04\xd0\
\xbb\x09\x98\xbc\x09\x04\x11\xf9\0\x9f\x04\x98\xbc\x09\xe0\xbc\x09\x04\x11\xfa\
\0\x9f\x04\xe0\xbc\x09\xa8\xbd\x09\x04\x11\xfb\0\x9f\x04\xa8\xbd\x09\xf0\xbd\
\x09\x04\x11\xfc\0\x9f\x04\xf0\xbd\x09\xb8\xbe\x09\x04\x11\xfd\0\x9f\x04\xb8\
\xbe\x09\x80\xbf\x09\x04\x11\xfe\0\x9f\x04\x80\xbf\x09\xc8\xbf\x09\x04\x11\xff\
\0\x9f\x04\xc8\xbf\x09\x90\xc0\x09\x04\x11\x80\x01\x9f\x04\x90\xc0\x09\xd8\xc0\
\x09\x04\x11\x81\x01\x9f\x04\xd8\xc0\x09\xa0\xc1\x09\x04\x11\x82\x01\x9f\x04\
\xa0\xc1\x09\xe8\xc1\x09\x04\x11\x83\x01\x9f\x04\xe8\xc1\x09\xb0\xc2\x09\x04\
\x11\x84\x01\x9f\x04\xb0\xc2\x09\xf8\xc2\x09\x04\x11\x85\x01\x9f\x04\xf8\xc2\
\x09\xc0\xc3\x09\x04\x11\x86\x01\x9f\x04\xc0\xc3\x09\x88\xc4\x09\x04\x11\x87\
\x01\x9f\x04\x88\xc4\x09\xd0\xc4\x09\x04\x11\x88\x01\x9f\x04\xd0\xc4\x09\x98\
\xc5\x09\x04\x11\x89\x01\x9f\x04\x98\xc5\x09\xe0\xc5\x09\x04\x11\x8a\x01\x9f\
\x04\xe0\xc5\x09\xa8\xc6\x09\x04\x11\x8b\x01\x9f\x04\xa8\xc6\x09\xf0\xc6\x09\
\x04\x11\x8c\x01\x9f\x04\xf0\xc6\x09\xb8\xc7\x09\x04\x11\x8d\x01\x9f\x04\xb8\
\xc7\x09\x80\xc8\x09\x04\x11\x8e\x01\x9f\x04\x80\xc8\x09\xc8\xc8\x09\x04\x11\
\x8f\x01\x9f\x04\xc8\xc8\x09\x90\xc9\x09\x04\x11\x90\x01\x9f\x04\x90\xc9\x09\
\xd8\xc9\x09\x04\x11\x91\x01\x9f\x04\xd8\xc9\x09\xa0\xca\x09\x04\x11\x92\x01\
\x9f\x04\xa0\xca\x09\xe8\xca\x09\x04\x11\x93\x01\x9f\x04\xe8\xca\x09\xb0\xcb\
\x09\x04\x11\x94\x01\x9f\x04\xb0\xcb\x09\xf8\xcb\x09\x04\x11\x95\x01\x9f\x04\
\xf8\xcb\x09\xc0\xcc\x09\x04\x11\x96\x01\x9f\x04\xc0\xcc\x09\x88\xcd\x09\x04\
\x11\x97\x01\x9f\x04\x88\xcd\x09\xd0\xcd\x09\x04\x11\x98\x01\x9f\x04\xd0\xcd\
\x09\x98\xce\x09\x04\x11\x99\x01\x9f\x04\x98\xce\x09\xe0\xce\x09\x04\x11\x9a\
\x01\x9f\x04\xe0\xce\x09\xa8\xcf\x09\x04\x11\x9b\x01\x9f\x04\xa8\xcf\x09\xf0\
\xcf\x09\x04\x11\x9c\x01\x9f\x04\xf0\xcf\x09\xb8\xd0\x09\x04\x11\x9d\x01\x9f\
\x04\xb8\xd0\x09\x80\xd1\x09\x04\x11\x9e\x01\x9f\x04\x80\xd1\x09\xc8\xd1\x09\
\x04\x11\x9f\x01\x9f\0\x04\xc8\xf7\x08\x90\xf8\x08\x05\x11\x80\xc6\0\x9f\x04\
\x90\xf8\x08\xd8\xf8\x08\x05\x11\x81\xc6\0\x9f\x04\xd8\xf8\x08\xa0\xf9\x08\x05\
\x11\x82\xc6\0\x9f\x04\xa0\xf9\x08\xe8\xf9\x08\x05\x11\x83\xc6\0\x9f\x04\xe8\
\xf9\x08\xb0\xfa\x08\x05\x11\x84\xc6\0\x9f\x04\xb0\xfa\x08\xf8\xfa\x08\x05\x11\
\x85\xc6\0\x9f\x04\xf8\xfa\x08\xc0\xfb\x08\x05\x11\x86\xc6\0\x9f\x04\xc0\xfb\
\x08\x88\xfc\x08\x05\x11\x87\xc6\0\x9f\x04\x88\xfc\x08\xd0\xfc\x08\x05\x11\x88\
\xc6\0\x9f\x04\xd0\xfc\x08\x98\xfd\x08\x05\x11\x89\xc6\0\x9f\x04\x98\xfd\x08\
\xe0\xfd\x08\x05\x11\x8a\xc6\0\x9f\x04\xe0\xfd\x08\xa8\xfe\x08\x05\x11\x8b\xc6\
\0\x9f\x04\xa8\xfe\x08\xf0\xfe\x08\x05\x11\x8c\xc6\0\x9f\x04\xf0\xfe\x08\xb8\
\xff\x08\x05\x11\x8d\xc6\0\x9f\x04\xb8\xff\x08\x80\x80\x09\x05\x11\x8e\xc6\0\
\x9f\x04\x80\x80\x09\xc8\x80\x09\x05\x11\x8f\xc6\0\x9f\x04\xc8\x80\x09\x90\x81\
\x09\x05\x11\x90\xc6\0\x9f\x04\x90\x81\x09\xd8\x81\x09\x05\x11\x91\xc6\0\x9f\
\x04\xd8\x81\x09\xa0\x82\x09\x05\x11\x92\xc6\0\x9f\x04\xa0\x82\x09\xe8\x82\x09\
\x05\x11\x93\xc6\0\x9f\x04\xe8\x82\x09\xb0\x83\x09\x05\x11\x94\xc6\0\x9f\x04\
\xb0\x83\x09\xf8\x83\x09\x05\x11\x95\xc6\0\x9f\x04\xf8\x83\x09\xc0\x84\x09\x05\
\x11\x96\xc6\0\x9f\x04\xc0\x84\x09\x88\x85\x09\x05\x11\x97\xc6\0\x9f\x04\x88\
\x85\x09\xd0\x85\x09\x05\x11\x98\xc6\0\x9f\x04\xd0\x85\x09\x98\x86\x09\x05\x11\
\x99\xc6\0\x9f\x04\x98\x86\x09\xe0\x86\x09\x05\x11\x9a\xc6\0\x9f\x04\xe0\x86\
\x09\xa8\x87\x09\x05\x11\x9b\xc6\0\x9f\x04\xa8\x87\x09\xf0\x87\x09\x05\x11\x9c\
\xc6\0\x9f\x04\xf0\x87\x09\xb8\x88\x09\x05\x11\x9d\xc6\0\x9f\x04\xb8\x88\x09\
\x80\x89\x09\x05\x11\x9e\xc6\0\x9f\x04\x80\x89\x09\xc8\x89\x09\x05\x11\x9f\xc6\
\0\x9f\x04\xc8\x89\x09\x90\x8a\x09\x05\x11\xa0\xc6\0\x9f\x04\x90\x8a\x09\xd8\
\x8a\x09\x05\x11\xa1\xc6\0\x9f\x04\xd8\x8a\x09\xa0\x8b\x09\x05\x11\xa2\xc6\0\
\x9f\x04\xa0\x8b\x09\xe8\x8b\x09\x05\x11\xa3\xc6\0\x9f\x04\xe8\x8b\x09\xb0\x8c\
\x09\x05\x11\xa4\xc6\0\x9f\x04\xb0\x8c\x09\xf8\x8c\x09\x05\x11\xa5\xc6\0\x9f\
\x04\xf8\x8c\x09\xc0\x8d\x09\x05\x11\xa6\xc6\0\x9f\x04\xc0\x8d\x09\x88\x8e\x09\
\x05\x11\xa7\xc6\0\x9f\x04\x88\x8e\x09\xd0\x8e\x09\x05\x11\xa8\xc6\0\x9f\x04\
\xd0\x8e\x09\x98\x8f\x09\x05\x11\xa9\xc6\0\x9f\x04\x98\x8f\x09\xe0\x8f\x09\x05\
\x11\xaa\xc6\0\x9f\x04\xe0\x8f\x09\xa8\x90\x09\x05\x11\xab\xc6\0\x9f\x04\xa8\
\x90\x09\xf0\x90\x09\x05\x11\xac\xc6\0\x9f\x04\xf0\x90\x09\xb8\x91\x09\x05\x11\
\xad\xc6\0\x9f\x04\xb8\x91\x09\x80\x92\x09\x05\x11\xae\xc6\0\x9f\x04\x80\x92\
\x09\xc8\x92\x09\x05\x11\xaf\xc6\0\x9f\x04\xc8\x92\x09\x90\x93\x09\x05\x11\xb0\
\xc6\0\x9f\x04\x90\x93\x09\xd8\x93\x09\x05\x11\xb1\xc6\0\x9f\x04\xd8\x93\x09\
\xa0\x94\x09\x05\x11\xb2\xc6\0\x9f\x04\xa0\x94\x09\xe8\x94\x09\x05\x11\xb3\xc6\
\0\x9f\x04\xe8\x94\x09\xb0\x95\x09\x05\x11\xb4\xc6\0\x9f\x04\xb0\x95\x09\xf8\
\x95\x09\x05\x11\xb5\xc6\0\x9f\x04\xf8\x95\x09\xc0\x96\x09\x05\x11\xb6\xc6\0\
\x9f\x04\xc0\x96\x09\x88\x97\x09\x05\x11\xb7\xc6\0\x9f\x04\x88\x97\x09\xd0\x97\
\x09\x05\x11\xb8\xc6\0\x9f\x04\xd0\x97\x09\x98\x98\x09\x05\x11\xb9\xc6\0\x9f\
\x04\x98\x98\x09\xe0\x98\x09\x05\x11\xba\xc6\0\x9f\x04\xe0\x98\x09\xa8\x99\x09\
\x05\x11\xbb\xc6\0\x9f\x04\xa8\x99\x09\xf0\x99\x09\x05\x11\xbc\xc6\0\x9f\x04\
\xf0\x99\x09\xb8\x9a\x09\x05\x11\xbd\xc6\0\x9f\x04\xb8\x9a\x09\x80\x9b\x09\x05\
\x11\xbe\xc6\0\x9f\x04\x80\x9b\x09\xc8\x9b\x09\x05\x11\xbf\xc6\0\x9f\x04\xc8\
\x9b\x09\x90\x9c\x09\x05\x11\xc0\xc6\0\x9f\x04\x90\x9c\x09\xd8\x9c\x09\x05\x11\
\xc1\xc6\0\x9f\x04\xd8\x9c\x09\xa0\x9d\x09\x05\x11\xc2\xc6\0\x9f\x04\xa0\x9d\
\x09\xe8\x9d\x09\x05\x11\xc3\xc6\0\x9f\x04\xe8\x9d\x09\xb0\x9e\x09\x05\x11\xc4\
\xc6\0\x9f\x04\xb0\x9e\x09\xf8\x9e\x09\x05\x11\xc5\xc6\0\x9f\x04\xf8\x9e\x09\
\xc0\x9f\x09\x05\x11\xc6\xc6\0\x9f\x04\xc0\x9f\x09\x88\xa0\x09\x05\x11\xc7\xc6\
\0\x9f\x04\x88\xa0\x09\xd0\xa0\x09\x05\x11\xc8\xc6\0\x9f\x04\xd0\xa0\x09\x98\
\xa1\x09\x05\x11\xc9\xc6\0\x9f\x04\x98\xa1\x09\xe0\xa1\x09\x05\x11\xca\xc6\0\
\x9f\x04\xe0\xa1\x09\xa8\xa2\x09\x05\x11\xcb\xc6\0\x9f\x04\xa8\xa2\x09\xf0\xa2\
\x09\x05\x11\xcc\xc6\0\x9f\x04\xf0\xa2\x09\xb8\xa3\x09\x05\x11\xcd\xc6\0\x9f\
\x04\xb8\xa3\x09\x80\xa4\x09\x05\x11\xce\xc6\0\x9f\x04\x80\xa4\x09\xc8\xa4\x09\
\x05\x11\xcf\xc6\0\x9f\x04\xc8\xa4\x09\x90\xa5\x09\x05\x11\xd0\xc6\0\x9f\x04\
\x90\xa5\x09\xd8\xa5\x09\x05\x11\xd1\xc6\0\x9f\x04\xd8\xa5\x09\xa0\xa6\x09\x05\
\x11\xd2\xc6\0\x9f\x04\xa0\xa6\x09\xe8\xa6\x09\x05\x11\xd3\xc6\0\x9f\x04\xe8\
\xa6\x09\xb0\xa7\x09\x05\x11\xd4\xc6\0\x9f\x04\xb0\xa7\x09\xf8\xa7\x09\x05\x11\
\xd5\xc6\0\x9f\x04\xf8\xa7\x09\xc0\xa8\x09\x05\x11\xd6\xc6\0\x9f\x04\xc0\xa8\
\x09\x88\xa9\x09\x05\x11\xd7\xc6\0\x9f\x04\x88\xa9\x09\xd0\xa9\x09\x05\x11\xd8\
\xc6\0\x9f\x04\xd0\xa9\x09\x98\xaa\x09\x05\x11\xd9\xc6\0\x9f\x04\x98\xaa\x09\
\xe0\xaa\x09\x05\x11\xda\xc6\0\x9f\x04\xe0\xaa\x09\xa8\xab\x09\x05\x11\xdb\xc6\
\0\x9f\x04\xa8\xab\x09\xf0\xab\x09\x05\x11\xdc\xc6\0\x9f\x04\xf0\xab\x09\xb8\
\xac\x09\x05\x11\xdd\xc6\0\x9f\x04\xb8\xac\x09\x80\xad\x09\x05\x11\xde\xc6\0\
\x9f\x04\x80\xad\x09\xc8\xad\x09\x05\x11\xdf\xc6\0\x9f\x04\xc8\xad\x09\x90\xae\
\x09\x05\x11\xe0\xc6\0\x9f\x04\x90\xae\x09\xd8\xae\x09\x05\x11\xe1\xc6\0\x9f\
\x04\xd8\xae\x09\xa0\xaf\x09\x05\x11\xe2\xc6\0\x9f\x04\xa0\xaf\x09\xe8\xaf\x09\
\x05\x11\xe3\xc6\0\x9f\x04\xe8\xaf\x09\xb0\xb0\x09\x05\x11\xe4\xc6\0\x9f\x04\
\xb0\xb0\x09\xf8\xb0\x09\x05\x11\xe5\xc6\0\x9f\x04\xf8\xb0\x09\xc0\xb1\x09\x05\
\x11\xe6\xc6\0\x9f\x04\xc0\xb1\x09\x88\xb2\x09\x05\x11\xe7\xc6\0\x9f\x04\x88\
\xb2\x09\xd0\xb2\x09\x05\x11\xe8\xc6\0\x9f\x04\xd0\xb2\x09\x98\xb3\x09\x05\x11\
\xe9\xc6\0\x9f\x04\x98\xb3\x09\xe0\xb3\x09\x05\x11\xea\xc6\0\x9f\x04\xe0\xb3\
\x09\xa8\xb4\x09\x05\x11\xeb\xc6\0\x9f\x04\xa8\xb4\x09\xf0\xb4\x09\x05\x11\xec\
\xc6\0\x9f\x04\xf0\xb4\x09\xb8\xb5\x09\x05\x11\xed\xc6\0\x9f\x04\xb8\xb5\x09\
\x80\xb6\x09\x05\x11\xee\xc6\0\x9f\x04\x80\xb6\x09\xc8\xb6\x09\x05\x11\xef\xc6\
\0\x9f\x04\xc8\xb6\x09\x90\xb7\x09\x05\x11\xf0\xc6\0\x9f\x04\x90\xb7\x09\xd8\
\xb7\x09\x05\x11\xf1\xc6\0\x9f\x04\xd8\xb7\x09\xa0\xb8\x09\x05\x11\xf2\xc6\0\
\x9f\x04\xa0\xb8\x09\xe8\xb8\x09\x05\x11\xf3\xc6\0\x9f\x04\xe8\xb8\x09\xb0\xb9\
\x09\x05\x11\xf4\xc6\0\x9f\x04\xb0\xb9\x09\xf8\xb9\x09\x05\x11\xf5\xc6\0\x9f\
\x04\xf8\xb9\x09\xc0\xba\x09\x05\x11\xf6\xc6\0\x9f\x04\xc0\xba\x09\x88\xbb\x09\
\x05\x11\xf7\xc6\0\x9f\x04\x88\xbb\x09\xd0\xbb\x09\x05\x11\xf8\xc6\0\x9f\x04\
\xd0\xbb\x09\x98\xbc\x09\x05\x11\xf9\xc6\0\x9f\x04\x98\xbc\x09\xe0\xbc\x09\x05\
\x11\xfa\xc6\0\x9f\x04\xe0\xbc\x09\xa8\xbd\x09\x05\x11\xfb\xc6\0\x9f\x04\xa8\
\xbd\x09\xf0\xbd\x09\x05\x11\xfc\xc6\0\x9f\x04\xf0\xbd\x09\xb8\xbe\x09\x05\x11\
\xfd\xc6\0\x9f\x04\xb8\xbe\x09\x80\xbf\x09\x05\x11\xfe\xc6\0\x9f\x04\x80\xbf\
\x09\xc8\xbf\x09\x05\x11\xff\xc6\0\x9f\x04\xc8\xbf\x09\x90\xc0\x09\x05\x11\x80\
\xc7\0\x9f\x04\x90\xc0\x09\xd8\xc0\x09\x05\x11\x81\xc7\0\x9f\x04\xd8\xc0\x09\
\xa0\xc1\x09\x05\x11\x82\xc7\0\x9f\x04\xa0\xc1\x09\xe8\xc1\x09\x05\x11\x83\xc7\
\0\x9f\x04\xe8\xc1\x09\xb0\xc2\x09\x05\x11\x84\xc7\0\x9f\x04\xb0\xc2\x09\xf8\
\xc2\x09\x05\x11\x85\xc7\0\x9f\x04\xf8\xc2\x09\xc0\xc3\x09\x05\x11\x86\xc7\0\
\x9f\x04\xc0\xc3\x09\x88\xc4\x09\x05\x11\x87\xc7\0\x9f\x04\x88\xc4\x09\xd0\xc4\
\x09\x05\x11\x88\xc7\0\x9f\x04\xd0\xc4\x09\x98\xc5\x09\x05\x11\x89\xc7\0\x9f\
\x04\x98\xc5\x09\xe0\xc5\x09\x05\x11\x8a\xc7\0\x9f\x04\xe0\xc5\x09\xa8\xc6\x09\
\x05\x11\x8b\xc7\0\x9f\x04\xa8\xc6\x09\xf0\xc6\x09\x05\x11\x8c\xc7\0\x9f\x04\
\xf0\xc6\x09\xb8\xc7\x09\x05\x11\x8d\xc7\0\x9f\x04\xb8\xc7\x09\x80\xc8\x09\x05\
\x11\x8e\xc7\0\x9f\x04\x80\xc8\x09\xc8\xc8\x09\x05\x11\x8f\xc7\0\x9f\x04\xc8\
\xc8\x09\x90\xc9\x09\x05\x11\x90\xc7\0\x9f\x04\x90\xc9\x09\xd8\xc9\x09\x05\x11\
\x91\xc7\0\x9f\x04\xd8\xc9\x09\xa0\xca\x09\x05\x11\x92\xc7\0\x9f\x04\xa0\xca\
\x09\xe8\xca\x09\x05\x11\x93\xc7\0\x9f\x04\xe8\xca\x09\xb0\xcb\x09\x05\x11\x94\
\xc7\0\x9f\x04\xb0\xcb\x09\xf8\xcb\x09\x05\x11\x95\xc7\0\x9f\x04\xf8\xcb\x09\
\xc0\xcc\x09\x05\x11\x96\xc7\0\x9f\x04\xc0\xcc\x09\x88\xcd\x09\x05\x11\x97\xc7\
\0\x9f\x04\x88\xcd\x09\xd0\xcd\x09\x05\x11\x98\xc7\0\x9f\x04\xd0\xcd\x09\x98\
\xce\x09\x05\x11\x99\xc7\0\x9f\x04\x98\xce\x09\xe0\xce\x09\x05\x11\x9a\xc7\0\
\x9f\x04\xe0\xce\x09\xa8\xcf\x09\x05\x11\x9b\xc7\0\x9f\x04\xa8\xcf\x09\xf0\xcf\
\x09\x05\x11\x9c\xc7\0\x9f\x04\xf0\xcf\x09\xb8\xd0\x09\x05\x11\x9d\xc7\0\x9f\
\x04\xb8\xd0\x09\x80\xd1\x09\x05\x11\x9e\xc7\0\x9f\x04\x80\xd1\x09\xc8\xd1\x09\
\x05\x11\x9f\xc7\0\x9f\0\x04\xd8\xd2\x09\xd0\xe0\x09\x01\x59\0\x04\xe8\xd3\x09\
\xd0\xde\x09\x01\x50\0\x04\xf0\xd3\x09\xf0\xd7\x09\x01\x57\0\x04\xf8\xd4\x09\
\x80\xda\x09\x01\x52\0\x04\x98\xd4\x09\xb0\xd5\x09\x01\x54\x04\xc0\xd5\x09\x88\
\xd6\x09\x01\x54\0\x04\xa0\xd4\x09\x98\xd8\x09\x01\x51\0\x04\xd0\xd5\x09\x88\
\xd6\x09\x01\x54\0\x04\xf8\xd8\x09\x80\xd9\x09\x01\x54\x04\x80\xd9\x09\x98\xd9\
\x09\x01\x51\x04\xa0\xd9\x09\xb8\xd9\x09\x01\x51\x04\xc0\xd9\x09\xd8\xd9\x09\
\x01\x51\0\x04\xe8\xd8\x09\x80\xd9\x09\x01\x51\0\x04\xe8\xd8\x09\x80\xda\x09\
\x01\x52\0\x04\x90\xe1\x09\xf0\xe1\x09\x03\x7a\xd8\0\x04\x90\xe2\x09\xc8\xe2\
\x09\x03\x7a\xd8\0\0\x04\xc0\xe1\x09\xf0\xe1\x09\x01\x50\x04\x90\xe2\x09\xb8\
\xe2\x09\x01\x50\0\x04\xc0\xe2\x09\x98\xee\x09\x01\x59\0\x04\x90\xe3\x09\xb0\
\xe4\x09\x03\x7a\xc0\0\x04\xb0\xe4\x09\xb8\xe4\x09\x02\x30\x9f\x04\xb8\xe4\x09\
\xc8\xe4\x09\x05\x7a\xc0\0\x93\x04\x04\xc8\xe4\x09\xd8\xe4\x09\x0c\x7a\xc0\0\
\x93\x04\x7a\xc0\0\x23\x04\x93\x04\x04\xd8\xe4\x09\xf0\xe4\x09\x13\x7a\xc0\0\
\x93\x04\x7a\xc0\0\x23\x04\x93\x04\x7a\xc0\0\x23\x08\x93\x04\x04\xf0\xe4\x09\
\xc0\xe5\x09\x1a\x7a\xc0\0\x93\x04\x7a\xc0\0\x23\x04\x93\x04\x7a\xc0\0\x23\x08\
\x93\x04\x7a\xc0\0\x23\x0c\x93\x04\x04\xc0\xe5\x09\x98\xee\x09\x21\x7a\xc0\0\
\x93\x04\x7a\xc0\0\x23\x04\x93\x04\x7a\xc0\0\x23\x08\x93\x04\x7a\xc0\0\x23\x0c\
\x93\x04\x7a\xc0\0\x23\x10\x93\x06\0\x04\xd0\xe3\x09\xd8\xe3\x09\x01\x52\x04\
\xd8\xe3\x09\x98\xee\x09\x02\x7a\x08\0\x04\xd0\xe6\x09\xd8\xeb\x09\x01\x51\0\
\x04\xd8\xe6\x09\xf0\xe9\x09\x01\x52\0\x04\xd8\xea\x09\xe0\xea\x09\x01\x53\x04\
\xe0\xea\x09\xf8\xea\x09\x01\x52\x04\x80\xeb\x09\x98\xeb\x09\x01\x52\x04\xa0\
\xeb\x09\xb8\xeb\x09\x01\x52\0\x04\xc0\xea\x09\xe0\xea\x09\x01\x52\0\x04\xc0\
\xea\x09\xd8\xeb\x09\x01\x51\0\x01\x11\x01\x25\x25\x13\x05\x03\x25\x72\x17\x10\
\x17\x1b\x25\x11\x1b\x12\x06\x73\x17\x74\x17\x8c\x01\x17\0\0\x02\x34\0\x03\x25\
\x49\x13\x3a\x0b\x3b\x05\0\0\x03\x26\0\x49\x13\0\0\x04\x0f\0\x49\x13\0\0\x05\
\x15\x01\x49\x13\x27\x19\0\0\x06\x05\0\x49\x13\0\0\x07\x0f\0\0\0\x08\x16\0\x49\
\x13\x03\x25\x3a\x0b\x3b\x05\0\0\x09\x24\0\x03\x25\x3e\x0b\x0b\x0b\0\0\x0a\x2e\
\x01\x11\x1b\x12\x06\x40\x18\x7a\x19\x03\x25\x3a\x0b\x3b\x0b\x27\x19\x49\x13\
\x3f\x19\0\0\x0b\x34\0\x03\x25\x49\x13\x3a\x0b\x3b\x0b\x02\x18\0\0\x0c\x05\0\
\x02\x22\x03\x25\x3a\x0b\x3b\x0b\x49\x13\0\0\x0d\x34\0\x02\x22\x03\x25\x3a\x0b\
\x3b\x0b\x49\x13\0\0\x0e\x34\0\x03\x25\x3a\x0b\x3b\x0b\x49\x13\0\0\x0f\x1d\x01\
\x31\x13\x11\x1b\x12\x06\x58\x0b\x59\x0b\x57\x0b\0\0\x10\x05\0\x02\x18\x31\x13\
\0\0\x11\x0b\x01\x11\x1b\x12\x06\0\0\x12\x0b\x01\x55\x23\0\0\x13\x1d\x01\x31\
\x13\x55\x23\x58\x0b\x59\x0b\x57\x0b\0\0\x14\x05\0\x02\x22\x31\x13\0\0\x15\x34\
\0\x02\x22\x31\x13\0\0\x16\x34\0\x02\x18\x31\x13\0\0\x17\x1d\0\x31\x13\x11\x1b\
\x12\x06\x58\x0b\x59\x0b\0\0\x18\x01\x01\x49\x13\0\0\x19\x21\0\x49\x13\x37\x0b\
\0\0\x1a\x24\0\x03\x25\x0b\x0b\x3e\x0b\0\0\x1b\x34\0\x03\x25\x49\x13\x3a\x0b\
\x3b\x0b\0\0\x1c\x18\0\0\0\x1d\x26\0\0\0\x1e\x15\x01\x27\x19\0\0\x1f\x34\0\x03\
\x25\x49\x13\x3f\x19\x3a\x0b\x3b\x0b\x02\x18\0\0\x20\x13\x01\x0b\x0b\x3a\x0b\
\x3b\x0b\0\0\x21\x0d\0\x03\x25\x49\x13\x3a\x0b\x3b\x0b\x38\x0b\0\0\x22\x13\x01\
\x03\x25\x0b\x0b\x3a\x0b\x3b\x0b\0\0\x23\x21\0\x49\x13\x37\x05\0\0\x24\x21\0\
\x49\x13\x37\x06\0\0\x25\x04\x01\x49\x13\x03\x25\x0b\x0b\x3a\x0b\x3b\x05\0\0\
\x26\x28\0\x03\x25\x1c\x0f\0\0\x27\x04\x01\x49\x13\x0b\x0b\x3a\x0b\x3b\x05\0\0\
\x28\x13\x01\x03\x25\x0b\x0b\x3a\x0b\x3b\x06\0\0\x29\x0d\0\x03\x25\x49\x13\x3a\
\x0b\x3b\x06\x0d\x0b\x6b\x0b\0\0\x2a\x0d\0\x03\x25\x49\x13\x3a\x0b\x3b\x06\x38\
\x0b\0\0\x2b\x0d\0\x49\x13\x3a\x0b\x3b\x06\x38\x0b\0\0\x2c\x17\x01\x0b\x0b\x3a\
\x0b\x3b\x06\0\0\x2d\x13\x01\x0b\x0b\x3a\x0b\x3b\x06\0\0\x2e\x2e\x01\x03\x25\
\x3a\x0b\x3b\x0b\x27\x19\x49\x13\x20\x21\x01\0\0\x2f\x05\0\x03\x25\x3a\x0b\x3b\
\x0b\x49\x13\0\0\x30\x0b\x01\0\0\x31\x13\x01\x03\x25\x0b\x0b\x3a\x0b\x3b\x05\0\
\0\x32\x0d\0\x03\x25\x49\x13\x3a\x0b\x3b\x05\x38\x0b\0\0\x33\x2e\x01\x03\x25\
\x3a\x0b\x3b\x0b\x27\x19\x20\x21\x01\0\0\x34\x2e\x01\x03\x25\x3a\x0b\x3b\x0b\
\x49\x13\x20\x21\x01\0\0\x35\x13\x01\x03\x25\x0b\x05\x3a\x0b\x3b\x0b\0\0\0\x79\
\x0c\0\0\x05\0\x01\x08\0\0\0\0\x01\0\x1d\0\x01\x08\0\0\0\0\0\0\0\x02\x07\x48\
\x77\x02\0\x08\0\0\0\x0c\0\0\0\x0c\0\0\0\x02\x03\x34\0\0\0\x02\x70\x0c\x03\x39\
\0\0\0\x04\x3e\0\0\0\x05\x53\0\0\0\x06\x53\0\0\0\x06\x54\0\0\0\x06\x54\0\0\0\0\
\x07\x08\x5d\0\0\0\x05\x01\x86\x67\x09\x04\x07\x08\x0a\x07\x48\x77\x02\0\x01\
\x5a\xb3\0\x11\x39\x04\0\0\x0b\x06\x18\x03\0\0\0\x4e\x02\xa1\0\x0c\0\x9c\0\x11\
\xe4\x0a\0\0\x0d\x03\x9d\0\x14\x53\0\0\0\x0d\x04\x78\0\x13\x53\0\0\0\x0d\x05\
\xa7\0\x15\x54\0\0\0\x0d\x06\x70\0\x17\xaf\x08\0\0\x0d\x07\xb4\0\x1b\x53\x04\0\
\0\x0d\x08\x75\0\x20\xd9\x08\0\0\x0d\x09\x7a\0\x24\x53\0\0\0\x0d\x0a\xa3\0\x27\
\x2e\x07\0\0\x0d\x0b\xa4\0\x28\x2e\x07\0\0\x0d\x0e\x20\0\x49\xa6\x04\0\0\x0d\
\x0f\xa6\0\x4c\x2c\x0b\0\0\x0e\xc5\0\x61\x5d\x03\0\0\x0f\x41\x08\0\0\x08\x20\0\
\0\0\0\x1b\x22\x10\x03\x91\xc0\0\x49\x08\0\0\0\x11\x09\x50\0\0\0\x0d\x0c\x7c\0\
\x2b\xde\x08\0\0\0\x12\0\x0e\xb9\0\x35\xba\x0b\0\0\0\x11\x0a\x50\0\0\0\x0d\x0d\
\x8e\0\x30\xc2\x09\0\0\0\x11\x0b\x98\x35\x02\0\x0d\x10\xb5\0\x67\x39\x04\0\0\
\x11\x0b\x98\x35\x02\0\x0d\x11\xb6\0\x68\x39\x04\0\0\0\0\x11\x0c\xf8\x2c\0\0\
\x0d\x12\xb7\0\x77\x39\x04\0\0\x11\x0c\xf8\x2c\0\0\x0d\x13\xb6\0\x78\x39\x04\0\
\0\0\0\x12\x01\x0d\x02\x16\0\x8c\xbd\x05\0\0\x0d\x14\xb8\0\x92\xe7\x05\0\0\x12\
\x02\x0d\x15\x77\0\x96\x53\x04\0\0\x0f\x41\x08\0\0\x0d\x18\0\0\0\0\x96\x2e\x10\
\x03\x91\xd8\0\x49\x08\0\0\0\x13\x52\x08\0\0\x03\0\x99\x15\x10\x01\x58\x5a\x08\
\0\0\x10\x01\x56\x62\x08\0\0\x10\x01\x59\x6a\x08\0\0\x10\x01\x50\x72\x08\0\0\
\x14\x16\x7a\x08\0\0\x15\x17\x82\x08\0\0\x15\x18\x8a\x08\0\0\x15\x19\x92\x08\0\
\0\x11\x0e\x18\0\0\0\x16\x01\x54\x9b\x08\0\0\0\x11\x0f\x40\0\0\0\x15\x1a\xa5\
\x08\0\0\0\x17\0\x0a\0\0\x10\xe0\0\0\0\x03\0\x0f\0\x0a\0\0\x11\xd8\0\0\0\x03\
\x7b\x05\x14\x1c\x0c\x0a\0\0\x14\x1d\x14\x0a\0\0\x15\x1b\x1c\x0a\0\0\0\0\0\0\
\x11\x12\x98\x06\0\0\x0d\x20\xa5\0\xb1\x53\x04\0\0\x0f\x5f\x0a\0\0\x13\x30\x05\
\0\0\0\xbe\x0d\x10\x02\x91\x38\x67\x0a\0\0\x10\x01\x58\x6f\x0a\0\0\x10\x02\x91\
\x10\x77\x0a\0\0\x10\x01\x59\x8f\x0a\0\0\x10\x02\x91\x18\x97\x0a\0\0\x10\x01\
\x57\x9f\x0a\0\0\x15\x01\xa7\x0a\0\0\x15\x21\xaf\x0a\0\0\x15\x22\xb7\x0a\0\0\
\x15\x23\xbf\x0a\0\0\x15\x24\xc7\x0a\0\0\x11\x14\x18\0\0\0\x16\x02\x91\x08\xd0\
\x0a\0\0\0\x11\x15\x48\0\0\0\x16\x02\x91\x08\xda\x0a\0\0\0\x17\0\x0a\0\0\x16\
\xe0\0\0\0\x03\0\x0f\0\x0a\0\0\x17\xe0\0\0\0\x03\xb8\x05\x14\x26\x0c\x0a\0\0\
\x14\x27\x14\x0a\0\0\x15\x25\x1c\x0a\0\0\0\0\x13\x25\x0a\0\0\x04\0\xb1\x2a\x16\
\x03\x91\xc0\0\x2d\x0a\0\0\x15\x1e\x35\x0a\0\0\x15\x1f\x3d\x0a\0\0\0\x0f\x46\
\x0a\0\0\x18\x18\0\0\0\0\xb8\x0d\x10\x03\x91\xc0\0\x4e\x0a\0\0\0\0\0\x18\x24\
\x03\0\0\x19\x2d\x03\0\0\x29\0\x03\x29\x03\0\0\x09\x07\x06\x01\x1a\x08\x08\x07\
\x1b\x09\x39\x03\0\0\x02\xb9\x03\x3e\x03\0\0\x04\x43\x03\0\0\x05\x54\x03\0\0\
\x06\x58\x03\0\0\x06\x5d\x03\0\0\x1c\0\x09\x0a\x05\x08\x04\x24\x03\0\0\x08\x66\
\x03\0\0\x0c\x01\xba\x68\x09\x0b\x07\x04\x1b\x0d\x72\x03\0\0\x02\x40\x03\x77\
\x03\0\0\x04\x7c\x03\0\0\x05\x53\0\0\0\x06\x53\0\0\0\x06\x8c\x03\0\0\0\x04\x91\
\x03\0\0\x1d\x02\x0e\x9b\x03\0\0\x02\x82\x0c\x03\xa0\x03\0\0\x04\xa5\x03\0\0\
\x1e\x06\x53\0\0\0\x06\x54\0\0\0\0\x02\x0f\xba\x03\0\0\x02\x75\x02\x03\xbf\x03\
\0\0\x04\xc4\x03\0\0\x05\x54\x03\0\0\x06\x5d\x03\0\0\x06\x54\0\0\0\0\x02\x10\
\x9b\x03\0\0\x02\x94\x0c\x1f\x11\xe8\x03\0\0\0\xcb\x02\xa1\x01\x18\x29\x03\0\0\
\x19\x2d\x03\0\0\x04\0\x1f\x12\xff\x03\0\0\x03\x16\x02\xa1\x02\x20\x20\x03\x11\
\x21\x13\x28\x04\0\0\x03\x12\0\x21\x15\x3d\x04\0\0\x03\x13\x08\x21\x16\x4e\x04\
\0\0\x03\x14\x10\x21\x17\x53\x04\0\0\x03\x15\x18\0\x04\x2d\x04\0\0\x18\x39\x04\
\0\0\x19\x2d\x03\0\0\x02\0\x09\x14\x05\x04\x04\x42\x04\0\0\x18\x39\x04\0\0\x19\
\x2d\x03\0\0\x40\0\x04\x39\x04\0\0\x04\x58\x04\0\0\x22\x23\x1e\x04\x0d\x21\x18\
\xa6\x04\0\0\x04\x0f\0\x21\x1b\x39\x04\0\0\x04\x10\x01\x21\x1c\x66\x03\0\0\x04\
\x11\x05\x21\x1d\x66\x03\0\0\x04\x12\x09\x21\x1e\xb3\x04\0\0\x04\x13\x0d\x21\
\x20\xa6\x04\0\0\x04\x14\x13\x21\x21\x66\x03\0\0\x04\x16\x14\x21\x22\xb3\x04\0\
\0\x04\x17\x18\0\x08\xaf\x04\0\0\x1a\x01\xe4\x66\x09\x19\x02\x01\x18\xbf\x04\0\
\0\x19\x2d\x03\0\0\x06\0\x09\x1f\x08\x01\x1f\x24\xce\x04\0\0\x03\x1d\x02\xa1\
\x03\x20\x20\x03\x18\x21\x13\x28\x04\0\0\x03\x19\0\x21\x15\xf7\x04\0\0\x03\x1a\
\x08\x21\x16\x4e\x04\0\0\x03\x1b\x10\x21\x17\x4e\x04\0\0\x03\x1c\x18\0\x04\xfc\
\x04\0\0\x18\x39\x04\0\0\x19\x2d\x03\0\0\x01\0\x1f\x25\x13\x05\0\0\x03\x25\x02\
\xa1\x04\x20\x20\x03\x20\x21\x13\xf7\x04\0\0\x03\x21\0\x21\x15\x3c\x05\0\0\x03\
\x22\x08\x21\x16\x4e\x05\0\0\x03\x23\x10\x21\x17\x53\x05\0\0\x03\x24\x18\0\x04\
\x41\x05\0\0\x18\x39\x04\0\0\x23\x2d\x03\0\0\0\x01\0\x04\x5d\x03\0\0\x04\x58\
\x05\0\0\x08\xbf\x04\0\0\x26\x01\x8c\x68\x1f\x27\x6c\x05\0\0\x03\x2c\x02\xa1\
\x05\x20\x20\x03\x27\x21\x13\x95\x05\0\0\x03\x28\0\x21\x15\xa6\x05\0\0\x03\x29\
\x08\x21\x16\xb8\x05\0\0\x03\x2a\x10\x21\x17\xe7\x05\0\0\x03\x2b\x18\0\x04\x9a\
\x05\0\0\x18\x39\x04\0\0\x19\x2d\x03\0\0\x09\0\x04\xab\x05\0\0\x18\x39\x04\0\0\
\x23\x2d\x03\0\0\0\x40\0\x04\xbd\x05\0\0\x22\x2c\x10\x04\x1c\x21\x28\x66\x03\0\
\0\x04\x1e\0\x21\x29\x66\x03\0\0\x04\x1f\x04\x21\x2a\x66\x03\0\0\x04\x20\x08\
\x21\x2b\x66\x03\0\0\x04\x21\x0c\0\x04\xec\x05\0\0\x22\x31\x16\x04\x25\x21\x2d\
\x66\x03\0\0\x04\x27\0\x21\x2e\x66\x03\0\0\x04\x28\x04\x21\x2b\x66\x03\0\0\x04\
\x29\x08\x21\x2f\x66\x03\0\0\x04\x2a\x0c\x21\x30\xb3\x04\0\0\x04\x2b\x10\0\x1f\
\x32\x2a\x06\0\0\0\x0e\x02\xa1\x06\x20\x10\0\x0b\x21\x13\x41\x06\0\0\0\x0c\0\
\x21\x15\x52\x06\0\0\0\x0d\x08\0\x04\x46\x06\0\0\x18\x39\x04\0\0\x19\x2d\x03\0\
\0\x1b\0\x04\x57\x06\0\0\x18\x39\x04\0\0\x24\x2d\x03\0\0\0\0\0\x01\0\x1b\x33\
\x6e\x06\0\0\x02\x56\x03\x73\x06\0\0\x04\x78\x06\0\0\x05\x54\x03\0\0\x06\x53\0\
\0\0\x06\x8c\x03\0\0\x06\x8c\x03\0\0\x06\x54\0\0\0\0\x25\x66\x03\0\0\x39\x04\
\x01\x57\x65\x26\x34\0\x26\x35\x01\x26\x36\x02\x26\x37\x03\x26\x38\x04\0\x27\
\x66\x03\0\0\x04\x01\xc9\x0e\x26\x3a\0\x26\x3b\x01\x26\x3c\x02\x26\x3d\x04\x26\
\x3e\x06\x26\x3f\x08\x26\x40\x0c\x26\x41\x11\x26\x42\x16\x26\x43\x1d\x26\x44\
\x21\x26\x45\x29\x26\x46\x2e\x26\x47\x2f\x26\x48\x32\x26\x49\x33\x26\x4a\x5c\
\x26\x4b\x5e\x26\x4c\x62\x26\x4d\x67\x26\x4e\x6c\x26\x4f\x73\x26\x50\x84\x01\
\x26\x51\x88\x01\x26\x52\x89\x01\x26\x53\x8f\x01\x26\x54\xff\x01\x26\x55\x80\
\x02\x26\x56\x86\x02\x26\x57\x87\x02\0\x27\x66\x03\0\0\x04\x01\xf0\x02\x26\x58\
\0\x26\x59\x01\x26\x5a\x02\x26\x5b\x04\0\x08\x37\x07\0\0\x5d\x01\x26\x68\x09\
\x5c\x07\x02\x04\x29\x03\0\0\x04\x2e\x07\0\0\x28\x6d\x14\x01\x34\x3c\x01\0\x29\
\x5e\x58\x05\0\0\x01\x35\x3c\x01\0\x04\0\x29\x5f\x58\x05\0\0\x01\x36\x3c\x01\0\
\x04\x04\x2a\x60\x58\x05\0\0\x01\x37\x3c\x01\0\x01\x2a\x61\x26\x08\0\0\x01\x38\
\x3c\x01\0\x02\x2a\x63\x26\x08\0\0\x01\x39\x3c\x01\0\x04\x2a\x64\x26\x08\0\0\
\x01\x3a\x3c\x01\0\x06\x2a\x65\x58\x05\0\0\x01\x3b\x3c\x01\0\x08\x2a\x66\x58\
\x05\0\0\x01\x3c\x3c\x01\0\x09\x2a\x67\x2f\x08\0\0\x01\x3d\x3c\x01\0\x0a\x2b\
\xc6\x07\0\0\x01\x3e\x3c\x01\0\x0c\x2c\x08\x01\x3e\x3c\x01\0\x2b\xd8\x07\0\0\
\x01\x3f\x3c\x01\0\0\x2d\x08\x01\x3f\x3c\x01\0\x2a\x69\x38\x08\0\0\x01\x40\x3c\
\x01\0\0\x2a\x6b\x38\x08\0\0\x01\x41\x3c\x01\0\x04\0\x2a\x6c\x04\x08\0\0\x01\
\x46\x3c\x01\0\0\x2d\x08\x01\x43\x3c\x01\0\x2a\x69\x38\x08\0\0\x01\x44\x3c\x01\
\0\0\x2a\x6b\x38\x08\0\0\x01\x45\x3c\x01\0\x04\0\0\0\x08\x2e\x07\0\0\x62\x01\
\x36\x68\x08\x2e\x07\0\0\x68\x01\x46\x68\x08\x5d\x03\0\0\x6a\x01\xd6\x68\x2e\
\x6e\x03\x4d\x53\x04\0\0\x2f\x1b\x03\x4d\x39\x04\0\0\0\x2e\x6f\x03\x65\xa6\x04\
\0\0\x2f\x70\x03\x65\xaf\x08\0\0\x2f\x75\x03\x65\xd9\x08\0\0\x2f\x76\x03\x65\
\xe7\x05\0\0\x2f\x77\x03\x65\x53\x04\0\0\x2f\x78\x03\x65\x53\0\0\0\x0e\x79\x03\
\x6a\x5d\x03\0\0\x0e\x7a\x03\x6c\x53\0\0\0\x0e\x7b\x03\x69\x5d\x03\0\0\x30\x0e\
\x7c\x03\x70\xde\x08\0\0\0\x30\x0e\x8e\x03\x74\xc2\x09\0\0\0\0\x04\xb4\x08\0\0\
\x31\x74\x0e\x01\x8a\xc4\x32\x71\xb3\x04\0\0\x01\x8b\xc4\0\x32\x72\xb3\x04\0\0\
\x01\x8c\xc4\x06\x32\x73\x26\x08\0\0\x01\x8d\xc4\x0c\0\x04\x45\x07\0\0\x04\xe3\
\x08\0\0\x28\x8d\x14\x01\x54\xca\x01\0\x2a\x7d\x26\x08\0\0\x01\x55\xca\x01\0\0\
\x2a\x7e\x26\x08\0\0\x01\x56\xca\x01\0\x02\x2a\x7f\x38\x08\0\0\x01\x57\xca\x01\
\0\x04\x2a\x80\x38\x08\0\0\x01\x58\xca\x01\0\x08\x29\x81\x2e\x07\0\0\x01\x59\
\xca\x01\0\x04\x60\x29\x82\x2e\x07\0\0\x01\x5a\xca\x01\0\x04\x64\x29\x83\x2e\
\x07\0\0\x01\x5b\xca\x01\0\x01\x68\x29\x84\x2e\x07\0\0\x01\x5c\xca\x01\0\x01\
\x69\x29\x85\x2e\x07\0\0\x01\x5d\xca\x01\0\x01\x6a\x29\x86\x2e\x07\0\0\x01\x5e\
\xca\x01\0\x01\x6b\x29\x87\x2e\x07\0\0\x01\x5f\xca\x01\0\x01\x6c\x29\x88\x2e\
\x07\0\0\x01\x60\xca\x01\0\x01\x6d\x29\x89\x2e\x07\0\0\x01\x61\xca\x01\0\x01\
\x6e\x29\x8a\x2e\x07\0\0\x01\x62\xca\x01\0\x01\x6f\x2a\x8b\x26\x08\0\0\x01\x63\
\xca\x01\0\x0e\x2a\x67\x2f\x08\0\0\x01\x64\xca\x01\0\x10\x2a\x8c\x26\x08\0\0\
\x01\x65\xca\x01\0\x12\0\x04\xc7\x09\0\0\x28\x90\x08\x01\x31\xf2\x01\0\x2a\x7d\
\x26\x08\0\0\x01\x32\xf2\x01\0\0\x2a\x7e\x26\x08\0\0\x01\x33\xf2\x01\0\x02\x2a\
\x8f\x26\x08\0\0\x01\x34\xf2\x01\0\x04\x2a\x67\x2f\x08\0\0\x01\x35\xf2\x01\0\
\x06\0\x33\x91\x03\x3c\x2f\x92\x03\x3c\x40\x07\0\0\x2f\x93\x03\x3c\x38\x08\0\0\
\x2f\x94\x03\x3c\x38\x08\0\0\x0e\x95\x03\x3e\x5d\x03\0\0\0\x34\x96\x03\x51\x53\
\x04\0\0\x0e\x16\x03\x52\x39\x04\0\0\x0e\x97\x03\x55\x39\x04\0\0\x0e\x98\x03\
\x53\x4e\x04\0\0\0\x2e\x99\x03\x5b\xa6\x04\0\0\x2f\x75\x03\x5b\x5d\x03\0\0\x0e\
\x9a\x03\x5c\x53\x05\0\0\0\x2e\x9b\x03\x87\xa6\x04\0\0\x2f\x9c\x03\x88\xe4\x0a\
\0\0\x2f\x70\x03\x89\xaf\x08\0\0\x2f\x75\x03\x8a\xd9\x08\0\0\x2f\xa3\x03\x8b\
\x40\x07\0\0\x2f\xa4\x03\x8c\x40\x07\0\0\x2f\xa5\x03\x8d\x53\x04\0\0\x2f\xa6\
\x03\x8e\x2c\x0b\0\0\x2f\x78\x03\x8f\x53\0\0\0\x0e\x16\x03\x9c\xbd\x05\0\0\x0e\
\x17\x03\xa2\xec\x05\0\0\x0e\x7a\x03\x96\x53\0\0\0\x0e\xb1\x03\xac\x5d\x03\0\0\
\x0e\xb2\x03\xab\x5d\x03\0\0\x30\x0e\x7c\x03\xaf\xde\x08\0\0\0\x30\x0e\x8e\x03\
\xb3\xc2\x09\0\0\0\0\x04\xe9\x0a\0\0\x31\xa2\x18\x01\x37\x9f\x32\x9d\x5d\x03\0\
\0\x01\x38\x9f\0\x32\x78\x5d\x03\0\0\x01\x39\x9f\x04\x32\x9e\x5d\x03\0\0\x01\
\x3a\x9f\x08\x32\x9f\x5d\x03\0\0\x01\x3b\x9f\x0c\x32\xa0\x5d\x03\0\0\x01\x3c\
\x9f\x10\x32\xa1\x5d\x03\0\0\x01\x3d\x9f\x14\0\x04\x31\x0b\0\0\x35\xb0\xd1\x23\
\x04\x30\x21\x1b\x39\x04\0\0\x04\x31\0\x21\xa7\x66\x03\0\0\x04\x32\x04\x21\x5f\
\x39\x04\0\0\x04\x33\x08\x21\x66\x39\x04\0\0\x04\x34\x0c\x21\xa8\xb3\x04\0\0\
\x04\x35\x10\x21\xa9\xb3\x04\0\0\x04\x36\x16\x21\xaa\x66\x03\0\0\x04\x37\x1c\
\x21\xab\x66\x03\0\0\x04\x38\x20\x21\xac\x66\x03\0\0\x04\x39\x24\x21\xad\x66\
\x03\0\0\x04\x3a\x28\x21\x20\xa6\x04\0\0\x04\x3b\x2c\x21\xae\x39\x04\0\0\x04\
\x3c\x2d\x21\xaf\xad\x0b\0\0\x04\x3e\x31\0\x18\xbf\x04\0\0\x23\x2d\x03\0\0\xa0\
\x23\0\x04\xbf\x0b\0\0\x28\xc4\x08\x01\x3a\x28\x01\0\x2a\x13\x58\x05\0\0\x01\
\x3b\x28\x01\0\0\x2a\xba\x58\x05\0\0\x01\x3c\x28\x01\0\x01\x2a\xbb\x2f\x08\0\0\
\x01\x3d\x28\x01\0\x02\x2a\xbc\xf7\x0b\0\0\x01\x49\x28\x01\0\x04\x2c\x04\x01\
\x3e\x28\x01\0\x2a\xbd\x0a\x0c\0\0\x01\x42\x28\x01\0\0\x2d\x04\x01\x3f\x28\x01\
\0\x2a\x63\x26\x08\0\0\x01\x40\x28\x01\0\0\x2a\xbe\x26\x08\0\0\x01\x41\x28\x01\
\0\x02\0\x2a\xbf\x38\x08\0\0\x01\x43\x28\x01\0\0\x2a\xc0\x42\x0c\0\0\x01\x47\
\x28\x01\0\0\x2d\x04\x01\x44\x28\x01\0\x2a\xc1\x26\x08\0\0\x01\x45\x28\x01\0\0\
\x2a\xc2\x26\x08\0\0\x01\x46\x28\x01\0\x02\0\x2a\xc3\x70\x0c\0\0\x01\x48\x28\
\x01\0\0\0\0\x18\x58\x05\0\0\x19\x2d\x03\0\0\x04\0\0\x68\0\0\0\x05\0\x08\0\x05\
\0\0\0\x14\0\0\0\x24\0\0\0\x33\0\0\0\x42\0\0\0\x51\0\0\0\x04\xe0\x02\xe8\x02\
\x04\xc8\x03\xd0\x03\x04\xf8\x03\x90\x05\0\x04\xd8\xd1\x09\xf0\xd7\x09\x04\x90\
\xd8\x09\xd0\xe0\x09\0\x04\xe8\xd2\x09\xf0\xd7\x09\x04\x90\xd8\x09\xd0\xe0\x09\
\0\x04\xf0\xd3\x09\xf0\xd7\x09\x04\x90\xd8\x09\x88\xdc\x09\0\x04\x90\xe1\x09\
\xf0\xe1\x09\x04\xa0\xe2\x09\xc0\xe2\x09\0\x1c\x03\0\0\x05\0\0\0\0\0\0\0\x2a\0\
\0\0\x3e\0\0\0\x53\0\0\0\x67\0\0\0\x7a\0\0\0\x80\0\0\0\x88\0\0\0\x8d\0\0\0\xa1\
\0\0\0\xb2\0\0\0\xb7\0\0\0\xc4\0\0\0\xca\0\0\0\xde\0\0\0\xf1\0\0\0\xfe\0\0\0\
\x12\x01\0\0\x1a\x01\0\0\x2d\x01\0\0\x32\x01\0\0\x36\x01\0\0\x42\x01\0\0\x46\
\x01\0\0\x4c\x01\0\0\x56\x01\0\0\x5c\x01\0\0\x61\x01\0\0\x69\x01\0\0\x6e\x01\0\
\0\x79\x01\0\0\x82\x01\0\0\x90\x01\0\0\x97\x01\0\0\x9f\x01\0\0\xab\x01\0\0\xb9\
\x01\0\0\xc5\x01\0\0\xd3\x01\0\0\xd8\x01\0\0\xe6\x01\0\0\xf4\x01\0\0\x02\x02\0\
\0\x10\x02\0\0\x20\x02\0\0\x3a\x02\0\0\x47\x02\0\0\x54\x02\0\0\x64\x02\0\0\x6d\
\x02\0\0\x88\x02\0\0\x9b\x02\0\0\xaf\x02\0\0\xbb\x02\0\0\xc4\x02\0\0\xcd\x02\0\
\0\xd4\x02\0\0\xe1\x02\0\0\xec\x02\0\0\xf7\x02\0\0\x04\x03\0\0\x11\x03\0\0\x1e\
\x03\0\0\x2a\x03\0\0\x36\x03\0\0\x42\x03\0\0\x4e\x03\0\0\x5a\x03\0\0\x65\x03\0\
\0\x72\x03\0\0\x7f\x03\0\0\x8c\x03\0\0\x98\x03\0\0\xa4\x03\0\0\xaf\x03\0\0\xbb\
\x03\0\0\xca\x03\0\0\xd8\x03\0\0\xe4\x03\0\0\xf1\x03\0\0\xfe\x03\0\0\x0b\x04\0\
\0\x1b\x04\0\0\x28\x04\0\0\x39\x04\0\0\x45\x04\0\0\x51\x04\0\0\x5f\x04\0\0\x6b\
\x04\0\0\x73\x04\0\0\x7f\x04\0\0\x89\x04\0\0\x94\x04\0\0\xa3\x04\0\0\xa9\x04\0\
\0\xad\x04\0\0\xb5\x04\0\0\xb9\x04\0\0\xc1\x04\0\0\xc8\x04\0\0\xcb\x04\0\0\xd4\
\x04\0\0\xd8\x04\0\0\xe1\x04\0\0\xe7\x04\0\0\xef\x04\0\0\xf5\x04\0\0\xfc\x04\0\
\0\x02\x05\0\0\x08\x05\0\0\x0e\x05\0\0\x21\x05\0\0\x2a\x05\0\0\x2e\x05\0\0\x35\
\x05\0\0\x3e\x05\0\0\x46\x05\0\0\x4d\x05\0\0\x50\x05\0\0\x54\x05\0\0\x5d\x05\0\
\0\x66\x05\0\0\x70\x05\0\0\x77\x05\0\0\x81\x05\0\0\x85\x05\0\0\x8c\x05\0\0\x91\
\x05\0\0\x95\x05\0\0\x9d\x05\0\0\xa2\x05\0\0\xa7\x05\0\0\xab\x05\0\0\xaf\x05\0\
\0\xb3\x05\0\0\xb7\x05\0\0\xbb\x05\0\0\xbf\x05\0\0\xc3\x05\0\0\xc7\x05\0\0\xce\
\x05\0\0\xd6\x05\0\0\xdd\x05\0\0\xe1\x05\0\0\xe5\x05\0\0\xec\x05\0\0\xfa\x05\0\
\0\xfe\x05\0\0\x06\x06\0\0\x0e\x06\0\0\x13\x06\0\0\x20\x06\0\0\x2c\x06\0\0\x3c\
\x06\0\0\x48\x06\0\0\x4f\x06\0\0\x6b\x06\0\0\x6f\x06\0\0\x74\x06\0\0\x7e\x06\0\
\0\x8e\x06\0\0\x9d\x06\0\0\xac\x06\0\0\xb3\x06\0\0\xbc\x06\0\0\xc5\x06\0\0\xce\
\x06\0\0\xd0\x06\0\0\xd8\x06\0\0\xdf\x06\0\0\xe6\x06\0\0\xec\x06\0\0\xf4\x06\0\
\0\xfa\x06\0\0\x02\x07\0\0\x20\x07\0\0\x2a\x07\0\0\x38\x07\0\0\x42\x07\0\0\x4c\
\x07\0\0\x5f\x07\0\0\x64\x07\0\0\x66\x07\0\0\x6a\x07\0\0\x6c\x07\0\0\x76\x07\0\
\0\x7b\x07\0\0\x80\x07\0\0\x89\x07\0\0\x8c\x07\0\0\x91\x07\0\0\x9a\x07\0\0\xa2\
\x07\0\0\xa7\x07\0\0\xb0\x07\0\0\xb4\x07\0\0\xbd\x07\0\0\xc5\x07\0\0\x63\x6c\
\x61\x6e\x67\x20\x76\x65\x72\x73\x69\x6f\x6e\x20\x32\x30\x2e\x31\x2e\x38\x20\
\x28\x52\x45\x53\x46\x20\x32\x30\x2e\x31\x2e\x38\x2d\x31\x2e\x65\x6c\x31\x30\
\x29\0\x65\x62\x70\x66\x2f\x78\x64\x70\x5f\x70\x72\x6f\x67\x2e\x62\x70\x66\x2e\
\x63\0\x2f\x72\x6f\x6f\x74\x2f\x56\x41\x54\x45\x58\x2f\x58\x44\x50\x5f\x54\x45\
\x53\x54\0\x62\x70\x66\x5f\x72\x69\x6e\x67\x62\x75\x66\x5f\x72\x65\x73\x65\x72\
\x76\x65\0\x75\x6e\x73\x69\x67\x6e\x65\x64\x20\x6c\x6f\x6e\x67\x20\x6c\x6f\x6e\
\x67\0\x5f\x5f\x75\x36\x34\0\x5f\x5f\x5f\x5f\x66\x6d\x74\0\x63\x68\x61\x72\0\
\x5f\x5f\x41\x52\x52\x41\x59\x5f\x53\x49\x5a\x45\x5f\x54\x59\x50\x45\x5f\x5f\0\
\x62\x70\x66\x5f\x74\x72\x61\x63\x65\x5f\x70\x72\x69\x6e\x74\x6b\0\x6c\x6f\x6e\
\x67\0\x75\x6e\x73\x69\x67\x6e\x65\x64\x20\x69\x6e\x74\0\x5f\x5f\x75\x33\x32\0\
\x62\x70\x66\x5f\x6d\x61\x70\x5f\x6c\x6f\x6f\x6b\x75\x70\x5f\x65\x6c\x65\x6d\0\
\x62\x70\x66\x5f\x72\x69\x6e\x67\x62\x75\x66\x5f\x73\x75\x62\x6d\x69\x74\0\x62\
\x70\x66\x5f\x72\x65\x64\x69\x72\x65\x63\x74\0\x62\x70\x66\x5f\x72\x69\x6e\x67\
\x62\x75\x66\x5f\x64\x69\x73\x63\x61\x72\x64\0\x4c\x49\x43\x45\x4e\x53\x45\0\
\x6d\x61\x70\x5f\x69\x6e\x74\x65\x72\x66\x61\x63\x65\x5f\x69\x6e\x66\x6f\0\x74\
\x79\x70\x65\0\x69\x6e\x74\0\x6d\x61\x78\x5f\x65\x6e\x74\x72\x69\x65\x73\0\x6b\
\x65\x79\0\x76\x61\x6c\x75\x65\0\x69\x73\x5f\x65\x6e\x61\x62\x6c\x65\0\x5f\x42\
\x6f\x6f\x6c\0\x62\x6f\x6f\x6c\0\x69\x66\x69\x6e\x64\x65\x78\0\x69\x70\x76\x34\
\0\x73\x75\x62\x6e\x65\x74\x6d\x61\x73\x6b\0\x6d\x61\x63\x5f\x61\x64\x64\x72\0\
\x75\x6e\x73\x69\x67\x6e\x65\x64\x20\x63\x68\x61\x72\0\x69\x73\x5f\x77\x61\x6e\
\0\x67\x77\x5f\x69\x70\x76\x34\0\x67\x77\x5f\x6d\x61\x63\x5f\x61\x64\x64\x72\0\
\x69\x6e\x74\x65\x72\x66\x61\x63\x65\x69\x6e\x66\x6f\0\x6d\x61\x70\x5f\x77\x61\
\x6e\x5f\x69\x64\x78\0\x6d\x61\x70\x5f\x6c\x6f\x63\x61\x6c\x5f\x69\x70\x73\0\
\x5f\x5f\x75\x38\0\x6d\x61\x70\x5f\x6e\x61\x74\x5f\x74\x61\x62\x6c\x65\0\x65\
\x78\x74\x65\x72\x6e\x61\x6c\x5f\x69\x70\x76\x34\0\x65\x78\x74\x65\x72\x6e\x61\
\x6c\x5f\x70\x6f\x72\x74\0\x69\x6e\x74\x65\x72\x6e\x61\x6c\x5f\x70\x6f\x72\x74\
\0\x70\x72\x6f\x74\x6f\x63\x6f\x6c\x5f\x6e\x75\x6d\x62\x65\x72\0\x4e\x41\x54\
\x5f\x54\x41\x42\x4c\x45\x5f\x6b\x65\x79\x5f\x62\x79\x5f\x65\x78\x74\x65\x72\
\x6e\x61\x6c\0\x70\x72\x69\x76\x61\x74\x65\x5f\x69\x70\x76\x34\0\x70\x72\x69\
\x76\x61\x74\x65\x5f\x70\x6f\x72\x74\0\x70\x72\x69\x76\x61\x74\x65\x5f\x69\x66\
\x69\x6e\x64\x65\x78\0\x68\x6f\x73\x74\x5f\x6d\x61\x63\0\x4e\x41\x54\x5f\x54\
\x41\x42\x4c\x45\x5f\x76\x61\x6c\x75\x65\x5f\x62\x79\x5f\x70\x72\x69\x76\x61\
\x74\x65\0\x6e\x65\x74\x77\x6f\x72\x6b\x5f\x72\x69\x6e\x67\x62\x75\x66\x66\x65\
\x72\0\x62\x70\x66\x5f\x6d\x61\x70\x5f\x75\x70\x64\x61\x74\x65\x5f\x65\x6c\x65\
\x6d\0\x58\x44\x50\x5f\x41\x42\x4f\x52\x54\x45\x44\0\x58\x44\x50\x5f\x44\x52\
\x4f\x50\0\x58\x44\x50\x5f\x50\x41\x53\x53\0\x58\x44\x50\x5f\x54\x58\0\x58\x44\
\x50\x5f\x52\x45\x44\x49\x52\x45\x43\x54\0\x78\x64\x70\x5f\x61\x63\x74\x69\x6f\
\x6e\0\x49\x50\x50\x52\x4f\x54\x4f\x5f\x49\x50\0\x49\x50\x50\x52\x4f\x54\x4f\
\x5f\x49\x43\x4d\x50\0\x49\x50\x50\x52\x4f\x54\x4f\x5f\x49\x47\x4d\x50\0\x49\
\x50\x50\x52\x4f\x54\x4f\x5f\x49\x50\x49\x50\0\x49\x50\x50\x52\x4f\x54\x4f\x5f\
\x54\x43\x50\0\x49\x50\x50\x52\x4f\x54\x4f\x5f\x45\x47\x50\0\x49\x50\x50\x52\
\x4f\x54\x4f\x5f\x50\x55\x50\0\x49\x50\x50\x52\x4f\x54\x4f\x5f\x55\x44\x50\0\
\x49\x50\x50\x52\x4f\x54\x4f\x5f\x49\x44\x50\0\x49\x50\x50\x52\x4f\x54\x4f\x5f\
\x54\x50\0\x49\x50\x50\x52\x4f\x54\x4f\x5f\x44\x43\x43\x50\0\x49\x50\x50\x52\
\x4f\x54\x4f\x5f\x49\x50\x56\x36\0\x49\x50\x50\x52\x4f\x54\x4f\x5f\x52\x53\x56\
\x50\0\x49\x50\x50\x52\x4f\x54\x4f\x5f\x47\x52\x45\0\x49\x50\x50\x52\x4f\x54\
\x4f\x5f\x45\x53\x50\0\x49\x50\x50\x52\x4f\x54\x4f\x5f\x41\x48\0\x49\x50\x50\
\x52\x4f\x54\x4f\x5f\x4d\x54\x50\0\x49\x50\x50\x52\x4f\x54\x4f\x5f\x42\x45\x45\
\x54\x50\x48\0\x49\x50\x50\x52\x4f\x54\x4f\x5f\x45\x4e\x43\x41\x50\0\x49\x50\
\x50\x52\x4f\x54\x4f\x5f\x50\x49\x4d\0\x49\x50\x50\x52\x4f\x54\x4f\x5f\x43\x4f\
\x4d\x50\0\x49\x50\x50\x52\x4f\x54\x4f\x5f\x4c\x32\x54\x50\0\x49\x50\x50\x52\
\x4f\x54\x4f\x5f\x53\x43\x54\x50\0\x49\x50\x50\x52\x4f\x54\x4f\x5f\x55\x44\x50\
\x4c\x49\x54\x45\0\x49\x50\x50\x52\x4f\x54\x4f\x5f\x4d\x50\x4c\x53\0\x49\x50\
\x50\x52\x4f\x54\x4f\x5f\x45\x54\x48\x45\x52\x4e\x45\x54\0\x49\x50\x50\x52\x4f\
\x54\x4f\x5f\x52\x41\x57\0\x49\x50\x50\x52\x4f\x54\x4f\x5f\x53\x4d\x43\0\x49\
\x50\x50\x52\x4f\x54\x4f\x5f\x4d\x50\x54\x43\x50\0\x49\x50\x50\x52\x4f\x54\x4f\
\x5f\x4d\x41\x58\0\x42\x50\x46\x5f\x41\x4e\x59\0\x42\x50\x46\x5f\x4e\x4f\x45\
\x58\x49\x53\x54\0\x42\x50\x46\x5f\x45\x58\x49\x53\x54\0\x42\x50\x46\x5f\x46\
\x5f\x4c\x4f\x43\x4b\0\x75\x6e\x73\x69\x67\x6e\x65\x64\x20\x73\x68\x6f\x72\x74\
\0\x5f\x5f\x75\x31\x36\0\x69\x68\x6c\0\x76\x65\x72\x73\x69\x6f\x6e\0\x74\x6f\
\x73\0\x74\x6f\x74\x5f\x6c\x65\x6e\0\x5f\x5f\x62\x65\x31\x36\0\x69\x64\0\x66\
\x72\x61\x67\x5f\x6f\x66\x66\0\x74\x74\x6c\0\x70\x72\x6f\x74\x6f\x63\x6f\x6c\0\
\x63\x68\x65\x63\x6b\0\x5f\x5f\x73\x75\x6d\x31\x36\0\x73\x61\x64\x64\x72\0\x5f\
\x5f\x62\x65\x33\x32\0\x64\x61\x64\x64\x72\0\x61\x64\x64\x72\x73\0\x69\x70\x68\
\x64\x72\0\x67\x65\x74\x5f\x69\x6e\x74\x65\x72\x66\x61\x63\x65\x5f\x69\x6e\x66\
\x6f\0\x53\x65\x74\x5f\x44\x4e\x41\x54\0\x65\x74\x68\0\x68\x5f\x64\x65\x73\x74\
\0\x68\x5f\x73\x6f\x75\x72\x63\x65\0\x68\x5f\x70\x72\x6f\x74\x6f\0\x65\x74\x68\
\x68\x64\x72\0\x69\x70\0\x6e\x61\x74\0\x6c\x61\x6e\x5f\x69\x6e\x66\x6f\0\x64\
\x61\x74\x61\x5f\x65\x6e\x64\0\x6e\x65\x77\x5f\x64\x61\x64\x64\x72\0\x6c\x34\
\x5f\x68\x64\x72\0\x6f\x6c\x64\x5f\x64\x61\x64\x64\x72\0\x74\x63\x70\0\x73\x6f\
\x75\x72\x63\x65\0\x64\x65\x73\x74\0\x73\x65\x71\0\x61\x63\x6b\x5f\x73\x65\x71\
\0\x72\x65\x73\x31\0\x64\x6f\x66\x66\0\x66\x69\x6e\0\x73\x79\x6e\0\x72\x73\x74\
\0\x70\x73\x68\0\x61\x63\x6b\0\x75\x72\x67\0\x65\x63\x65\0\x63\x77\x72\0\x77\
\x69\x6e\x64\x6f\x77\0\x75\x72\x67\x5f\x70\x74\x72\0\x74\x63\x70\x68\x64\x72\0\
\x75\x64\x70\0\x6c\x65\x6e\0\x75\x64\x70\x68\x64\x72\0\x63\x73\x75\x6d\x5f\x72\
\x65\x70\x6c\x61\x63\x65\x34\0\x73\x75\x6d\0\x6f\x6c\x64\x5f\x76\x61\x6c\0\x6e\
\x65\x77\x5f\x76\x61\x6c\0\x63\x73\x75\x6d\0\x67\x65\x74\x5f\x77\x61\x6e\x5f\
\x69\x6e\x66\x6f\0\x77\x61\x6e\x5f\x69\x66\x69\x6e\x64\x65\x78\0\x77\x61\x6e\
\x5f\x69\x66\x69\x6e\x64\x65\x78\x5f\x70\x74\x72\0\x69\x73\x5f\x6c\x6f\x63\x61\
\x6c\x5f\x69\x70\0\x65\x78\x69\x73\x74\x73\0\x70\x72\x6f\x63\x65\x73\x73\x5f\
\x73\x6e\x61\x74\x5f\x61\x6e\x64\x5f\x75\x70\x64\x61\x74\x65\x5f\x6d\x61\x70\0\
\x63\x74\x78\0\x64\x61\x74\x61\0\x64\x61\x74\x61\x5f\x6d\x65\x74\x61\0\x69\x6e\
\x67\x72\x65\x73\x73\x5f\x69\x66\x69\x6e\x64\x65\x78\0\x72\x78\x5f\x71\x75\x65\
\x75\x65\x5f\x69\x6e\x64\x65\x78\0\x65\x67\x72\x65\x73\x73\x5f\x69\x66\x69\x6e\
\x64\x65\x78\0\x78\x64\x70\x5f\x6d\x64\0\x73\x72\x63\x5f\x70\x6f\x72\x74\0\x64\
\x73\x74\x5f\x70\x6f\x72\x74\0\x77\x61\x6e\x5f\x69\x6e\x66\x6f\0\x65\0\x70\x6b\
\x74\x5f\x6c\x65\x6e\0\x6d\x61\x63\x53\x72\x63\0\x6d\x61\x63\x44\x73\x74\0\x69\
\x70\x53\x72\x63\0\x70\x6f\x72\x74\x53\x72\x63\0\x69\x70\x44\x73\x74\0\x70\x6f\
\x72\x74\x44\x73\x74\0\x69\x73\x5f\x69\x6e\x74\x65\x72\x6e\x61\x6c\x5f\x67\x6f\
\x69\x6e\x67\x5f\x74\x6f\x5f\x69\x6e\x74\x65\x72\x6e\x65\x74\0\x52\x61\x77\x50\
\x61\x63\x6b\x65\x74\0\x4e\x65\x74\x77\x6f\x72\x6b\x5f\x65\x76\x65\x6e\x74\0\
\x6e\x65\x77\x5f\x73\x61\x64\x64\x72\0\x6f\x6c\x64\x5f\x73\x61\x64\x64\x72\0\
\x78\x64\x70\x5f\x70\x61\x63\x6b\x65\x74\x5f\x68\x61\x6e\x64\x6c\x65\x72\0\x69\
\x6e\x66\x6f\0\x69\0\x6f\x66\x66\0\x6a\0\x6e\x61\x74\x5f\x65\x6e\x74\x72\x79\0\
\x69\x63\x6d\x70\0\x63\x6f\x64\x65\0\x63\x68\x65\x63\x6b\x73\x75\x6d\0\x75\x6e\
\0\x65\x63\x68\x6f\0\x73\x65\x71\x75\x65\x6e\x63\x65\0\x67\x61\x74\x65\x77\x61\
\x79\0\x66\x72\x61\x67\0\x5f\x5f\x75\x6e\x75\x73\x65\x64\0\x6d\x74\x75\0\x72\
\x65\x73\x65\x72\x76\x65\x64\0\x69\x63\x6d\x70\x68\x64\x72\0\x63\x6f\x70\x79\
\x6c\x65\x6e\0\xcc\0\0\0\x05\0\x08\0\0\0\0\0\0\0\0\0\0\0\0\0\0\0\0\0\0\0\0\0\0\
\0\0\0\0\0\0\0\0\0\0\0\0\0\0\0\0\0\0\0\0\0\0\0\0\0\0\0\0\0\0\0\0\0\0\0\0\0\0\0\
\0\0\0\0\x68\0\0\0\0\0\0\0\x10\x01\0\0\0\0\0\0\x78\x01\0\0\0\0\0\0\x30\x06\0\0\
\0\0\0\0\xd0\x3b\x02\0\0\0\0\0\xd0\x69\x02\0\0\0\0\0\x88\x6a\x02\0\0\0\0\0\xd0\
\x6a\x02\0\0\0\0\0\x10\x6b\x02\0\0\0\0\0\x10\x6c\x02\0\0\0\0\0\x80\x70\x02\0\0\
\0\0\0\x90\x71\x02\0\0\0\0\0\x68\x73\x02\0\0\0\0\0\xc0\x73\x02\0\0\0\0\0\x08\
\x74\x02\0\0\0\0\0\xe8\x74\x02\0\0\0\0\0\x68\x71\x02\0\0\0\0\0\x9f\xeb\x01\0\
\x18\0\0\0\0\0\0\0\xf8\x08\0\0\xf8\x08\0\0\x3c\x17\0\0\0\0\0\0\0\0\0\x02\x03\0\
\0\0\x01\0\0\0\0\0\0\x01\x04\0\0\0\x20\0\0\x01\0\0\0\0\0\0\0\x03\0\0\0\0\x02\0\
\0\0\x04\0\0\0\x1b\0\0\0\x05\0\0\0\0\0\0\x01\x04\0\0\0\x20\0\0\0\0\0\0\0\0\0\0\
\x02\x06\0\0\0\0\0\0\0\0\0\0\x03\0\0\0\0\x02\0\0\0\x04\0\0\0\0\0\0\x01\0\0\0\0\
\x02\0\0\x04\x10\0\0\0\x19\0\0\0\x01\0\0\0\0\0\0\0\x1e\0\0\0\x05\0\0\0\x40\0\0\
\0\x2a\0\0\0\0\0\0\x0e\x07\0\0\0\x01\0\0\0\0\0\0\0\0\0\0\x02\x0a\0\0\0\0\0\0\0\
\0\0\0\x03\0\0\0\0\x02\0\0\0\x04\0\0\0\x09\0\0\0\0\0\0\0\0\0\0\x02\x0c\0\0\0\0\
\0\0\0\0\0\0\x03\0\0\0\0\x02\0\0\0\x04\0\0\0\0\x40\0\0\0\0\0\0\0\0\0\x02\x0e\0\
\0\0\x3d\0\0\0\x04\0\0\x04\x10\0\0\0\x57\0\0\0\x0f\0\0\0\0\0\0\0\x65\0\0\0\x0f\
\0\0\0\x20\0\0\0\x73\0\0\0\x0f\0\0\0\x40\0\0\0\x81\0\0\0\x0f\0\0\0\x60\0\0\0\
\x91\0\0\0\0\0\0\x01\x04\0\0\0\x20\0\0\0\0\0\0\0\0\0\0\x02\x11\0\0\0\x9e\0\0\0\
\x05\0\0\x04\x16\0\0\0\xb9\0\0\0\x0f\0\0\0\0\0\0\0\xc6\0\0\0\x0f\0\0\0\x20\0\0\
\0\x81\0\0\0\x0f\0\0\0\x40\0\0\0\xd3\0\0\0\x0f\0\0\0\x60\0\0\0\xe3\0\0\0\x13\0\
\0\0\x80\0\0\0\xec\0\0\0\0\0\0\x01\x01\0\0\0\x08\0\0\0\0\0\0\0\0\0\0\x03\0\0\0\
\0\x12\0\0\0\x04\0\0\0\x06\0\0\0\0\0\0\0\x04\0\0\x04\x20\0\0\0\x19\0\0\0\x09\0\
\0\0\0\0\0\0\x1e\0\0\0\x0b\0\0\0\x40\0\0\0\xfa\0\0\0\x0d\0\0\0\x80\0\0\0\xfe\0\
\0\0\x10\0\0\0\xc0\0\0\0\x04\x01\0\0\0\0\0\x0e\x14\0\0\0\x01\0\0\0\0\0\0\0\0\0\
\0\x02\x17\0\0\0\0\0\0\0\0\0\0\x03\0\0\0\0\x02\0\0\0\x04\0\0\0\x02\0\0\0\0\0\0\
\0\0\0\0\x02\x19\0\0\0\0\0\0\0\0\0\0\x03\0\0\0\0\x02\0\0\0\x04\0\0\0\x40\0\0\0\
\0\0\0\0\0\0\0\x02\x02\0\0\0\0\0\0\0\0\0\0\x02\x1c\0\0\0\x12\x01\0\0\x08\0\0\
\x04\x1e\0\0\0\x20\x01\0\0\x1d\0\0\0\0\0\0\0\x2a\x01\0\0\x02\0\0\0\x08\0\0\0\
\x32\x01\0\0\x0f\0\0\0\x28\0\0\0\x37\x01\0\0\x0f\0\0\0\x48\0\0\0\x42\x01\0\0\
\x13\0\0\0\x68\0\0\0\x4b\x01\0\0\x1d\0\0\0\x98\0\0\0\x52\x01\0\0\x0f\0\0\0\xa0\
\0\0\0\x5a\x01\0\0\x13\0\0\0\xc0\0\0\0\x66\x01\0\0\0\0\0\x08\x1e\0\0\0\x6b\x01\
\0\0\0\0\0\x01\x01\0\0\0\x08\0\0\x04\0\0\0\0\x04\0\0\x04\x20\0\0\0\x19\0\0\0\
\x16\0\0\0\0\0\0\0\x1e\0\0\0\x18\0\0\0\x40\0\0\0\xfa\0\0\0\x1a\0\0\0\x80\0\0\0\
\xfe\0\0\0\x1b\0\0\0\xc0\0\0\0\x71\x01\0\0\0\0\0\x0e\x1f\0\0\0\x01\0\0\0\0\0\0\
\0\0\0\0\x02\x22\0\0\0\0\0\0\0\0\0\0\x03\0\0\0\0\x02\0\0\0\x04\0\0\0\x01\0\0\0\
\0\0\0\0\x04\0\0\x04\x20\0\0\0\x19\0\0\0\x16\0\0\0\0\0\0\0\x1e\0\0\0\x21\0\0\0\
\x40\0\0\0\xfa\0\0\0\x1a\0\0\0\x80\0\0\0\xfe\0\0\0\x1a\0\0\0\xc0\0\0\0\x84\x01\
\0\0\0\0\0\x0e\x23\0\0\0\x01\0\0\0\0\0\0\0\0\0\0\x02\x26\0\0\0\0\0\0\0\0\0\0\
\x03\0\0\0\0\x02\0\0\0\x04\0\0\0\0\x01\0\0\0\0\0\0\0\0\0\x02\x28\0\0\0\x90\x01\
\0\0\0\0\0\x08\x0f\0\0\0\0\0\0\0\0\0\0\x02\x2a\0\0\0\x96\x01\0\0\0\0\0\x08\x12\
\0\0\0\0\0\0\0\x04\0\0\x04\x20\0\0\0\x19\0\0\0\x21\0\0\0\0\0\0\0\x1e\0\0\0\x25\
\0\0\0\x40\0\0\0\xfa\0\0\0\x27\0\0\0\x80\0\0\0\xfe\0\0\0\x29\0\0\0\xc0\0\0\0\
\x9b\x01\0\0\0\0\0\x0e\x2b\0\0\0\x01\0\0\0\0\0\0\0\0\0\0\x02\x2e\0\0\0\xa9\x01\
\0\0\x06\0\0\x04\x18\0\0\0\xb0\x01\0\0\x28\0\0\0\0\0\0\0\xb5\x01\0\0\x28\0\0\0\
\x20\0\0\0\xbe\x01\0\0\x28\0\0\0\x40\0\0\0\xc8\x01\0\0\x28\0\0\0\x60\0\0\0\xd8\
\x01\0\0\x28\0\0\0\x80\0\0\0\xe7\x01\0\0\x28\0\0\0\xa0\0\0\0\0\0\0\0\x01\0\0\
\x0d\x02\0\0\0\xf6\x01\0\0\x2d\0\0\0\xfa\x01\0\0\x01\0\0\x0c\x2f\0\0\0\xfc\x03\
\0\0\x03\0\0\x04\x0e\0\0\0\x03\x04\0\0\x13\0\0\0\0\0\0\0\x0a\x04\0\0\x13\0\0\0\
\x30\0\0\0\x13\x04\0\0\x32\0\0\0\x60\0\0\0\x1b\x04\0\0\0\0\0\x08\x33\0\0\0\x22\
\x04\0\0\0\0\0\x08\x34\0\0\0\x28\x04\0\0\0\0\0\x01\x02\0\0\0\x10\0\0\0\x79\x04\
\0\0\x0a\0\0\x84\x14\0\0\0\x7f\x04\0\0\x2a\0\0\0\0\0\0\x04\x83\x04\0\0\x2a\0\0\
\0\x04\0\0\x04\x8b\x04\0\0\x2a\0\0\0\x08\0\0\0\x8f\x04\0\0\x32\0\0\0\x10\0\0\0\
\x97\x04\0\0\x32\0\0\0\x20\0\0\0\x9a\x04\0\0\x32\0\0\0\x30\0\0\0\xa3\x04\0\0\
\x2a\0\0\0\x40\0\0\0\xa7\x04\0\0\x2a\0\0\0\x48\0\0\0\xb0\x04\0\0\x36\0\0\0\x50\
\0\0\0\0\0\0\0\x37\0\0\0\x60\0\0\0\xb6\x04\0\0\0\0\0\x08\x33\0\0\0\0\0\0\0\x02\
\0\0\x05\x08\0\0\0\0\0\0\0\x38\0\0\0\0\0\0\0\xbe\x04\0\0\x3a\0\0\0\0\0\0\0\0\0\
\0\0\x02\0\0\x04\x08\0\0\0\xc4\x04\0\0\x39\0\0\0\0\0\0\0\xca\x04\0\0\x39\0\0\0\
\x20\0\0\0\xd0\x04\0\0\0\0\0\x08\x28\0\0\0\0\0\0\0\x02\0\0\x04\x08\0\0\0\xc4\
\x04\0\0\x39\0\0\0\0\0\0\0\xca\x04\0\0\x39\0\0\0\x20\0\0\0\xc2\x05\0\0\x11\0\0\
\x84\x14\0\0\0\xc9\x05\0\0\x32\0\0\0\0\0\0\0\xd0\x05\0\0\x32\0\0\0\x10\0\0\0\
\xd5\x05\0\0\x39\0\0\0\x20\0\0\0\xd9\x05\0\0\x39\0\0\0\x40\0\0\0\xe1\x05\0\0\
\x33\0\0\0\x60\0\0\x04\xe6\x05\0\0\x33\0\0\0\x64\0\0\x04\xeb\x05\0\0\x33\0\0\0\
\x68\0\0\x01\xef\x05\0\0\x33\0\0\0\x69\0\0\x01\xf3\x05\0\0\x33\0\0\0\x6a\0\0\
\x01\xf7\x05\0\0\x33\0\0\0\x6b\0\0\x01\xfb\x05\0\0\x33\0\0\0\x6c\0\0\x01\xff\
\x05\0\0\x33\0\0\0\x6d\0\0\x01\x03\x06\0\0\x33\0\0\0\x6e\0\0\x01\x07\x06\0\0\
\x33\0\0\0\x6f\0\0\x01\x0b\x06\0\0\x32\0\0\0\x70\0\0\0\xb0\x04\0\0\x36\0\0\0\
\x80\0\0\0\x12\x06\0\0\x32\0\0\0\x90\0\0\0\x04\x07\0\0\x04\0\0\x04\x08\0\0\0\
\xc9\x05\0\0\x32\0\0\0\0\0\0\0\xd0\x05\0\0\x32\0\0\0\x10\0\0\0\x0b\x07\0\0\x32\
\0\0\0\x20\0\0\0\xb0\x04\0\0\x36\0\0\0\x30\0\0\0\x84\x07\0\0\x04\0\0\x04\x08\0\
\0\0\x19\0\0\0\x2a\0\0\0\0\0\0\0\x8c\x07\0\0\x2a\0\0\0\x08\0\0\0\x91\x07\0\0\
\x36\0\0\0\x10\0\0\0\x9a\x07\0\0\x3e\0\0\0\x20\0\0\0\0\0\0\0\x04\0\0\x05\x04\0\
\0\0\x9d\x07\0\0\x3f\0\0\0\0\0\0\0\xa2\x07\0\0\x39\0\0\0\0\0\0\0\xaa\x07\0\0\
\x40\0\0\0\0\0\0\0\xaf\x07\0\0\x41\0\0\0\0\0\0\0\0\0\0\0\x02\0\0\x04\x04\0\0\0\
\x97\x04\0\0\x32\0\0\0\0\0\0\0\xb8\x07\0\0\x32\0\0\0\x10\0\0\0\0\0\0\0\x02\0\0\
\x04\x04\0\0\0\xc1\x07\0\0\x32\0\0\0\0\0\0\0\xca\x07\0\0\x32\0\0\0\x10\0\0\0\0\
\0\0\0\0\0\0\x03\0\0\0\0\x2a\0\0\0\x04\0\0\0\x04\0\0\0\0\0\0\0\0\0\0\x0a\x43\0\
\0\0\xfe\x16\0\0\0\0\0\x01\x01\0\0\0\x08\0\0\x01\0\0\0\0\0\0\0\x03\0\0\0\0\x42\
\0\0\0\x04\0\0\0\x29\0\0\0\x03\x17\0\0\0\0\0\x0e\x44\0\0\0\0\0\0\0\0\0\0\0\0\0\
\0\x03\0\0\0\0\x43\0\0\0\x04\0\0\0\x04\0\0\0\x1e\x17\0\0\0\0\0\x0e\x46\0\0\0\
\x01\0\0\0\x26\x17\0\0\x05\0\0\x0f\0\0\0\0\x08\0\0\0\0\0\0\0\x10\0\0\0\x15\0\0\
\0\0\0\0\0\x20\0\0\0\x20\0\0\0\0\0\0\0\x20\0\0\0\x24\0\0\0\0\0\0\0\x20\0\0\0\
\x2c\0\0\0\0\0\0\0\x20\0\0\0\x2c\x17\0\0\x01\0\0\x0f\0\0\0\0\x45\0\0\0\0\0\0\0\
\x29\0\0\0\x34\x17\0\0\x01\0\0\x0f\0\0\0\0\x47\0\0\0\0\0\0\0\x04\0\0\0\0\x69\
\x6e\x74\0\x5f\x5f\x41\x52\x52\x41\x59\x5f\x53\x49\x5a\x45\x5f\x54\x59\x50\x45\
\x5f\x5f\0\x74\x79\x70\x65\0\x6d\x61\x78\x5f\x65\x6e\x74\x72\x69\x65\x73\0\x6e\
\x65\x74\x77\x6f\x72\x6b\x5f\x72\x69\x6e\x67\x62\x75\x66\x66\x65\x72\0\x4e\x41\
\x54\x5f\x54\x41\x42\x4c\x45\x5f\x6b\x65\x79\x5f\x62\x79\x5f\x65\x78\x74\x65\
\x72\x6e\x61\x6c\0\x65\x78\x74\x65\x72\x6e\x61\x6c\x5f\x69\x70\x76\x34\0\x65\
\x78\x74\x65\x72\x6e\x61\x6c\x5f\x70\x6f\x72\x74\0\x69\x6e\x74\x65\x72\x6e\x61\
\x6c\x5f\x70\x6f\x72\x74\0\x70\x72\x6f\x74\x6f\x63\x6f\x6c\x5f\x6e\x75\x6d\x62\
\x65\x72\0\x75\x6e\x73\x69\x67\x6e\x65\x64\x20\x69\x6e\x74\0\x4e\x41\x54\x5f\
\x54\x41\x42\x4c\x45\x5f\x76\x61\x6c\x75\x65\x5f\x62\x79\x5f\x70\x72\x69\x76\
\x61\x74\x65\0\x70\x72\x69\x76\x61\x74\x65\x5f\x69\x70\x76\x34\0\x70\x72\x69\
\x76\x61\x74\x65\x5f\x70\x6f\x72\x74\0\x70\x72\x69\x76\x61\x74\x65\x5f\x69\x66\
\x69\x6e\x64\x65\x78\0\x68\x6f\x73\x74\x5f\x6d\x61\x63\0\x75\x6e\x73\x69\x67\
\x6e\x65\x64\x20\x63\x68\x61\x72\0\x6b\x65\x79\0\x76\x61\x6c\x75\x65\0\x6d\x61\
\x70\x5f\x6e\x61\x74\x5f\x74\x61\x62\x6c\x65\0\x69\x6e\x74\x65\x72\x66\x61\x63\
\x65\x69\x6e\x66\x6f\0\x69\x73\x5f\x65\x6e\x61\x62\x6c\x65\0\x69\x66\x69\x6e\
\x64\x65\x78\0\x69\x70\x76\x34\0\x73\x75\x62\x6e\x65\x74\x6d\x61\x73\x6b\0\x6d\
\x61\x63\x5f\x61\x64\x64\x72\0\x69\x73\x5f\x77\x61\x6e\0\x67\x77\x5f\x69\x70\
\x76\x34\0\x67\x77\x5f\x6d\x61\x63\x5f\x61\x64\x64\x72\0\x62\x6f\x6f\x6c\0\x5f\
\x42\x6f\x6f\x6c\0\x6d\x61\x70\x5f\x69\x6e\x74\x65\x72\x66\x61\x63\x65\x5f\x69\
\x6e\x66\x6f\0\x6d\x61\x70\x5f\x77\x61\x6e\x5f\x69\x64\x78\0\x5f\x5f\x75\x33\
\x32\0\x5f\x5f\x75\x38\0\x6d\x61\x70\x5f\x6c\x6f\x63\x61\x6c\x5f\x69\x70\x73\0\
\x78\x64\x70\x5f\x6d\x64\0\x64\x61\x74\x61\0\x64\x61\x74\x61\x5f\x65\x6e\x64\0\
\x64\x61\x74\x61\x5f\x6d\x65\x74\x61\0\x69\x6e\x67\x72\x65\x73\x73\x5f\x69\x66\
\x69\x6e\x64\x65\x78\0\x72\x78\x5f\x71\x75\x65\x75\x65\x5f\x69\x6e\x64\x65\x78\
\0\x65\x67\x72\x65\x73\x73\x5f\x69\x66\x69\x6e\x64\x65\x78\0\x63\x74\x78\0\x78\
\x64\x70\x5f\x70\x61\x63\x6b\x65\x74\x5f\x68\x61\x6e\x64\x6c\x65\x72\0\x78\x64\
\x70\0\x2f\x72\x6f\x6f\x74\x2f\x56\x41\x54\x45\x58\x2f\x58\x44\x50\x5f\x54\x45\
\x53\x54\x2f\x65\x62\x70\x66\x2f\x78\x64\x70\x5f\x70\x72\x6f\x67\x2e\x62\x70\
\x66\x2e\x63\0\x69\x6e\x74\x20\x78\x64\x70\x5f\x70\x61\x63\x6b\x65\x74\x5f\x68\
\x61\x6e\x64\x6c\x65\x72\x28\x73\x74\x72\x75\x63\x74\x20\x78\x64\x70\x5f\x6d\
\x64\x20\x2a\x63\x74\x78\x29\0\x30\x3a\x30\0\x20\x20\x20\x20\x76\x6f\x69\x64\
\x20\x2a\x64\x61\x74\x61\x20\x3d\x20\x28\x76\x6f\x69\x64\x20\x2a\x29\x28\x6c\
\x6f\x6e\x67\x29\x63\x74\x78\x2d\x3e\x64\x61\x74\x61\x3b\0\x30\x3a\x31\0\x20\
\x20\x20\x20\x76\x6f\x69\x64\x20\x2a\x64\x61\x74\x61\x5f\x65\x6e\x64\x20\x3d\
\x20\x28\x76\x6f\x69\x64\x20\x2a\x29\x28\x6c\x6f\x6e\x67\x29\x63\x74\x78\x2d\
\x3e\x64\x61\x74\x61\x5f\x65\x6e\x64\x3b\0\x20\x20\x20\x20\x69\x66\x20\x28\x70\
\x6b\x74\x5f\x6c\x65\x6e\x20\x3d\x3d\x20\x30\x29\x20\x72\x65\x74\x75\x72\x6e\
\x20\x58\x44\x50\x5f\x50\x41\x53\x53\x3b\x20\x20\0\x20\x20\x20\x20\x69\x66\x20\
\x28\x28\x76\x6f\x69\x64\x20\x2a\x29\x28\x65\x74\x68\x20\x2b\x20\x31\x29\x20\
\x3e\x20\x64\x61\x74\x61\x5f\x65\x6e\x64\x29\x20\x72\x65\x74\x75\x72\x6e\x20\
\x58\x44\x50\x5f\x50\x41\x53\x53\x3b\0\x30\x3a\x33\0\x20\x20\x20\x20\x73\x74\
\x72\x75\x63\x74\x20\x69\x6e\x74\x65\x72\x66\x61\x63\x65\x69\x6e\x66\x6f\x20\
\x2a\x69\x6e\x66\x6f\x20\x3d\x20\x67\x65\x74\x5f\x69\x6e\x74\x65\x72\x66\x61\
\x63\x65\x5f\x69\x6e\x66\x6f\x28\x63\x74\x78\x2d\x3e\x69\x6e\x67\x72\x65\x73\
\x73\x5f\x69\x66\x69\x6e\x64\x65\x78\x29\x3b\0\x2f\x72\x6f\x6f\x74\x2f\x56\x41\
\x54\x45\x58\x2f\x58\x44\x50\x5f\x54\x45\x53\x54\x2f\x65\x62\x70\x66\x2f\x6e\
\x61\x74\x5f\x6d\x61\x70\x2e\x68\0\x20\x20\x20\x20\x72\x65\x74\x75\x72\x6e\x20\
\x62\x70\x66\x5f\x6d\x61\x70\x5f\x6c\x6f\x6f\x6b\x75\x70\x5f\x65\x6c\x65\x6d\
\x28\x26\x6d\x61\x70\x5f\x69\x6e\x74\x65\x72\x66\x61\x63\x65\x5f\x69\x6e\x66\
\x6f\x2c\x20\x26\x69\x66\x69\x6e\x64\x65\x78\x29\x3b\0\x20\x20\x20\x20\x69\x66\
\x20\x28\x21\x69\x6e\x66\x6f\x29\x20\x72\x65\x74\x75\x72\x6e\x20\x58\x44\x50\
\x5f\x50\x41\x53\x53\x3b\x20\0\x65\x74\x68\x68\x64\x72\0\x68\x5f\x64\x65\x73\
\x74\0\x68\x5f\x73\x6f\x75\x72\x63\x65\0\x68\x5f\x70\x72\x6f\x74\x6f\0\x5f\x5f\
\x62\x65\x31\x36\0\x5f\x5f\x75\x31\x36\0\x75\x6e\x73\x69\x67\x6e\x65\x64\x20\
\x73\x68\x6f\x72\x74\0\x30\x3a\x32\0\x20\x20\x20\x20\x69\x66\x20\x28\x65\x74\
\x68\x2d\x3e\x68\x5f\x70\x72\x6f\x74\x6f\x20\x21\x3d\x20\x62\x70\x66\x5f\x68\
\x74\x6f\x6e\x73\x28\x45\x54\x48\x5f\x50\x5f\x49\x50\x29\x29\x20\x72\x65\x74\
\x75\x72\x6e\x20\x58\x44\x50\x5f\x50\x41\x53\x53\x3b\0\x69\x70\x68\x64\x72\0\
\x69\x68\x6c\0\x76\x65\x72\x73\x69\x6f\x6e\0\x74\x6f\x73\0\x74\x6f\x74\x5f\x6c\
\x65\x6e\0\x69\x64\0\x66\x72\x61\x67\x5f\x6f\x66\x66\0\x74\x74\x6c\0\x70\x72\
\x6f\x74\x6f\x63\x6f\x6c\0\x63\x68\x65\x63\x6b\0\x5f\x5f\x73\x75\x6d\x31\x36\0\
\x61\x64\x64\x72\x73\0\x73\x61\x64\x64\x72\0\x64\x61\x64\x64\x72\0\x5f\x5f\x62\
\x65\x33\x32\0\x20\x20\x20\x20\x69\x66\x20\x28\x69\x70\x2d\x3e\x69\x68\x6c\x20\
\x3c\x20\x35\x29\x20\x72\x65\x74\x75\x72\x6e\x20\x58\x44\x50\x5f\x50\x41\x53\
\x53\x3b\0\x20\x20\x20\x20\x76\x6f\x69\x64\x20\x2a\x6c\x34\x5f\x68\x64\x72\x20\
\x3d\x20\x28\x76\x6f\x69\x64\x20\x2a\x29\x69\x70\x20\x2b\x20\x28\x69\x70\x2d\
\x3e\x69\x68\x6c\x20\x2a\x20\x34\x29\x3b\0\x20\x20\x20\x20\x69\x66\x20\x28\x6c\
\x34\x5f\x68\x64\x72\x20\x3e\x20\x64\x61\x74\x61\x5f\x65\x6e\x64\x29\x20\x72\
\x65\x74\x75\x72\x6e\x20\x58\x44\x50\x5f\x50\x41\x53\x53\x3b\0\x30\x3a\x37\0\
\x20\x20\x20\x20\x69\x66\x20\x28\x69\x70\x2d\x3e\x70\x72\x6f\x74\x6f\x63\x6f\
\x6c\x20\x3d\x3d\x20\x49\x50\x50\x52\x4f\x54\x4f\x5f\x54\x43\x50\x29\x20\x7b\0\
\x20\x20\x20\x20\x20\x20\x20\x20\x20\x20\x20\x20\x69\x66\x20\x28\x28\x76\x6f\
\x69\x64\x20\x2a\x29\x28\x74\x63\x70\x20\x2b\x20\x31\x29\x20\x3e\x20\x64\x61\
\x74\x61\x5f\x65\x6e\x64\x29\x20\x72\x65\x74\x75\x72\x6e\x20\x58\x44\x50\x5f\
\x50\x41\x53\x53\x3b\0\x74\x63\x70\x68\x64\x72\0\x73\x6f\x75\x72\x63\x65\0\x64\
\x65\x73\x74\0\x73\x65\x71\0\x61\x63\x6b\x5f\x73\x65\x71\0\x72\x65\x73\x31\0\
\x64\x6f\x66\x66\0\x66\x69\x6e\0\x73\x79\x6e\0\x72\x73\x74\0\x70\x73\x68\0\x61\
\x63\x6b\0\x75\x72\x67\0\x65\x63\x65\0\x63\x77\x72\0\x77\x69\x6e\x64\x6f\x77\0\
\x75\x72\x67\x5f\x70\x74\x72\0\x20\x20\x20\x20\x20\x20\x20\x20\x20\x20\x20\x20\
\x64\x73\x74\x5f\x70\x6f\x72\x74\x20\x3d\x20\x74\x63\x70\x2d\x3e\x64\x65\x73\
\x74\x3b\0\x20\x20\x20\x20\x20\x20\x20\x20\x20\x20\x20\x20\x73\x72\x63\x5f\x70\
\x6f\x72\x74\x20\x3d\x20\x74\x63\x70\x2d\x3e\x73\x6f\x75\x72\x63\x65\x3b\0\x20\
\x20\x20\x20\x20\x20\x20\x20\x20\x20\x20\x20\x7d\x20\x65\x6c\x73\x65\x20\x69\
\x66\x20\x28\x69\x63\x6d\x70\x2d\x3e\x74\x79\x70\x65\x20\x3d\x3d\x20\x49\x43\
\x4d\x50\x5f\x45\x43\x48\x4f\x52\x45\x50\x4c\x59\x29\x20\x7b\0\x20\x20\x20\x20\
\x7d\x20\x65\x6c\x73\x65\x20\x69\x66\x20\x28\x69\x70\x2d\x3e\x70\x72\x6f\x74\
\x6f\x63\x6f\x6c\x20\x3d\x3d\x20\x49\x50\x50\x52\x4f\x54\x4f\x5f\x55\x44\x50\
\x29\x20\x7b\0\x20\x20\x20\x20\x20\x20\x20\x20\x20\x20\x20\x20\x69\x66\x20\x28\
\x28\x76\x6f\x69\x64\x20\x2a\x29\x28\x75\x64\x70\x20\x2b\x20\x31\x29\x20\x3e\
\x20\x64\x61\x74\x61\x5f\x65\x6e\x64\x29\x20\x72\x65\x74\x75\x72\x6e\x20\x58\
\x44\x50\x5f\x50\x41\x53\x53\x3b\0\x75\x64\x70\x68\x64\x72\0\x6c\x65\x6e\0\x20\
\x20\x20\x20\x20\x20\x20\x20\x20\x20\x20\x20\x64\x73\x74\x5f\x70\x6f\x72\x74\
\x20\x3d\x20\x75\x64\x70\x2d\x3e\x64\x65\x73\x74\x3b\0\x20\x20\x20\x20\x20\x20\
\x20\x20\x20\x20\x20\x20\x73\x72\x63\x5f\x70\x6f\x72\x74\x20\x3d\x20\x75\x64\
\x70\x2d\x3e\x73\x6f\x75\x72\x63\x65\x3b\0\x20\x20\x20\x20\x7d\x20\x65\x6c\x73\
\x65\x20\x69\x66\x20\x28\x69\x70\x2d\x3e\x70\x72\x6f\x74\x6f\x63\x6f\x6c\x20\
\x3d\x3d\x20\x49\x50\x50\x52\x4f\x54\x4f\x5f\x49\x43\x4d\x50\x29\x20\x7b\0\x69\
\x63\x6d\x70\x68\x64\x72\0\x63\x6f\x64\x65\0\x63\x68\x65\x63\x6b\x73\x75\x6d\0\
\x75\x6e\0\x65\x63\x68\x6f\0\x67\x61\x74\x65\x77\x61\x79\0\x66\x72\x61\x67\0\
\x72\x65\x73\x65\x72\x76\x65\x64\0\x73\x65\x71\x75\x65\x6e\x63\x65\0\x5f\x5f\
\x75\x6e\x75\x73\x65\x64\0\x6d\x74\x75\0\x20\x20\x20\x20\x20\x20\x20\x20\x20\
\x20\x20\x20\x69\x66\x20\x28\x69\x63\x6d\x70\x2d\x3e\x74\x79\x70\x65\x20\x3d\
\x3d\x20\x49\x43\x4d\x50\x5f\x45\x43\x48\x4f\x29\x20\x7b\0\x20\x20\x20\x20\x20\
\x20\x20\x20\x20\x20\x20\x20\x20\x20\x20\x20\x73\x72\x63\x5f\x70\x6f\x72\x74\
\x20\x3d\x20\x69\x63\x6d\x70\x2d\x3e\x75\x6e\x2e\x65\x63\x68\x6f\x2e\x69\x64\
\x3b\0\x30\x3a\x33\x3a\x30\x3a\x30\0\x20\x20\x20\x20\x20\x20\x20\x20\x20\x20\
\x20\x20\x20\x20\x20\x20\x64\x73\x74\x5f\x70\x6f\x72\x74\x20\x3d\x20\x69\x63\
\x6d\x70\x2d\x3e\x75\x6e\x2e\x65\x63\x68\x6f\x2e\x69\x64\x3b\0\x20\x20\x20\x20\
\x62\x6f\x6f\x6c\x20\x69\x73\x5f\x77\x61\x6e\x20\x3d\x20\x69\x6e\x66\x6f\x2d\
\x3e\x69\x73\x5f\x77\x61\x6e\x3b\0\x20\x20\x20\x20\x73\x74\x72\x75\x63\x74\x20\
\x4e\x65\x74\x77\x6f\x72\x6b\x5f\x65\x76\x65\x6e\x74\x20\x2a\x65\x20\x3d\x20\
\x62\x70\x66\x5f\x72\x69\x6e\x67\x62\x75\x66\x5f\x72\x65\x73\x65\x72\x76\x65\
\x28\x26\x6e\x65\x74\x77\x6f\x72\x6b\x5f\x72\x69\x6e\x67\x62\x75\x66\x66\x65\
\x72\x2c\x20\x73\x69\x7a\x65\x6f\x66\x28\x2a\x65\x29\x2c\x20\x30\x29\x3b\0\x20\
\x20\x20\x20\x69\x66\x20\x28\x21\x65\x29\x20\x7b\0\x20\x20\x20\x20\x20\x20\x20\
\x20\x62\x70\x66\x5f\x70\x72\x69\x6e\x74\x6b\x28\x22\x5b\x44\x45\x42\x55\x47\
\x5d\x20\x66\x61\x69\x6c\x65\x64\x20\x74\x6f\x20\x72\x65\x73\x65\x72\x76\x65\
\x20\x72\x69\x6e\x67\x62\x75\x66\x20\x65\x6e\x74\x72\x79\x5c\x6e\x22\x29\x3b\0\
\x20\x20\x20\x20\x65\x2d\x3e\x69\x66\x69\x6e\x64\x65\x78\x20\x3d\x20\x63\x74\
\x78\x2d\x3e\x69\x6e\x67\x72\x65\x73\x73\x5f\x69\x66\x69\x6e\x64\x65\x78\x3b\0\
\x20\x20\x20\x20\x65\x2d\x3e\x76\x65\x72\x73\x69\x6f\x6e\x20\x3d\x20\x34\x3b\0\
\x20\x20\x20\x20\x65\x2d\x3e\x70\x6b\x74\x5f\x6c\x65\x6e\x20\x3d\x20\x70\x6b\
\x74\x5f\x6c\x65\x6e\x3b\0\x20\x20\x20\x20\x65\x2d\x3e\x70\x72\x6f\x74\x6f\x63\
\x6f\x6c\x20\x3d\x20\x69\x70\x2d\x3e\x70\x72\x6f\x74\x6f\x63\x6f\x6c\x3b\0\x20\
\x20\x20\x20\x65\x2d\x3e\x69\x73\x5f\x77\x61\x6e\x20\x3d\x20\x69\x73\x5f\x77\
\x61\x6e\x3b\0\x20\x20\x20\x20\x5f\x5f\x62\x75\x69\x6c\x74\x69\x6e\x5f\x6d\x65\
\x6d\x63\x70\x79\x28\x65\x2d\x3e\x6d\x61\x63\x53\x72\x63\x2c\x20\x65\x74\x68\
\x2d\x3e\x68\x5f\x73\x6f\x75\x72\x63\x65\x2c\x20\x36\x29\x3b\0\x20\x20\x20\x20\
\x5f\x5f\x62\x75\x69\x6c\x74\x69\x6e\x5f\x6d\x65\x6d\x63\x70\x79\x28\x65\x2d\
\x3e\x6d\x61\x63\x44\x73\x74\x2c\x20\x65\x74\x68\x2d\x3e\x68\x5f\x64\x65\x73\
\x74\x2c\x20\x36\x29\x3b\0\x30\x3a\x39\x3a\x30\x3a\x30\0\x20\x20\x20\x20\x65\
\x2d\x3e\x69\x70\x53\x72\x63\x20\x3d\x20\x28\x69\x70\x2d\x3e\x73\x61\x64\x64\
\x72\x29\x3b\0\x30\x3a\x39\x3a\x30\x3a\x31\0\x20\x20\x20\x20\x65\x2d\x3e\x69\
\x70\x44\x73\x74\x20\x3d\x20\x28\x69\x70\x2d\x3e\x64\x61\x64\x64\x72\x29\x3b\0\
\x20\x20\x20\x20\x65\x2d\x3e\x70\x6f\x72\x74\x44\x73\x74\x20\x3d\x20\x28\x64\
\x73\x74\x5f\x70\x6f\x72\x74\x29\x3b\0\x20\x20\x20\x20\x65\x2d\x3e\x70\x6f\x72\
\x74\x53\x72\x63\x20\x3d\x20\x28\x73\x72\x63\x5f\x70\x6f\x72\x74\x29\x3b\0\x20\
\x20\x20\x20\x20\x20\x20\x20\x69\x66\x20\x28\x6f\x66\x66\x20\x3e\x3d\x20\x63\
\x6f\x70\x79\x6c\x65\x6e\x29\0\x20\x20\x20\x20\x20\x20\x20\x20\x69\x66\x20\x28\
\x28\x76\x6f\x69\x64\x20\x2a\x29\x28\x28\x63\x68\x61\x72\x20\x2a\x29\x64\x61\
\x74\x61\x20\x2b\x20\x6f\x66\x66\x20\x2b\x20\x43\x48\x55\x4e\x4b\x5f\x53\x49\
\x5a\x45\x29\x20\x3e\x20\x64\x61\x74\x61\x5f\x65\x6e\x64\x29\0\x20\x20\x20\x20\
\x20\x20\x20\x20\x5f\x5f\x62\x75\x69\x6c\x74\x69\x6e\x5f\x6d\x65\x6d\x63\x70\
\x79\x28\x26\x65\x2d\x3e\x52\x61\x77\x50\x61\x63\x6b\x65\x74\x5b\x6f\x66\x66\
\x5d\x2c\0\x20\x20\x20\x20\x20\x20\x20\x20\x65\x2d\x3e\x52\x61\x77\x50\x61\x63\
\x6b\x65\x74\x5b\x6f\x66\x66\x5d\x20\x3d\x20\x28\x28\x63\x68\x61\x72\x20\x2a\
\x29\x64\x61\x74\x61\x29\x5b\x6f\x66\x66\x5d\x3b\0\x20\x20\x20\x20\x69\x66\x20\
\x28\x69\x73\x5f\x77\x61\x6e\x29\x20\0\x20\x20\x20\x20\x20\x20\x20\x20\x6b\x65\
\x79\x2e\x65\x78\x74\x65\x72\x6e\x61\x6c\x5f\x69\x70\x76\x34\x20\x3d\x20\x69\
\x70\x2d\x3e\x73\x61\x64\x64\x72\x3b\0\x20\x20\x20\x20\x20\x20\x20\x20\x6b\x65\
\x79\x2e\x69\x6e\x74\x65\x72\x6e\x61\x6c\x5f\x70\x6f\x72\x74\x20\x3d\x20\x62\
\x70\x66\x5f\x6e\x74\x6f\x68\x73\x28\x64\x73\x74\x5f\x70\x6f\x72\x74\x29\x3b\
\x20\0\x20\x20\x20\x20\x20\x20\x20\x20\x6b\x65\x79\x2e\x65\x78\x74\x65\x72\x6e\
\x61\x6c\x5f\x70\x6f\x72\x74\x20\x3d\x20\x62\x70\x66\x5f\x6e\x74\x6f\x68\x73\
\x28\x73\x72\x63\x5f\x70\x6f\x72\x74\x29\x3b\x20\0\x20\x20\x20\x20\x20\x20\x20\
\x20\x6b\x65\x79\x2e\x70\x72\x6f\x74\x6f\x63\x6f\x6c\x5f\x6e\x75\x6d\x62\x65\
\x72\x20\x3d\x20\x69\x70\x2d\x3e\x70\x72\x6f\x74\x6f\x63\x6f\x6c\x3b\0\x20\x20\
\x20\x20\x20\x20\x20\x20\x73\x74\x72\x75\x63\x74\x20\x4e\x41\x54\x5f\x54\x41\
\x42\x4c\x45\x5f\x76\x61\x6c\x75\x65\x5f\x62\x79\x5f\x70\x72\x69\x76\x61\x74\
\x65\x20\x2a\x6e\x61\x74\x5f\x65\x6e\x74\x72\x79\x20\x3d\x20\x62\x70\x66\x5f\
\x6d\x61\x70\x5f\x6c\x6f\x6f\x6b\x75\x70\x5f\x65\x6c\x65\x6d\x28\x26\x6d\x61\
\x70\x5f\x6e\x61\x74\x5f\x74\x61\x62\x6c\x65\x2c\x20\x26\x6b\x65\x79\x29\x3b\0\
\x20\x20\x20\x20\x20\x20\x20\x20\x69\x66\x20\x28\x6e\x61\x74\x5f\x65\x6e\x74\
\x72\x79\x29\x20\x7b\0\x20\x20\x20\x20\x20\x20\x20\x20\x20\x20\x20\x20\x73\x74\
\x72\x75\x63\x74\x20\x69\x6e\x74\x65\x72\x66\x61\x63\x65\x69\x6e\x66\x6f\x20\
\x2a\x6c\x61\x6e\x5f\x69\x6e\x66\x6f\x20\x3d\x20\x67\x65\x74\x5f\x69\x6e\x74\
\x65\x72\x66\x61\x63\x65\x5f\x69\x6e\x66\x6f\x28\x6e\x61\x74\x5f\x65\x6e\x74\
\x72\x79\x2d\x3e\x70\x72\x69\x76\x61\x74\x65\x5f\x69\x66\x69\x6e\x64\x65\x78\
\x29\x3b\0\x20\x20\x20\x20\x20\x20\x20\x20\x20\x20\x20\x20\x69\x66\x28\x6c\x61\
\x6e\x5f\x69\x6e\x66\x6f\x29\0\x20\x20\x20\x20\x5f\x5f\x75\x33\x32\x20\x6f\x6c\
\x64\x5f\x64\x61\x64\x64\x72\x20\x3d\x20\x69\x70\x2d\x3e\x64\x61\x64\x64\x72\
\x3b\0\x20\x20\x20\x20\x69\x66\x20\x28\x6c\x34\x5f\x68\x64\x72\x20\x3e\x20\x64\
\x61\x74\x61\x5f\x65\x6e\x64\x29\x20\x72\x65\x74\x75\x72\x6e\x20\x66\x61\x6c\
\x73\x65\x3b\0\x20\x20\x20\x20\x20\x20\x20\x20\x69\x66\x20\x28\x28\x76\x6f\x69\
\x64\x20\x2a\x29\x28\x74\x63\x70\x20\x2b\x20\x31\x29\x20\x3e\x20\x64\x61\x74\
\x61\x5f\x65\x6e\x64\x29\x20\x72\x65\x74\x75\x72\x6e\x20\x66\x61\x6c\x73\x65\
\x3b\0\x30\x3a\x31\x35\0\x20\x20\x20\x20\x20\x20\x20\x20\x69\x66\x20\x28\x28\
\x76\x6f\x69\x64\x20\x2a\x29\x28\x75\x64\x70\x20\x2b\x20\x31\x29\x20\x3e\x20\
\x64\x61\x74\x61\x5f\x65\x6e\x64\x29\x20\x72\x65\x74\x75\x72\x6e\x20\x66\x61\
\x6c\x73\x65\x3b\0\x20\x20\x20\x20\x20\x20\x20\x20\x69\x66\x20\x28\x75\x64\x70\
\x2d\x3e\x63\x68\x65\x63\x6b\x20\x21\x3d\x20\x30\x29\x20\x7b\0\x20\x20\x20\x20\
\x63\x73\x75\x6d\x20\x2b\x3d\x20\x28\x7e\x28\x6f\x6c\x64\x5f\x76\x61\x6c\x20\
\x26\x20\x30\x78\x66\x66\x66\x66\x29\x29\x20\x26\x20\x30\x78\x66\x66\x66\x66\
\x3b\0\x20\x20\x20\x20\x63\x73\x75\x6d\x20\x2b\x3d\x20\x28\x7e\x28\x6f\x6c\x64\
\x5f\x76\x61\x6c\x20\x3e\x3e\x20\x31\x36\x29\x29\x20\x26\x20\x30\x78\x66\x66\
\x66\x66\x3b\0\x20\x20\x20\x20\x63\x73\x75\x6d\x20\x2b\x3d\x20\x28\x6e\x65\x77\
\x5f\x76\x61\x6c\x20\x26\x20\x30\x78\x66\x66\x66\x66\x29\x3b\0\x20\x20\x20\x20\
\x63\x73\x75\x6d\x20\x2b\x3d\x20\x28\x6e\x65\x77\x5f\x76\x61\x6c\x20\x3e\x3e\
\x20\x31\x36\x29\x3b\0\x20\x20\x20\x20\x5f\x5f\x75\x33\x32\x20\x63\x73\x75\x6d\
\x20\x3d\x20\x28\x7e\x2a\x73\x75\x6d\x29\x20\x26\x20\x30\x78\x66\x66\x66\x66\
\x3b\0\x20\x20\x20\x20\x63\x73\x75\x6d\x20\x3d\x20\x28\x63\x73\x75\x6d\x20\x3e\
\x3e\x20\x31\x36\x29\x20\x2b\x20\x28\x63\x73\x75\x6d\x20\x26\x20\x30\x78\x66\
\x66\x66\x66\x29\x3b\0\x20\x20\x20\x20\x63\x73\x75\x6d\x20\x3d\x20\x28\x63\x73\
\x75\x6d\x20\x3e\x3e\x20\x31\x36\x29\x20\x2b\x20\x28\x63\x73\x75\x6d\x20\x26\
\x20\x30\x78\x66\x66\x66\x66\x29\x3b\x20\0\x20\x20\x20\x20\x2a\x73\x75\x6d\x20\
\x3d\x20\x7e\x63\x73\x75\x6d\x3b\0\x30\x3a\x38\0\x20\x20\x20\x20\x69\x70\x2d\
\x3e\x64\x61\x64\x64\x72\x20\x3d\x20\x6e\x65\x77\x5f\x64\x61\x64\x64\x72\x3b\0\
\x20\x20\x20\x20\x20\x20\x20\x20\x5f\x5f\x62\x75\x69\x6c\x74\x69\x6e\x5f\x6d\
\x65\x6d\x63\x70\x79\x28\x65\x74\x68\x2d\x3e\x68\x5f\x73\x6f\x75\x72\x63\x65\
\x2c\x20\x6c\x61\x6e\x5f\x69\x6e\x66\x6f\x2d\x3e\x6d\x61\x63\x5f\x61\x64\x64\
\x72\x2c\x20\x36\x29\x3b\0\x20\x20\x20\x20\x20\x20\x20\x20\x5f\x5f\x62\x75\x69\
\x6c\x74\x69\x6e\x5f\x6d\x65\x6d\x63\x70\x79\x28\x65\x74\x68\x2d\x3e\x68\x5f\
\x64\x65\x73\x74\x2c\x20\x6e\x61\x74\x2d\x3e\x68\x6f\x73\x74\x5f\x6d\x61\x63\
\x2c\x20\x36\x29\x3b\0\x20\x20\x20\x20\x20\x20\x20\x20\x20\x20\x20\x20\x20\x20\
\x20\x20\x20\x20\x20\x20\x5f\x5f\x62\x75\x69\x6c\x74\x69\x6e\x5f\x6d\x65\x6d\
\x63\x70\x79\x28\x65\x2d\x3e\x6d\x61\x63\x53\x72\x63\x2c\x20\x6c\x61\x6e\x5f\
\x69\x6e\x66\x6f\x2d\x3e\x6d\x61\x63\x5f\x61\x64\x64\x72\x2c\x20\x36\x29\x3b\0\
\x20\x20\x20\x20\x20\x20\x20\x20\x20\x20\x20\x20\x20\x20\x20\x20\x20\x20\x20\
\x20\x5f\x5f\x62\x75\x69\x6c\x74\x69\x6e\x5f\x6d\x65\x6d\x63\x70\x79\x28\x65\
\x2d\x3e\x6d\x61\x63\x44\x73\x74\x2c\x20\x6e\x61\x74\x5f\x65\x6e\x74\x72\x79\
\x2d\x3e\x68\x6f\x73\x74\x5f\x6d\x61\x63\x2c\x20\x36\x29\x3b\0\x20\x20\x20\x20\
\x20\x20\x20\x20\x20\x20\x20\x20\x20\x20\x20\x20\x20\x20\x20\x20\x65\x2d\x3e\
\x69\x70\x53\x72\x63\x20\x3d\x20\x28\x69\x70\x2d\x3e\x73\x61\x64\x64\x72\x29\
\x3b\0\x20\x20\x20\x20\x20\x20\x20\x20\x20\x20\x20\x20\x20\x20\x20\x20\x20\x20\
\x20\x20\x65\x2d\x3e\x69\x70\x44\x73\x74\x20\x3d\x20\x6e\x61\x74\x5f\x65\x6e\
\x74\x72\x79\x2d\x3e\x70\x72\x69\x76\x61\x74\x65\x5f\x69\x70\x76\x34\x3b\x20\0\
\x20\x20\x20\x20\x20\x20\x20\x20\x20\x20\x20\x20\x20\x20\x20\x20\x20\x20\x20\
\x20\x65\x2d\x3e\x70\x6f\x72\x74\x53\x72\x63\x20\x3d\x20\x28\x73\x72\x63\x5f\
\x70\x6f\x72\x74\x29\x3b\0\x20\x20\x20\x20\x20\x20\x20\x20\x20\x20\x20\x20\x20\
\x20\x20\x20\x20\x20\x20\x20\x65\x2d\x3e\x70\x6f\x72\x74\x44\x73\x74\x20\x3d\
\x20\x28\x20\x6e\x61\x74\x5f\x65\x6e\x74\x72\x79\x2d\x3e\x70\x72\x69\x76\x61\
\x74\x65\x5f\x70\x6f\x72\x74\x29\x3b\0\x20\x20\x20\x20\x20\x20\x20\x20\x20\x20\
\x20\x20\x20\x20\x20\x20\x20\x20\x20\x20\x62\x70\x66\x5f\x72\x69\x6e\x67\x62\
\x75\x66\x5f\x73\x75\x62\x6d\x69\x74\x28\x65\x2c\x20\x30\x29\x3b\0\x20\x20\x20\
\x20\x20\x20\x20\x20\x20\x20\x20\x20\x20\x20\x20\x20\x20\x20\x20\x20\x72\x65\
\x74\x75\x72\x6e\x20\x62\x70\x66\x5f\x72\x65\x64\x69\x72\x65\x63\x74\x28\x6e\
\x61\x74\x5f\x65\x6e\x74\x72\x79\x2d\x3e\x70\x72\x69\x76\x61\x74\x65\x5f\x69\
\x66\x69\x6e\x64\x65\x78\x2c\x20\x30\x29\x3b\0\x20\x20\x20\x20\x20\x20\x20\x20\
\x20\x20\x20\x20\x72\x65\x74\x75\x72\x6e\x20\x62\x70\x66\x5f\x72\x65\x64\x69\
\x72\x65\x63\x74\x28\x77\x61\x6e\x5f\x69\x6e\x66\x6f\x2d\x3e\x69\x66\x69\x6e\
\x64\x65\x78\x2c\x20\x30\x29\x3b\0\x20\x20\x20\x20\x69\x6e\x74\x20\x6b\x65\x79\
\x20\x3d\x20\x30\x3b\0\x20\x20\x20\x20\x69\x6e\x74\x20\x2a\x77\x61\x6e\x5f\x69\
\x66\x69\x6e\x64\x65\x78\x5f\x70\x74\x72\x20\x3d\x20\x62\x70\x66\x5f\x6d\x61\
\x70\x5f\x6c\x6f\x6f\x6b\x75\x70\x5f\x65\x6c\x65\x6d\x28\x26\x6d\x61\x70\x5f\
\x77\x61\x6e\x5f\x69\x64\x78\x2c\x20\x26\x6b\x65\x79\x29\x3b\0\x20\x20\x20\x20\
\x69\x66\x20\x28\x21\x77\x61\x6e\x5f\x69\x66\x69\x6e\x64\x65\x78\x5f\x70\x74\
\x72\x29\x20\x72\x65\x74\x75\x72\x6e\x20\x4e\x55\x4c\x4c\x3b\0\x20\x20\x20\x20\
\x69\x6e\x74\x20\x77\x61\x6e\x5f\x69\x66\x69\x6e\x64\x65\x78\x20\x3d\x20\x2a\
\x77\x61\x6e\x5f\x69\x66\x69\x6e\x64\x65\x78\x5f\x70\x74\x72\x3b\0\x20\x20\x20\
\x20\x69\x66\x20\x28\x77\x61\x6e\x5f\x69\x66\x69\x6e\x64\x65\x78\x20\x3d\x3d\
\x20\x30\x29\x20\x72\x65\x74\x75\x72\x6e\x20\x4e\x55\x4c\x4c\x3b\0\x20\x20\x20\
\x20\x72\x65\x74\x75\x72\x6e\x20\x62\x70\x66\x5f\x6d\x61\x70\x5f\x6c\x6f\x6f\
\x6b\x75\x70\x5f\x65\x6c\x65\x6d\x28\x26\x6d\x61\x70\x5f\x69\x6e\x74\x65\x72\
\x66\x61\x63\x65\x5f\x69\x6e\x66\x6f\x2c\x20\x26\x77\x61\x6e\x5f\x69\x66\x69\
\x6e\x64\x65\x78\x29\x3b\0\x20\x20\x20\x20\x20\x20\x20\x20\x69\x66\x20\x28\x21\
\x77\x61\x6e\x5f\x69\x6e\x66\x6f\x29\x7b\0\x20\x20\x20\x20\x20\x20\x20\x20\x69\
\x66\x20\x28\x69\x73\x5f\x6c\x6f\x63\x61\x6c\x5f\x69\x70\x28\x69\x70\x2d\x3e\
\x64\x61\x64\x64\x72\x29\x29\x20\x7b\0\x20\x20\x20\x20\x5f\x5f\x75\x38\x20\x2a\
\x65\x78\x69\x73\x74\x73\x20\x3d\x20\x62\x70\x66\x5f\x6d\x61\x70\x5f\x6c\x6f\
\x6f\x6b\x75\x70\x5f\x65\x6c\x65\x6d\x28\x26\x6d\x61\x70\x5f\x6c\x6f\x63\x61\
\x6c\x5f\x69\x70\x73\x2c\x20\x26\x69\x70\x29\x3b\0\x20\x20\x20\x20\x20\x20\x20\
\x20\x20\x20\x20\x20\x62\x70\x66\x5f\x72\x69\x6e\x67\x62\x75\x66\x5f\x64\x69\
\x73\x63\x61\x72\x64\x28\x65\x2c\x20\x30\x29\x3b\0\x20\x20\x20\x20\x69\x66\x20\
\x28\x69\x70\x2d\x3e\x69\x68\x6c\x20\x3c\x20\x35\x29\x20\x72\x65\x74\x75\x72\
\x6e\x20\x66\x61\x6c\x73\x65\x3b\0\x20\x20\x20\x20\x6b\x65\x79\x2e\x65\x78\x74\
\x65\x72\x6e\x61\x6c\x5f\x69\x70\x76\x34\x20\x3d\x20\x69\x70\x2d\x3e\x64\x61\
\x64\x64\x72\x3b\x20\x20\x20\x20\x20\x20\x20\0\x20\x20\x20\x20\x6b\x65\x79\x2e\
\x65\x78\x74\x65\x72\x6e\x61\x6c\x5f\x70\x6f\x72\x74\x20\x3d\x20\x62\x70\x66\
\x5f\x6e\x74\x6f\x68\x73\x28\x2a\x64\x73\x74\x5f\x70\x6f\x72\x74\x29\x3b\x20\0\
\x20\x20\x20\x20\x6b\x65\x79\x2e\x69\x6e\x74\x65\x72\x6e\x61\x6c\x5f\x70\x6f\
\x72\x74\x20\x3d\x20\x62\x70\x66\x5f\x6e\x74\x6f\x68\x73\x28\x2a\x73\x72\x63\
\x5f\x70\x6f\x72\x74\x29\x3b\x20\0\x20\x20\x20\x20\x6b\x65\x79\x2e\x70\x72\x6f\
\x74\x6f\x63\x6f\x6c\x5f\x6e\x75\x6d\x62\x65\x72\x20\x3d\x20\x69\x70\x2d\x3e\
\x70\x72\x6f\x74\x6f\x63\x6f\x6c\x3b\0\x20\x20\x20\x20\x76\x61\x6c\x75\x65\x2e\
\x70\x72\x69\x76\x61\x74\x65\x5f\x69\x70\x76\x34\x20\x3d\x20\x69\x70\x2d\x3e\
\x73\x61\x64\x64\x72\x3b\0\x20\x20\x20\x20\x76\x61\x6c\x75\x65\x2e\x70\x72\x69\
\x76\x61\x74\x65\x5f\x70\x6f\x72\x74\x20\x3d\x20\x62\x70\x66\x5f\x6e\x74\x6f\
\x68\x73\x28\x2a\x73\x72\x63\x5f\x70\x6f\x72\x74\x29\x3b\0\x20\x20\x20\x20\x76\
\x61\x6c\x75\x65\x2e\x70\x72\x6f\x74\x6f\x63\x6f\x6c\x5f\x6e\x75\x6d\x62\x65\
\x72\x20\x3d\x20\x69\x70\x2d\x3e\x70\x72\x6f\x74\x6f\x63\x6f\x6c\x3b\0\x20\x20\
\x20\x20\x76\x61\x6c\x75\x65\x2e\x70\x72\x69\x76\x61\x74\x65\x5f\x69\x66\x69\
\x6e\x64\x65\x78\x20\x3d\x20\x63\x74\x78\x2d\x3e\x69\x6e\x67\x72\x65\x73\x73\
\x5f\x69\x66\x69\x6e\x64\x65\x78\x3b\0\x20\x20\x20\x20\x5f\x5f\x62\x75\x69\x6c\
\x74\x69\x6e\x5f\x6d\x65\x6d\x63\x70\x79\x28\x76\x61\x6c\x75\x65\x2e\x68\x6f\
\x73\x74\x5f\x6d\x61\x63\x2c\x20\x65\x74\x68\x2d\x3e\x68\x5f\x73\x6f\x75\x72\
\x63\x65\x2c\x20\x36\x29\x3b\x20\0\x20\x20\x20\x20\x62\x70\x66\x5f\x6d\x61\x70\
\x5f\x75\x70\x64\x61\x74\x65\x5f\x65\x6c\x65\x6d\x28\x26\x6d\x61\x70\x5f\x6e\
\x61\x74\x5f\x74\x61\x62\x6c\x65\x2c\x20\x26\x6b\x65\x79\x2c\x20\x26\x76\x61\
\x6c\x75\x65\x2c\x20\x42\x50\x46\x5f\x41\x4e\x59\x29\x3b\0\x20\x20\x20\x20\x5f\
\x5f\x75\x33\x32\x20\x6e\x65\x77\x5f\x73\x61\x64\x64\x72\x20\x3d\x20\x77\x61\
\x6e\x5f\x69\x6e\x66\x6f\x2d\x3e\x69\x70\x76\x34\x3b\0\x20\x20\x20\x20\x5f\x5f\
\x75\x33\x32\x20\x6f\x6c\x64\x5f\x73\x61\x64\x64\x72\x20\x3d\x20\x69\x70\x2d\
\x3e\x73\x61\x64\x64\x72\x3b\0\x20\x20\x20\x20\x20\x20\x20\x20\x69\x66\x20\x28\
\x28\x76\x6f\x69\x64\x20\x2a\x29\x28\x74\x63\x70\x20\x2b\x20\x31\x29\x20\x3e\
\x20\x64\x61\x74\x61\x5f\x65\x6e\x64\x29\x20\x72\x65\x74\x75\x72\x6e\x20\x66\
\x61\x6c\x73\x65\x3b\x20\0\x20\x20\x20\x20\x20\x20\x20\x20\x69\x66\x20\x28\x75\
\x64\x70\x2d\x3e\x63\x68\x65\x63\x6b\x20\x21\x3d\x20\x30\x29\x20\x63\x73\x75\
\x6d\x5f\x72\x65\x70\x6c\x61\x63\x65\x34\x28\x26\x75\x64\x70\x2d\x3e\x63\x68\
\x65\x63\x6b\x2c\x20\x6f\x6c\x64\x5f\x73\x61\x64\x64\x72\x2c\x20\x6e\x65\x77\
\x5f\x73\x61\x64\x64\x72\x29\x3b\0\x20\x20\x20\x20\x69\x70\x2d\x3e\x73\x61\x64\
\x64\x72\x20\x3d\x20\x6e\x65\x77\x5f\x73\x61\x64\x64\x72\x3b\0\x20\x20\x20\x20\
\x5f\x5f\x62\x75\x69\x6c\x74\x69\x6e\x5f\x6d\x65\x6d\x63\x70\x79\x28\x65\x74\
\x68\x2d\x3e\x68\x5f\x73\x6f\x75\x72\x63\x65\x2c\x20\x77\x61\x6e\x5f\x69\x6e\
\x66\x6f\x2d\x3e\x6d\x61\x63\x5f\x61\x64\x64\x72\x2c\x20\x36\x29\x3b\0\x20\x20\
\x20\x20\x5f\x5f\x62\x75\x69\x6c\x74\x69\x6e\x5f\x6d\x65\x6d\x63\x70\x79\x28\
\x65\x74\x68\x2d\x3e\x68\x5f\x64\x65\x73\x74\x2c\x20\x77\x61\x6e\x5f\x69\x6e\
\x66\x6f\x2d\x3e\x67\x77\x5f\x6d\x61\x63\x5f\x61\x64\x64\x72\x2c\x20\x36\x29\
\x3b\0\x20\x20\x20\x20\x20\x20\x20\x20\x20\x20\x20\x20\x62\x70\x66\x5f\x72\x69\
\x6e\x67\x62\x75\x66\x5f\x73\x75\x62\x6d\x69\x74\x28\x65\x2c\x20\x30\x29\x3b\0\
\x20\x20\x20\x20\x62\x70\x66\x5f\x72\x69\x6e\x67\x62\x75\x66\x5f\x73\x75\x62\
\x6d\x69\x74\x28\x65\x2c\x20\x30\x29\x3b\0\x7d\0\x63\x68\x61\x72\0\x78\x64\x70\
\x5f\x70\x61\x63\x6b\x65\x74\x5f\x68\x61\x6e\x64\x6c\x65\x72\x2e\x5f\x5f\x5f\
\x5f\x66\x6d\x74\0\x4c\x49\x43\x45\x4e\x53\x45\0\x2e\x6d\x61\x70\x73\0\x2e\x72\
\x6f\x64\x61\x74\x61\0\x6c\x69\x63\x65\x6e\x73\x65\0\x9f\xeb\x01\0\x20\0\0\0\0\
\0\0\0\x14\0\0\0\x14\0\0\0\xbc\x31\0\0\xd0\x31\0\0\x1c\x04\0\0\x08\0\0\0\x0d\
\x02\0\0\x01\0\0\0\0\0\0\0\x30\0\0\0\x10\0\0\0\x0d\x02\0\0\x1b\x03\0\0\0\0\0\0\
\x11\x02\0\0\x3a\x02\0\0\0\x44\0\0\x08\0\0\0\x11\x02\0\0\x69\x02\0\0\x25\x50\0\
\0\x10\0\0\0\x11\x02\0\0\x97\x02\0\0\x29\x4c\0\0\x20\0\0\0\x11\x02\0\0\xc9\x02\
\0\0\x11\x58\0\0\x28\0\0\0\x11\x02\0\0\xf2\x02\0\0\x16\x64\0\0\x38\0\0\0\x11\
\x02\0\0\xf2\x02\0\0\x1b\x64\0\0\x40\0\0\0\x11\x02\0\0\x2d\x03\0\0\x3a\x6c\0\0\
\x68\0\0\0\x78\x03\0\0\x9c\x03\0\0\x0c\x38\x01\0\x88\0\0\0\x11\x02\0\0\xdb\x03\
\0\0\x09\x70\0\0\x90\0\0\0\x11\x02\0\0\x3b\x04\0\0\x0e\x78\0\0\x98\0\0\0\x11\
\x02\0\0\x3b\x04\0\0\x16\x78\0\0\xb8\0\0\0\x11\x02\0\0\xd7\x04\0\0\x0d\x8c\0\0\
\xc8\0\0\0\x11\x02\0\0\xd7\x04\0\0\x11\x8c\0\0\xd0\0\0\0\x11\x02\0\0\xfd\x04\0\
\0\x26\x90\0\0\xd8\0\0\0\x11\x02\0\0\xfd\x04\0\0\x2a\x90\0\0\xe8\0\0\0\x11\x02\
\0\0\xfd\x04\0\0\x1f\x90\0\0\xf8\0\0\0\x11\x02\0\0\x2c\x05\0\0\x10\x94\0\0\0\
\x01\0\0\x11\x02\0\0\x5c\x05\0\0\x0d\xa8\0\0\x08\x01\0\0\x11\x02\0\0\x5c\x05\0\
\0\x16\xa8\0\0\x10\x01\0\0\x11\x02\0\0\x83\x05\0\0\x1e\xb0\0\0\x20\x01\0\0\x11\
\x02\0\0\x83\x05\0\0\x23\xb0\0\0\x40\x01\0\0\x11\x02\0\0\x1a\x06\0\0\x1d\xb8\0\
\0\x48\x01\0\0\x11\x02\0\0\x3c\x06\0\0\x1d\xb4\0\0\x60\x01\0\0\x11\x02\0\0\x60\
\x06\0\0\x0d\xf0\0\0\x68\x01\0\0\x11\x02\0\0\x97\x06\0\0\x14\xbc\0\0\x70\x01\0\
\0\x11\x02\0\0\x97\x06\0\0\x1d\xbc\0\0\x78\x01\0\0\x11\x02\0\0\xc5\x06\0\0\x1e\
\xc4\0\0\x88\x01\0\0\x11\x02\0\0\xc5\x06\0\0\x23\xc4\0\0\xa8\x01\0\0\x11\x02\0\
\0\x0f\x07\0\0\x1d\xcc\0\0\xb0\x01\0\0\x11\x02\0\0\x31\x07\0\0\x1d\xc8\0\0\xc8\
\x01\0\0\x11\x02\0\0\x60\x06\0\0\x0d\xf0\0\0\xd0\x01\0\0\x11\x02\0\0\x55\x07\0\
\0\x14\xd0\0\0\xd8\x01\0\0\x11\x02\0\0\x55\x07\0\0\x1d\xd0\0\0\xf8\x01\0\0\x11\
\x02\0\0\xce\x07\0\0\x17\xe0\0\0\0\x02\0\0\x11\x02\0\0\xce\x07\0\0\x1c\xe0\0\0\
\x28\x02\0\0\x11\x02\0\0\xf9\x07\0\0\x2a\xe8\0\0\x38\x02\0\0\x11\x02\0\0\x60\
\x06\0\0\x0d\xf0\0\0\x48\x02\0\0\x11\x02\0\0\x60\x06\0\0\x1e\xf0\0\0\x50\x02\0\
\0\x11\x02\0\0\x60\x06\0\0\x23\xf0\0\0\x78\x02\0\0\x11\x02\0\0\x2e\x08\0\0\x2a\
\xfc\0\0\x90\x02\0\0\x11\x02\0\0\x5b\x08\0\0\x19\x24\x01\0\x98\x02\0\0\x11\x02\
\0\0\x7b\x08\0\0\x1f\x30\x01\0\xc0\x02\0\0\x11\x02\0\0\xd2\x08\0\0\x09\x34\x01\
\0\xc8\x02\0\0\x11\x02\0\0\xe0\x08\0\0\x09\x38\x01\0\x08\x03\0\0\x11\x02\0\0\
\x21\x09\0\0\x17\x44\x01\0\x20\x03\0\0\x11\x02\0\0\x48\x09\0\0\x10\x4c\x01\0\
\x28\x03\0\0\x11\x02\0\0\x5c\x09\0\0\x10\x48\x01\0\x80\x03\0\0\x11\x02\0\0\x21\
\x09\0\0\x10\x44\x01\0\xd0\x03\0\0\x11\x02\0\0\x48\x09\0\0\x10\x4c\x01\0\xe8\
\x03\0\0\x11\x02\0\0\x76\x09\0\0\x17\x50\x01\0\xf8\x03\0\0\x11\x02\0\0\x96\x09\
\0\0\x0f\x54\x01\0\0\x04\0\0\x11\x02\0\0\x76\x09\0\0\x11\x50\x01\0\x38\x04\0\0\
\x11\x02\0\0\xae\x09\0\0\x05\x5c\x01\0\xb0\x04\0\0\x11\x02\0\0\xe1\x09\0\0\x05\
\x60\x01\0\x10\x05\0\0\x11\x02\0\0\x1a\x0a\0\0\x15\x64\x01\0\x18\x05\0\0\x11\
\x02\0\0\x1a\x0a\0\0\x0e\x64\x01\0\x68\x05\0\0\x11\x02\0\0\x3e\x0a\0\0\x15\x68\
\x01\0\x78\x05\0\0\x11\x02\0\0\x5a\x0a\0\0\x10\x70\x01\0\xa8\x05\0\0\x11\x02\0\
\0\x77\x0a\0\0\x10\x6c\x01\0\xd8\x05\0\0\x11\x02\0\0\x3e\x0a\0\0\x0e\x68\x01\0\
\x28\x06\0\0\x11\x02\0\0\x77\x0a\0\0\x10\x6c\x01\0\x30\x06\0\0\x11\x02\0\0\x94\
\x0a\0\0\x11\xa8\x01\0\x40\x06\0\0\x11\x02\0\0\xb0\x0a\0\0\x29\xb4\x01\0\x60\
\x06\0\0\x11\x02\0\0\xb0\x0a\0\0\x37\xb4\x01\0\x78\x06\0\0\x11\x02\0\0\xf2\x0a\
\0\0\x09\xc0\x01\0\x78\x16\0\0\x11\x02\0\0\x94\x0a\0\0\x11\xa8\x01\0\x98\x16\0\
\0\x11\x02\0\0\xf2\x0a\0\0\x09\xc0\x01\0\xa0\x26\0\0\x11\x02\0\0\x94\x0a\0\0\
\x11\xa8\x01\0\xc0\x26\0\0\x11\x02\0\0\xf2\x0a\0\0\x09\xc0\x01\0\xc8\x36\0\0\
\x11\x02\0\0\x94\x0a\0\0\x11\xa8\x01\0\xe8\x36\0\0\x11\x02\0\0\xf2\x0a\0\0\x09\
\xc0\x01\0\xf0\x46\0\0\x11\x02\0\0\x94\x0a\0\0\x11\xa8\x01\0\x10\x47\0\0\x11\
\x02\0\0\xf2\x0a\0\0\x09\xc0\x01\0\x18\x57\0\0\x11\x02\0\0\x94\x0a\0\0\x11\xa8\
\x01\0\x38\x57\0\0\x11\x02\0\0\xf2\x0a\0\0\x09\xc0\x01\0\x40\x67\0\0\x11\x02\0\
\0\x94\x0a\0\0\x11\xa8\x01\0\x60\x67\0\0\x11\x02\0\0\xf2\x0a\0\0\x09\xc0\x01\0\
\x68\x77\0\0\x11\x02\0\0\x94\x0a\0\0\x11\xa8\x01\0\x88\x77\0\0\x11\x02\0\0\xf2\
\x0a\0\0\x09\xc0\x01\0\x90\x87\0\0\x11\x02\0\0\x94\x0a\0\0\x11\xa8\x01\0\xb0\
\x87\0\0\x11\x02\0\0\xf2\x0a\0\0\x09\xc0\x01\0\xb8\x97\0\0\x11\x02\0\0\x94\x0a\
\0\0\x11\xa8\x01\0\xd8\x97\0\0\x11\x02\0\0\xf2\x0a\0\0\x09\xc0\x01\0\xe0\xa7\0\
\0\x11\x02\0\0\x94\x0a\0\0\x11\xa8\x01\0\0\xa8\0\0\x11\x02\0\0\xf2\x0a\0\0\x09\
\xc0\x01\0\x08\xb8\0\0\x11\x02\0\0\x94\x0a\0\0\x11\xa8\x01\0\x28\xb8\0\0\x11\
\x02\0\0\xf2\x0a\0\0\x09\xc0\x01\0\x30\xc8\0\0\x11\x02\0\0\x94\x0a\0\0\x11\xa8\
\x01\0\x50\xc8\0\0\x11\x02\0\0\xf2\x0a\0\0\x09\xc0\x01\0\x58\xd8\0\0\x11\x02\0\
\0\x94\x0a\0\0\x11\xa8\x01\0\x78\xd8\0\0\x11\x02\0\0\xf2\x0a\0\0\x09\xc0\x01\0\
\x80\xe8\0\0\x11\x02\0\0\x94\x0a\0\0\x11\xa8\x01\0\xa0\xe8\0\0\x11\x02\0\0\xf2\
\x0a\0\0\x09\xc0\x01\0\xa8\xf8\0\0\x11\x02\0\0\x94\x0a\0\0\x11\xa8\x01\0\xc8\
\xf8\0\0\x11\x02\0\0\xf2\x0a\0\0\x09\xc0\x01\0\xd0\x08\x01\0\x11\x02\0\0\x94\
\x0a\0\0\x11\xa8\x01\0\xf0\x08\x01\0\x11\x02\0\0\xf2\x0a\0\0\x09\xc0\x01\0\xf8\
\x18\x01\0\x11\x02\0\0\x94\x0a\0\0\x11\xa8\x01\0\x18\x19\x01\0\x11\x02\0\0\xf2\
\x0a\0\0\x09\xc0\x01\0\x20\x29\x01\0\x11\x02\0\0\x94\x0a\0\0\x11\xa8\x01\0\x40\
\x29\x01\0\x11\x02\0\0\xf2\x0a\0\0\x09\xc0\x01\0\x48\x39\x01\0\x11\x02\0\0\x94\
\x0a\0\0\x11\xa8\x01\0\x68\x39\x01\0\x11\x02\0\0\xf2\x0a\0\0\x09\xc0\x01\0\x70\
\x49\x01\0\x11\x02\0\0\x94\x0a\0\0\x11\xa8\x01\0\x90\x49\x01\0\x11\x02\0\0\xf2\
\x0a\0\0\x09\xc0\x01\0\x98\x59\x01\0\x11\x02\0\0\x94\x0a\0\0\x11\xa8\x01\0\xb8\
\x59\x01\0\x11\x02\0\0\xf2\x0a\0\0\x09\xc0\x01\0\xc0\x69\x01\0\x11\x02\0\0\x94\
\x0a\0\0\x11\xa8\x01\0\xe0\x69\x01\0\x11\x02\0\0\xf2\x0a\0\0\x09\xc0\x01\0\xe8\
\x79\x01\0\x11\x02\0\0\x94\x0a\0\0\x11\xa8\x01\0\x08\x7a\x01\0\x11\x02\0\0\xf2\
\x0a\0\0\x09\xc0\x01\0\x10\x8a\x01\0\x11\x02\0\0\x94\x0a\0\0\x11\xa8\x01\0\x30\
\x8a\x01\0\x11\x02\0\0\xf2\x0a\0\0\x09\xc0\x01\0\x38\x9a\x01\0\x11\x02\0\0\x94\
\x0a\0\0\x11\xa8\x01\0\x58\x9a\x01\0\x11\x02\0\0\xf2\x0a\0\0\x09\xc0\x01\0\x60\
\xaa\x01\0\x11\x02\0\0\x94\x0a\0\0\x11\xa8\x01\0\x80\xaa\x01\0\x11\x02\0\0\xf2\
\x0a\0\0\x09\xc0\x01\0\x88\xba\x01\0\x11\x02\0\0\x94\x0a\0\0\x11\xa8\x01\0\xa8\
\xba\x01\0\x11\x02\0\0\xf2\x0a\0\0\x09\xc0\x01\0\xb0\xca\x01\0\x11\x02\0\0\x94\
\x0a\0\0\x11\xa8\x01\0\xd0\xca\x01\0\x11\x02\0\0\xf2\x0a\0\0\x09\xc0\x01\0\xd8\
\xda\x01\0\x11\x02\0\0\x94\x0a\0\0\x11\xa8\x01\0\xf8\xda\x01\0\x11\x02\0\0\xf2\
\x0a\0\0\x09\xc0\x01\0\0\xeb\x01\0\x11\x02\0\0\x94\x0a\0\0\x11\xa8\x01\0\x20\
\xeb\x01\0\x11\x02\0\0\xf2\x0a\0\0\x09\xc0\x01\0\x28\xfb\x01\0\x11\x02\0\0\x94\
\x0a\0\0\x11\xa8\x01\0\x48\xfb\x01\0\x11\x02\0\0\xf2\x0a\0\0\x09\xc0\x01\0\x50\
\x0b\x02\0\x11\x02\0\0\x94\x0a\0\0\x11\xa8\x01\0\x70\x0b\x02\0\x11\x02\0\0\xf2\
\x0a\0\0\x09\xc0\x01\0\x78\x1b\x02\0\x11\x02\0\0\x94\x0a\0\0\x11\xa8\x01\0\x98\
\x1b\x02\0\x11\x02\0\0\xf2\x0a\0\0\x09\xc0\x01\0\xa0\x2b\x02\0\x11\x02\0\0\x94\
\x0a\0\0\x11\xa8\x01\0\xc0\x2b\x02\0\x11\x02\0\0\xf2\x0a\0\0\x09\xc0\x01\0\xd0\
\x3b\x02\0\x11\x02\0\0\x94\x0a\0\0\x11\xe8\x01\0\xf8\x3b\x02\0\x11\x02\0\0\x1f\
\x0b\0\0\x1d\0\x02\0\0\x3c\x02\0\x11\x02\0\0\x1f\x0b\0\0\x1b\0\x02\0\x10\x3c\
\x02\0\x11\x02\0\0\x94\x0a\0\0\x11\xe8\x01\0\x40\x3c\x02\0\x11\x02\0\0\x1f\x0b\
\0\0\x1d\0\x02\0\x48\x3c\x02\0\x11\x02\0\0\x1f\x0b\0\0\x1b\0\x02\0\x58\x3c\x02\
\0\x11\x02\0\0\x94\x0a\0\0\x11\xe8\x01\0\x88\x3c\x02\0\x11\x02\0\0\x1f\x0b\0\0\
\x1d\0\x02\0\x90\x3c\x02\0\x11\x02\0\0\x1f\x0b\0\0\x1b\0\x02\0\xa0\x3c\x02\0\
\x11\x02\0\0\x94\x0a\0\0\x11\xe8\x01\0\xd0\x3c\x02\0\x11\x02\0\0\x1f\x0b\0\0\
\x1d\0\x02\0\xd8\x3c\x02\0\x11\x02\0\0\x1f\x0b\0\0\x1b\0\x02\0\xe8\x3c\x02\0\
\x11\x02\0\0\x94\x0a\0\0\x11\xe8\x01\0\x18\x3d\x02\0\x11\x02\0\0\x1f\x0b\0\0\
\x1d\0\x02\0\x20\x3d\x02\0\x11\x02\0\0\x1f\x0b\0\0\x1b\0\x02\0\x30\x3d\x02\0\
\x11\x02\0\0\x94\x0a\0\0\x11\xe8\x01\0\x60\x3d\x02\0\x11\x02\0\0\x1f\x0b\0\0\
\x1d\0\x02\0\x68\x3d\x02\0\x11\x02\0\0\x1f\x0b\0\0\x1b\0\x02\0\x78\x3d\x02\0\
\x11\x02\0\0\x94\x0a\0\0\x11\xe8\x01\0\xa8\x3d\x02\0\x11\x02\0\0\x1f\x0b\0\0\
\x1d\0\x02\0\xb0\x3d\x02\0\x11\x02\0\0\x1f\x0b\0\0\x1b\0\x02\0\xc0\x3d\x02\0\
\x11\x02\0\0\x94\x0a\0\0\x11\xe8\x01\0\xf0\x3d\x02\0\x11\x02\0\0\x1f\x0b\0\0\
\x1d\0\x02\0\xf8\x3d\x02\0\x11\x02\0\0\x1f\x0b\0\0\x1b\0\x02\0\x08\x3e\x02\0\
\x11\x02\0\0\x94\x0a\0\0\x11\xe8\x01\0\x38\x3e\x02\0\x11\x02\0\0\x1f\x0b\0\0\
\x1d\0\x02\0\x40\x3e\x02\0\x11\x02\0\0\x1f\x0b\0\0\x1b\0\x02\0\x50\x3e\x02\0\
\x11\x02\0\0\x94\x0a\0\0\x11\xe8\x01\0\x80\x3e\x02\0\x11\x02\0\0\x1f\x0b\0\0\
\x1d\0\x02\0\x88\x3e\x02\0\x11\x02\0\0\x1f\x0b\0\0\x1b\0\x02\0\x98\x3e\x02\0\
\x11\x02\0\0\x94\x0a\0\0\x11\xe8\x01\0\xc8\x3e\x02\0\x11\x02\0\0\x1f\x0b\0\0\
\x1d\0\x02\0\xd0\x3e\x02\0\x11\x02\0\0\x1f\x0b\0\0\x1b\0\x02\0\xe0\x3e\x02\0\
\x11\x02\0\0\x94\x0a\0\0\x11\xe8\x01\0\x10\x3f\x02\0\x11\x02\0\0\x1f\x0b\0\0\
\x1d\0\x02\0\x18\x3f\x02\0\x11\x02\0\0\x1f\x0b\0\0\x1b\0\x02\0\x28\x3f\x02\0\
\x11\x02\0\0\x94\x0a\0\0\x11\xe8\x01\0\x58\x3f\x02\0\x11\x02\0\0\x1f\x0b\0\0\
\x1d\0\x02\0\x60\x3f\x02\0\x11\x02\0\0\x1f\x0b\0\0\x1b\0\x02\0\x70\x3f\x02\0\
\x11\x02\0\0\x94\x0a\0\0\x11\xe8\x01\0\xa0\x3f\x02\0\x11\x02\0\0\x1f\x0b\0\0\
\x1d\0\x02\0\xa8\x3f\x02\0\x11\x02\0\0\x1f\x0b\0\0\x1b\0\x02\0\xb8\x3f\x02\0\
\x11\x02\0\0\x94\x0a\0\0\x11\xe8\x01\0\xe8\x3f\x02\0\x11\x02\0\0\x1f\x0b\0\0\
\x1d\0\x02\0\xf0\x3f\x02\0\x11\x02\0\0\x1f\x0b\0\0\x1b\0\x02\0\0\x40\x02\0\x11\
\x02\0\0\x94\x0a\0\0\x11\xe8\x01\0\x30\x40\x02\0\x11\x02\0\0\x1f\x0b\0\0\x1d\0\
\x02\0\x38\x40\x02\0\x11\x02\0\0\x1f\x0b\0\0\x1b\0\x02\0\x48\x40\x02\0\x11\x02\
\0\0\x94\x0a\0\0\x11\xe8\x01\0\x78\x40\x02\0\x11\x02\0\0\x1f\x0b\0\0\x1d\0\x02\
\0\x80\x40\x02\0\x11\x02\0\0\x1f\x0b\0\0\x1b\0\x02\0\x90\x40\x02\0\x11\x02\0\0\
\x94\x0a\0\0\x11\xe8\x01\0\xc0\x40\x02\0\x11\x02\0\0\x1f\x0b\0\0\x1d\0\x02\0\
\xc8\x40\x02\0\x11\x02\0\0\x1f\x0b\0\0\x1b\0\x02\0\xd8\x40\x02\0\x11\x02\0\0\
\x94\x0a\0\0\x11\xe8\x01\0\x08\x41\x02\0\x11\x02\0\0\x1f\x0b\0\0\x1d\0\x02\0\
\x10\x41\x02\0\x11\x02\0\0\x1f\x0b\0\0\x1b\0\x02\0\x20\x41\x02\0\x11\x02\0\0\
\x94\x0a\0\0\x11\xe8\x01\0\x50\x41\x02\0\x11\x02\0\0\x1f\x0b\0\0\x1d\0\x02\0\
\x58\x41\x02\0\x11\x02\0\0\x1f\x0b\0\0\x1b\0\x02\0\x68\x41\x02\0\x11\x02\0\0\
\x94\x0a\0\0\x11\xe8\x01\0\x98\x41\x02\0\x11\x02\0\0\x1f\x0b\0\0\x1d\0\x02\0\
\xa0\x41\x02\0\x11\x02\0\0\x1f\x0b\0\0\x1b\0\x02\0\xb0\x41\x02\0\x11\x02\0\0\
\x94\x0a\0\0\x11\xe8\x01\0\xe0\x41\x02\0\x11\x02\0\0\x1f\x0b\0\0\x1d\0\x02\0\
\xe8\x41\x02\0\x11\x02\0\0\x1f\x0b\0\0\x1b\0\x02\0\xf8\x41\x02\0\x11\x02\0\0\
\x94\x0a\0\0\x11\xe8\x01\0\x28\x42\x02\0\x11\x02\0\0\x1f\x0b\0\0\x1d\0\x02\0\
\x30\x42\x02\0\x11\x02\0\0\x1f\x0b\0\0\x1b\0\x02\0\x40\x42\x02\0\x11\x02\0\0\
\x94\x0a\0\0\x11\xe8\x01\0\x70\x42\x02\0\x11\x02\0\0\x1f\x0b\0\0\x1d\0\x02\0\
\x78\x42\x02\0\x11\x02\0\0\x1f\x0b\0\0\x1b\0\x02\0\x88\x42\x02\0\x11\x02\0\0\
\x94\x0a\0\0\x11\xe8\x01\0\xb8\x42\x02\0\x11\x02\0\0\x1f\x0b\0\0\x1d\0\x02\0\
\xc0\x42\x02\0\x11\x02\0\0\x1f\x0b\0\0\x1b\0\x02\0\xd0\x42\x02\0\x11\x02\0\0\
\x94\x0a\0\0\x11\xe8\x01\0\0\x43\x02\0\x11\x02\0\0\x1f\x0b\0\0\x1d\0\x02\0\x08\
\x43\x02\0\x11\x02\0\0\x1f\x0b\0\0\x1b\0\x02\0\x18\x43\x02\0\x11\x02\0\0\x94\
\x0a\0\0\x11\xe8\x01\0\x48\x43\x02\0\x11\x02\0\0\x1f\x0b\0\0\x1d\0\x02\0\x50\
\x43\x02\0\x11\x02\0\0\x1f\x0b\0\0\x1b\0\x02\0\x60\x43\x02\0\x11\x02\0\0\x94\
\x0a\0\0\x11\xe8\x01\0\x90\x43\x02\0\x11\x02\0\0\x1f\x0b\0\0\x1d\0\x02\0\x98\
\x43\x02\0\x11\x02\0\0\x1f\x0b\0\0\x1b\0\x02\0\xa8\x43\x02\0\x11\x02\0\0\x94\
\x0a\0\0\x11\xe8\x01\0\xd8\x43\x02\0\x11\x02\0\0\x1f\x0b\0\0\x1d\0\x02\0\xe0\
\x43\x02\0\x11\x02\0\0\x1f\x0b\0\0\x1b\0\x02\0\xf0\x43\x02\0\x11\x02\0\0\x94\
\x0a\0\0\x11\xe8\x01\0\x20\x44\x02\0\x11\x02\0\0\x1f\x0b\0\0\x1d\0\x02\0\x28\
\x44\x02\0\x11\x02\0\0\x1f\x0b\0\0\x1b\0\x02\0\x38\x44\x02\0\x11\x02\0\0\x94\
\x0a\0\0\x11\xe8\x01\0\x68\x44\x02\0\x11\x02\0\0\x1f\x0b\0\0\x1d\0\x02\0\x70\
\x44\x02\0\x11\x02\0\0\x1f\x0b\0\0\x1b\0\x02\0\x80\x44\x02\0\x11\x02\0\0\x94\
\x0a\0\0\x11\xe8\x01\0\xb0\x44\x02\0\x11\x02\0\0\x1f\x0b\0\0\x1d\0\x02\0\xb8\
\x44\x02\0\x11\x02\0\0\x1f\x0b\0\0\x1b\0\x02\0\xc8\x44\x02\0\x11\x02\0\0\x94\
\x0a\0\0\x11\xe8\x01\0\xf8\x44\x02\0\x11\x02\0\0\x1f\x0b\0\0\x1d\0\x02\0\0\x45\
\x02\0\x11\x02\0\0\x1f\x0b\0\0\x1b\0\x02\0\x10\x45\x02\0\x11\x02\0\0\x94\x0a\0\
\0\x11\xe8\x01\0\x40\x45\x02\0\x11\x02\0\0\x1f\x0b\0\0\x1d\0\x02\0\x48\x45\x02\
\0\x11\x02\0\0\x1f\x0b\0\0\x1b\0\x02\0\x58\x45\x02\0\x11\x02\0\0\x94\x0a\0\0\
\x11\xe8\x01\0\x88\x45\x02\0\x11\x02\0\0\x1f\x0b\0\0\x1d\0\x02\0\x90\x45\x02\0\
\x11\x02\0\0\x1f\x0b\0\0\x1b\0\x02\0\xa0\x45\x02\0\x11\x02\0\0\x94\x0a\0\0\x11\
\xe8\x01\0\xd0\x45\x02\0\x11\x02\0\0\x1f\x0b\0\0\x1d\0\x02\0\xd8\x45\x02\0\x11\
\x02\0\0\x1f\x0b\0\0\x1b\0\x02\0\xe8\x45\x02\0\x11\x02\0\0\x94\x0a\0\0\x11\xe8\
\x01\0\x18\x46\x02\0\x11\x02\0\0\x1f\x0b\0\0\x1d\0\x02\0\x20\x46\x02\0\x11\x02\
\0\0\x1f\x0b\0\0\x1b\0\x02\0\x30\x46\x02\0\x11\x02\0\0\x94\x0a\0\0\x11\xe8\x01\
\0\x60\x46\x02\0\x11\x02\0\0\x1f\x0b\0\0\x1d\0\x02\0\x68\x46\x02\0\x11\x02\0\0\
\x1f\x0b\0\0\x1b\0\x02\0\x78\x46\x02\0\x11\x02\0\0\x94\x0a\0\0\x11\xe8\x01\0\
\xa8\x46\x02\0\x11\x02\0\0\x1f\x0b\0\0\x1d\0\x02\0\xb0\x46\x02\0\x11\x02\0\0\
\x1f\x0b\0\0\x1b\0\x02\0\xc0\x46\x02\0\x11\x02\0\0\x94\x0a\0\0\x11\xe8\x01\0\
\xf0\x46\x02\0\x11\x02\0\0\x1f\x0b\0\0\x1d\0\x02\0\xf8\x46\x02\0\x11\x02\0\0\
\x1f\x0b\0\0\x1b\0\x02\0\x08\x47\x02\0\x11\x02\0\0\x94\x0a\0\0\x11\xe8\x01\0\
\x38\x47\x02\0\x11\x02\0\0\x1f\x0b\0\0\x1d\0\x02\0\x40\x47\x02\0\x11\x02\0\0\
\x1f\x0b\0\0\x1b\0\x02\0\x50\x47\x02\0\x11\x02\0\0\x94\x0a\0\0\x11\xe8\x01\0\
\x80\x47\x02\0\x11\x02\0\0\x1f\x0b\0\0\x1d\0\x02\0\x88\x47\x02\0\x11\x02\0\0\
\x1f\x0b\0\0\x1b\0\x02\0\x98\x47\x02\0\x11\x02\0\0\x94\x0a\0\0\x11\xe8\x01\0\
\xc8\x47\x02\0\x11\x02\0\0\x1f\x0b\0\0\x1d\0\x02\0\xd0\x47\x02\0\x11\x02\0\0\
\x1f\x0b\0\0\x1b\0\x02\0\xe0\x47\x02\0\x11\x02\0\0\x94\x0a\0\0\x11\xe8\x01\0\
\x10\x48\x02\0\x11\x02\0\0\x1f\x0b\0\0\x1d\0\x02\0\x18\x48\x02\0\x11\x02\0\0\
\x1f\x0b\0\0\x1b\0\x02\0\x28\x48\x02\0\x11\x02\0\0\x94\x0a\0\0\x11\xe8\x01\0\
\x58\x48\x02\0\x11\x02\0\0\x1f\x0b\0\0\x1d\0\x02\0\x60\x48\x02\0\x11\x02\0\0\
\x1f\x0b\0\0\x1b\0\x02\0\x70\x48\x02\0\x11\x02\0\0\x94\x0a\0\0\x11\xe8\x01\0\
\xa0\x48\x02\0\x11\x02\0\0\x1f\x0b\0\0\x1d\0\x02\0\xa8\x48\x02\0\x11\x02\0\0\
\x1f\x0b\0\0\x1b\0\x02\0\xb8\x48\x02\0\x11\x02\0\0\x94\x0a\0\0\x11\xe8\x01\0\
\xe8\x48\x02\0\x11\x02\0\0\x1f\x0b\0\0\x1d\0\x02\0\xf0\x48\x02\0\x11\x02\0\0\
\x1f\x0b\0\0\x1b\0\x02\0\0\x49\x02\0\x11\x02\0\0\x94\x0a\0\0\x11\xe8\x01\0\x30\
\x49\x02\0\x11\x02\0\0\x1f\x0b\0\0\x1d\0\x02\0\x38\x49\x02\0\x11\x02\0\0\x1f\
\x0b\0\0\x1b\0\x02\0\x48\x49\x02\0\x11\x02\0\0\x94\x0a\0\0\x11\xe8\x01\0\x78\
\x49\x02\0\x11\x02\0\0\x1f\x0b\0\0\x1d\0\x02\0\x80\x49\x02\0\x11\x02\0\0\x1f\
\x0b\0\0\x1b\0\x02\0\x90\x49\x02\0\x11\x02\0\0\x94\x0a\0\0\x11\xe8\x01\0\xc0\
\x49\x02\0\x11\x02\0\0\x1f\x0b\0\0\x1d\0\x02\0\xc8\x49\x02\0\x11\x02\0\0\x1f\
\x0b\0\0\x1b\0\x02\0\xd8\x49\x02\0\x11\x02\0\0\x94\x0a\0\0\x11\xe8\x01\0\x08\
\x4a\x02\0\x11\x02\0\0\x1f\x0b\0\0\x1d\0\x02\0\x10\x4a\x02\0\x11\x02\0\0\x1f\
\x0b\0\0\x1b\0\x02\0\x20\x4a\x02\0\x11\x02\0\0\x94\x0a\0\0\x11\xe8\x01\0\x50\
\x4a\x02\0\x11\x02\0\0\x1f\x0b\0\0\x1d\0\x02\0\x58\x4a\x02\0\x11\x02\0\0\x1f\
\x0b\0\0\x1b\0\x02\0\x68\x4a\x02\0\x11\x02\0\0\x94\x0a\0\0\x11\xe8\x01\0\x98\
\x4a\x02\0\x11\x02\0\0\x1f\x0b\0\0\x1d\0\x02\0\xa0\x4a\x02\0\x11\x02\0\0\x1f\
\x0b\0\0\x1b\0\x02\0\xb0\x4a\x02\0\x11\x02\0\0\x94\x0a\0\0\x11\xe8\x01\0\xe0\
\x4a\x02\0\x11\x02\0\0\x1f\x0b\0\0\x1d\0\x02\0\xe8\x4a\x02\0\x11\x02\0\0\x1f\
\x0b\0\0\x1b\0\x02\0\xf8\x4a\x02\0\x11\x02\0\0\x94\x0a\0\0\x11\xe8\x01\0\x28\
\x4b\x02\0\x11\x02\0\0\x1f\x0b\0\0\x1d\0\x02\0\x30\x4b\x02\0\x11\x02\0\0\x1f\
\x0b\0\0\x1b\0\x02\0\x40\x4b\x02\0\x11\x02\0\0\x94\x0a\0\0\x11\xe8\x01\0\x70\
\x4b\x02\0\x11\x02\0\0\x1f\x0b\0\0\x1d\0\x02\0\x78\x4b\x02\0\x11\x02\0\0\x1f\
\x0b\0\0\x1b\0\x02\0\x88\x4b\x02\0\x11\x02\0\0\x94\x0a\0\0\x11\xe8\x01\0\xb8\
\x4b\x02\0\x11\x02\0\0\x1f\x0b\0\0\x1d\0\x02\0\xc0\x4b\x02\0\x11\x02\0\0\x1f\
\x0b\0\0\x1b\0\x02\0\xd0\x4b\x02\0\x11\x02\0\0\x94\x0a\0\0\x11\xe8\x01\0\0\x4c\
\x02\0\x11\x02\0\0\x1f\x0b\0\0\x1d\0\x02\0\x08\x4c\x02\0\x11\x02\0\0\x1f\x0b\0\
\0\x1b\0\x02\0\x18\x4c\x02\0\x11\x02\0\0\x94\x0a\0\0\x11\xe8\x01\0\x48\x4c\x02\
\0\x11\x02\0\0\x1f\x0b\0\0\x1d\0\x02\0\x50\x4c\x02\0\x11\x02\0\0\x1f\x0b\0\0\
\x1b\0\x02\0\x60\x4c\x02\0\x11\x02\0\0\x94\x0a\0\0\x11\xe8\x01\0\x90\x4c\x02\0\
\x11\x02\0\0\x1f\x0b\0\0\x1d\0\x02\0\x98\x4c\x02\0\x11\x02\0\0\x1f\x0b\0\0\x1b\
\0\x02\0\xa8\x4c\x02\0\x11\x02\0\0\x94\x0a\0\0\x11\xe8\x01\0\xd8\x4c\x02\0\x11\
\x02\0\0\x1f\x0b\0\0\x1d\0\x02\0\xe0\x4c\x02\0\x11\x02\0\0\x1f\x0b\0\0\x1b\0\
\x02\0\xf0\x4c\x02\0\x11\x02\0\0\x94\x0a\0\0\x11\xe8\x01\0\x20\x4d\x02\0\x11\
\x02\0\0\x1f\x0b\0\0\x1d\0\x02\0\x28\x4d\x02\0\x11\x02\0\0\x1f\x0b\0\0\x1b\0\
\x02\0\x38\x4d\x02\0\x11\x02\0\0\x94\x0a\0\0\x11\xe8\x01\0\x68\x4d\x02\0\x11\
\x02\0\0\x1f\x0b\0\0\x1d\0\x02\0\x70\x4d\x02\0\x11\x02\0\0\x1f\x0b\0\0\x1b\0\
\x02\0\x80\x4d\x02\0\x11\x02\0\0\x94\x0a\0\0\x11\xe8\x01\0\xb0\x4d\x02\0\x11\
\x02\0\0\x1f\x0b\0\0\x1d\0\x02\0\xb8\x4d\x02\0\x11\x02\0\0\x1f\x0b\0\0\x1b\0\
\x02\0\xc8\x4d\x02\0\x11\x02\0\0\x94\x0a\0\0\x11\xe8\x01\0\xf8\x4d\x02\0\x11\
\x02\0\0\x1f\x0b\0\0\x1d\0\x02\0\0\x4e\x02\0\x11\x02\0\0\x1f\x0b\0\0\x1b\0\x02\
\0\x10\x4e\x02\0\x11\x02\0\0\x94\x0a\0\0\x11\xe8\x01\0\x40\x4e\x02\0\x11\x02\0\
\0\x1f\x0b\0\0\x1d\0\x02\0\x48\x4e\x02\0\x11\x02\0\0\x1f\x0b\0\0\x1b\0\x02\0\
\x58\x4e\x02\0\x11\x02\0\0\x94\x0a\0\0\x11\xe8\x01\0\x88\x4e\x02\0\x11\x02\0\0\
\x1f\x0b\0\0\x1d\0\x02\0\x90\x4e\x02\0\x11\x02\0\0\x1f\x0b\0\0\x1b\0\x02\0\xa0\
\x4e\x02\0\x11\x02\0\0\x94\x0a\0\0\x11\xe8\x01\0\xd0\x4e\x02\0\x11\x02\0\0\x1f\
\x0b\0\0\x1d\0\x02\0\xd8\x4e\x02\0\x11\x02\0\0\x1f\x0b\0\0\x1b\0\x02\0\xe8\x4e\
\x02\0\x11\x02\0\0\x94\x0a\0\0\x11\xe8\x01\0\x18\x4f\x02\0\x11\x02\0\0\x1f\x0b\
\0\0\x1d\0\x02\0\x20\x4f\x02\0\x11\x02\0\0\x1f\x0b\0\0\x1b\0\x02\0\x30\x4f\x02\
\0\x11\x02\0\0\x94\x0a\0\0\x11\xe8\x01\0\x60\x4f\x02\0\x11\x02\0\0\x1f\x0b\0\0\
\x1d\0\x02\0\x68\x4f\x02\0\x11\x02\0\0\x1f\x0b\0\0\x1b\0\x02\0\x78\x4f\x02\0\
\x11\x02\0\0\x94\x0a\0\0\x11\xe8\x01\0\xa8\x4f\x02\0\x11\x02\0\0\x1f\x0b\0\0\
\x1d\0\x02\0\xb0\x4f\x02\0\x11\x02\0\0\x1f\x0b\0\0\x1b\0\x02\0\xc0\x4f\x02\0\
\x11\x02\0\0\x94\x0a\0\0\x11\xe8\x01\0\xf0\x4f\x02\0\x11\x02\0\0\x1f\x0b\0\0\
\x1d\0\x02\0\xf8\x4f\x02\0\x11\x02\0\0\x1f\x0b\0\0\x1b\0\x02\0\x08\x50\x02\0\
\x11\x02\0\0\x94\x0a\0\0\x11\xe8\x01\0\x38\x50\x02\0\x11\x02\0\0\x1f\x0b\0\0\
\x1d\0\x02\0\x40\x50\x02\0\x11\x02\0\0\x1f\x0b\0\0\x1b\0\x02\0\x50\x50\x02\0\
\x11\x02\0\0\x94\x0a\0\0\x11\xe8\x01\0\x80\x50\x02\0\x11\x02\0\0\x1f\x0b\0\0\
\x1d\0\x02\0\x88\x50\x02\0\x11\x02\0\0\x1f\x0b\0\0\x1b\0\x02\0\x98\x50\x02\0\
\x11\x02\0\0\x94\x0a\0\0\x11\xe8\x01\0\xc8\x50\x02\0\x11\x02\0\0\x1f\x0b\0\0\
\x1d\0\x02\0\xd0\x50\x02\0\x11\x02\0\0\x1f\x0b\0\0\x1b\0\x02\0\xe0\x50\x02\0\
\x11\x02\0\0\x94\x0a\0\0\x11\xe8\x01\0\x10\x51\x02\0\x11\x02\0\0\x1f\x0b\0\0\
\x1d\0\x02\0\x18\x51\x02\0\x11\x02\0\0\x1f\x0b\0\0\x1b\0\x02\0\x28\x51\x02\0\
\x11\x02\0\0\x94\x0a\0\0\x11\xe8\x01\0\x58\x51\x02\0\x11\x02\0\0\x1f\x0b\0\0\
\x1d\0\x02\0\x60\x51\x02\0\x11\x02\0\0\x1f\x0b\0\0\x1b\0\x02\0\x70\x51\x02\0\
\x11\x02\0\0\x94\x0a\0\0\x11\xe8\x01\0\xa0\x51\x02\0\x11\x02\0\0\x1f\x0b\0\0\
\x1d\0\x02\0\xa8\x51\x02\0\x11\x02\0\0\x1f\x0b\0\0\x1b\0\x02\0\xb8\x51\x02\0\
\x11\x02\0\0\x94\x0a\0\0\x11\xe8\x01\0\xe8\x51\x02\0\x11\x02\0\0\x1f\x0b\0\0\
\x1d\0\x02\0\xf0\x51\x02\0\x11\x02\0\0\x1f\x0b\0\0\x1b\0\x02\0\0\x52\x02\0\x11\
\x02\0\0\x94\x0a\0\0\x11\xe8\x01\0\x30\x52\x02\0\x11\x02\0\0\x1f\x0b\0\0\x1d\0\
\x02\0\x38\x52\x02\0\x11\x02\0\0\x1f\x0b\0\0\x1b\0\x02\0\x48\x52\x02\0\x11\x02\
\0\0\x94\x0a\0\0\x11\xe8\x01\0\x78\x52\x02\0\x11\x02\0\0\x1f\x0b\0\0\x1d\0\x02\
\0\x80\x52\x02\0\x11\x02\0\0\x1f\x0b\0\0\x1b\0\x02\0\x90\x52\x02\0\x11\x02\0\0\
\x94\x0a\0\0\x11\xe8\x01\0\xc0\x52\x02\0\x11\x02\0\0\x1f\x0b\0\0\x1d\0\x02\0\
\xc8\x52\x02\0\x11\x02\0\0\x1f\x0b\0\0\x1b\0\x02\0\xd8\x52\x02\0\x11\x02\0\0\
\x94\x0a\0\0\x11\xe8\x01\0\x08\x53\x02\0\x11\x02\0\0\x1f\x0b\0\0\x1d\0\x02\0\
\x10\x53\x02\0\x11\x02\0\0\x1f\x0b\0\0\x1b\0\x02\0\x20\x53\x02\0\x11\x02\0\0\
\x94\x0a\0\0\x11\xe8\x01\0\x50\x53\x02\0\x11\x02\0\0\x1f\x0b\0\0\x1d\0\x02\0\
\x58\x53\x02\0\x11\x02\0\0\x1f\x0b\0\0\x1b\0\x02\0\x68\x53\x02\0\x11\x02\0\0\
\x94\x0a\0\0\x11\xe8\x01\0\x98\x53\x02\0\x11\x02\0\0\x1f\x0b\0\0\x1d\0\x02\0\
\xa0\x53\x02\0\x11\x02\0\0\x1f\x0b\0\0\x1b\0\x02\0\xb0\x53\x02\0\x11\x02\0\0\
\x94\x0a\0\0\x11\xe8\x01\0\xe0\x53\x02\0\x11\x02\0\0\x1f\x0b\0\0\x1d\0\x02\0\
\xe8\x53\x02\0\x11\x02\0\0\x1f\x0b\0\0\x1b\0\x02\0\xf8\x53\x02\0\x11\x02\0\0\
\x94\x0a\0\0\x11\xe8\x01\0\x28\x54\x02\0\x11\x02\0\0\x1f\x0b\0\0\x1d\0\x02\0\
\x30\x54\x02\0\x11\x02\0\0\x1f\x0b\0\0\x1b\0\x02\0\x40\x54\x02\0\x11\x02\0\0\
\x94\x0a\0\0\x11\xe8\x01\0\x70\x54\x02\0\x11\x02\0\0\x1f\x0b\0\0\x1d\0\x02\0\
\x78\x54\x02\0\x11\x02\0\0\x1f\x0b\0\0\x1b\0\x02\0\x88\x54\x02\0\x11\x02\0\0\
\x94\x0a\0\0\x11\xe8\x01\0\xb8\x54\x02\0\x11\x02\0\0\x1f\x0b\0\0\x1d\0\x02\0\
\xc0\x54\x02\0\x11\x02\0\0\x1f\x0b\0\0\x1b\0\x02\0\xd0\x54\x02\0\x11\x02\0\0\
\x94\x0a\0\0\x11\xe8\x01\0\0\x55\x02\0\x11\x02\0\0\x1f\x0b\0\0\x1d\0\x02\0\x08\
\x55\x02\0\x11\x02\0\0\x1f\x0b\0\0\x1b\0\x02\0\x18\x55\x02\0\x11\x02\0\0\x94\
\x0a\0\0\x11\xe8\x01\0\x48\x55\x02\0\x11\x02\0\0\x1f\x0b\0\0\x1d\0\x02\0\x50\
\x55\x02\0\x11\x02\0\0\x1f\x0b\0\0\x1b\0\x02\0\x60\x55\x02\0\x11\x02\0\0\x94\
\x0a\0\0\x11\xe8\x01\0\x90\x55\x02\0\x11\x02\0\0\x1f\x0b\0\0\x1d\0\x02\0\x98\
\x55\x02\0\x11\x02\0\0\x1f\x0b\0\0\x1b\0\x02\0\xa8\x55\x02\0\x11\x02\0\0\x94\
\x0a\0\0\x11\xe8\x01\0\xd8\x55\x02\0\x11\x02\0\0\x1f\x0b\0\0\x1d\0\x02\0\xe0\
\x55\x02\0\x11\x02\0\0\x1f\x0b\0\0\x1b\0\x02\0\xf0\x55\x02\0\x11\x02\0\0\x94\
\x0a\0\0\x11\xe8\x01\0\x20\x56\x02\0\x11\x02\0\0\x1f\x0b\0\0\x1d\0\x02\0\x28\
\x56\x02\0\x11\x02\0\0\x1f\x0b\0\0\x1b\0\x02\0\x38\x56\x02\0\x11\x02\0\0\x94\
\x0a\0\0\x11\xe8\x01\0\x68\x56\x02\0\x11\x02\0\0\x1f\x0b\0\0\x1d\0\x02\0\x70\
\x56\x02\0\x11\x02\0\0\x1f\x0b\0\0\x1b\0\x02\0\x80\x56\x02\0\x11\x02\0\0\x94\
\x0a\0\0\x11\xe8\x01\0\xb0\x56\x02\0\x11\x02\0\0\x1f\x0b\0\0\x1d\0\x02\0\xb8\
\x56\x02\0\x11\x02\0\0\x1f\x0b\0\0\x1b\0\x02\0\xc8\x56\x02\0\x11\x02\0\0\x94\
\x0a\0\0\x11\xe8\x01\0\xf8\x56\x02\0\x11\x02\0\0\x1f\x0b\0\0\x1d\0\x02\0\0\x57\
\x02\0\x11\x02\0\0\x1f\x0b\0\0\x1b\0\x02\0\x10\x57\x02\0\x11\x02\0\0\x94\x0a\0\
\0\x11\xe8\x01\0\x40\x57\x02\0\x11\x02\0\0\x1f\x0b\0\0\x1d\0\x02\0\x48\x57\x02\
\0\x11\x02\0\0\x1f\x0b\0\0\x1b\0\x02\0\x58\x57\x02\0\x11\x02\0\0\x94\x0a\0\0\
\x11\xe8\x01\0\x88\x57\x02\0\x11\x02\0\0\x1f\x0b\0\0\x1d\0\x02\0\x90\x57\x02\0\
\x11\x02\0\0\x1f\x0b\0\0\x1b\0\x02\0\xa0\x57\x02\0\x11\x02\0\0\x94\x0a\0\0\x11\
\xe8\x01\0\xd0\x57\x02\0\x11\x02\0\0\x1f\x0b\0\0\x1d\0\x02\0\xd8\x57\x02\0\x11\
\x02\0\0\x1f\x0b\0\0\x1b\0\x02\0\xe8\x57\x02\0\x11\x02\0\0\x94\x0a\0\0\x11\xe8\
\x01\0\x18\x58\x02\0\x11\x02\0\0\x1f\x0b\0\0\x1d\0\x02\0\x20\x58\x02\0\x11\x02\
\0\0\x1f\x0b\0\0\x1b\0\x02\0\x30\x58\x02\0\x11\x02\0\0\x94\x0a\0\0\x11\xe8\x01\
\0\x60\x58\x02\0\x11\x02\0\0\x1f\x0b\0\0\x1d\0\x02\0\x68\x58\x02\0\x11\x02\0\0\
\x1f\x0b\0\0\x1b\0\x02\0\x78\x58\x02\0\x11\x02\0\0\x94\x0a\0\0\x11\xe8\x01\0\
\xa8\x58\x02\0\x11\x02\0\0\x1f\x0b\0\0\x1d\0\x02\0\xb0\x58\x02\0\x11\x02\0\0\
\x1f\x0b\0\0\x1b\0\x02\0\xc0\x58\x02\0\x11\x02\0\0\x94\x0a\0\0\x11\xe8\x01\0\
\xf0\x58\x02\0\x11\x02\0\0\x1f\x0b\0\0\x1d\0\x02\0\xf8\x58\x02\0\x11\x02\0\0\
\x1f\x0b\0\0\x1b\0\x02\0\x08\x59\x02\0\x11\x02\0\0\x94\x0a\0\0\x11\xe8\x01\0\
\x38\x59\x02\0\x11\x02\0\0\x1f\x0b\0\0\x1d\0\x02\0\x40\x59\x02\0\x11\x02\0\0\
\x1f\x0b\0\0\x1b\0\x02\0\x50\x59\x02\0\x11\x02\0\0\x94\x0a\0\0\x11\xe8\x01\0\
\x80\x59\x02\0\x11\x02\0\0\x1f\x0b\0\0\x1d\0\x02\0\x88\x59\x02\0\x11\x02\0\0\
\x1f\x0b\0\0\x1b\0\x02\0\x98\x59\x02\0\x11\x02\0\0\x94\x0a\0\0\x11\xe8\x01\0\
\xc8\x59\x02\0\x11\x02\0\0\x1f\x0b\0\0\x1d\0\x02\0\xd0\x59\x02\0\x11\x02\0\0\
\x1f\x0b\0\0\x1b\0\x02\0\xe0\x59\x02\0\x11\x02\0\0\x94\x0a\0\0\x11\xe8\x01\0\
\x10\x5a\x02\0\x11\x02\0\0\x1f\x0b\0\0\x1d\0\x02\0\x18\x5a\x02\0\x11\x02\0\0\
\x1f\x0b\0\0\x1b\0\x02\0\x28\x5a\x02\0\x11\x02\0\0\x94\x0a\0\0\x11\xe8\x01\0\
\x58\x5a\x02\0\x11\x02\0\0\x1f\x0b\0\0\x1d\0\x02\0\x60\x5a\x02\0\x11\x02\0\0\
\x1f\x0b\0\0\x1b\0\x02\0\x70\x5a\x02\0\x11\x02\0\0\x94\x0a\0\0\x11\xe8\x01\0\
\xa0\x5a\x02\0\x11\x02\0\0\x1f\x0b\0\0\x1d\0\x02\0\xa8\x5a\x02\0\x11\x02\0\0\
\x1f\x0b\0\0\x1b\0\x02\0\xb8\x5a\x02\0\x11\x02\0\0\x94\x0a\0\0\x11\xe8\x01\0\
\xe8\x5a\x02\0\x11\x02\0\0\x1f\x0b\0\0\x1d\0\x02\0\xf0\x5a\x02\0\x11\x02\0\0\
\x1f\x0b\0\0\x1b\0\x02\0\0\x5b\x02\0\x11\x02\0\0\x94\x0a\0\0\x11\xe8\x01\0\x30\
\x5b\x02\0\x11\x02\0\0\x1f\x0b\0\0\x1d\0\x02\0\x38\x5b\x02\0\x11\x02\0\0\x1f\
\x0b\0\0\x1b\0\x02\0\x48\x5b\x02\0\x11\x02\0\0\x94\x0a\0\0\x11\xe8\x01\0\x78\
\x5b\x02\0\x11\x02\0\0\x1f\x0b\0\0\x1d\0\x02\0\x80\x5b\x02\0\x11\x02\0\0\x1f\
\x0b\0\0\x1b\0\x02\0\x90\x5b\x02\0\x11\x02\0\0\x94\x0a\0\0\x11\xe8\x01\0\xc0\
\x5b\x02\0\x11\x02\0\0\x1f\x0b\0\0\x1d\0\x02\0\xc8\x5b\x02\0\x11\x02\0\0\x1f\
\x0b\0\0\x1b\0\x02\0\xd8\x5b\x02\0\x11\x02\0\0\x94\x0a\0\0\x11\xe8\x01\0\x08\
\x5c\x02\0\x11\x02\0\0\x1f\x0b\0\0\x1d\0\x02\0\x10\x5c\x02\0\x11\x02\0\0\x1f\
\x0b\0\0\x1b\0\x02\0\x20\x5c\x02\0\x11\x02\0\0\x94\x0a\0\0\x11\xe8\x01\0\x50\
\x5c\x02\0\x11\x02\0\0\x1f\x0b\0\0\x1d\0\x02\0\x58\x5c\x02\0\x11\x02\0\0\x1f\
\x0b\0\0\x1b\0\x02\0\x68\x5c\x02\0\x11\x02\0\0\x94\x0a\0\0\x11\xe8\x01\0\x98\
\x5c\x02\0\x11\x02\0\0\x1f\x0b\0\0\x1d\0\x02\0\xa0\x5c\x02\0\x11\x02\0\0\x1f\
\x0b\0\0\x1b\0\x02\0\xb0\x5c\x02\0\x11\x02\0\0\x94\x0a\0\0\x11\xe8\x01\0\xe0\
\x5c\x02\0\x11\x02\0\0\x1f\x0b\0\0\x1d\0\x02\0\xe8\x5c\x02\0\x11\x02\0\0\x1f\
\x0b\0\0\x1b\0\x02\0\xf8\x5c\x02\0\x11\x02\0\0\x94\x0a\0\0\x11\xe8\x01\0\x28\
\x5d\x02\0\x11\x02\0\0\x1f\x0b\0\0\x1d\0\x02\0\x30\x5d\x02\0\x11\x02\0\0\x1f\
\x0b\0\0\x1b\0\x02\0\x40\x5d\x02\0\x11\x02\0\0\x94\x0a\0\0\x11\xe8\x01\0\x70\
\x5d\x02\0\x11\x02\0\0\x1f\x0b\0\0\x1d\0\x02\0\x78\x5d\x02\0\x11\x02\0\0\x1f\
\x0b\0\0\x1b\0\x02\0\x88\x5d\x02\0\x11\x02\0\0\x94\x0a\0\0\x11\xe8\x01\0\xb8\
\x5d\x02\0\x11\x02\0\0\x1f\x0b\0\0\x1d\0\x02\0\xc0\x5d\x02\0\x11\x02\0\0\x1f\
\x0b\0\0\x1b\0\x02\0\xd0\x5d\x02\0\x11\x02\0\0\x94\x0a\0\0\x11\xe8\x01\0\0\x5e\
\x02\0\x11\x02\0\0\x1f\x0b\0\0\x1d\0\x02\0\x08\x5e\x02\0\x11\x02\0\0\x1f\x0b\0\
\0\x1b\0\x02\0\x18\x5e\x02\0\x11\x02\0\0\x94\x0a\0\0\x11\xe8\x01\0\x48\x5e\x02\
\0\x11\x02\0\0\x1f\x0b\0\0\x1d\0\x02\0\x50\x5e\x02\0\x11\x02\0\0\x1f\x0b\0\0\
\x1b\0\x02\0\x60\x5e\x02\0\x11\x02\0\0\x94\x0a\0\0\x11\xe8\x01\0\x90\x5e\x02\0\
\x11\x02\0\0\x1f\x0b\0\0\x1d\0\x02\0\x98\x5e\x02\0\x11\x02\0\0\x1f\x0b\0\0\x1b\
\0\x02\0\xa8\x5e\x02\0\x11\x02\0\0\x94\x0a\0\0\x11\xe8\x01\0\xd8\x5e\x02\0\x11\
\x02\0\0\x1f\x0b\0\0\x1d\0\x02\0\xe0\x5e\x02\0\x11\x02\0\0\x1f\x0b\0\0\x1b\0\
\x02\0\xf0\x5e\x02\0\x11\x02\0\0\x94\x0a\0\0\x11\xe8\x01\0\x20\x5f\x02\0\x11\
\x02\0\0\x1f\x0b\0\0\x1d\0\x02\0\x28\x5f\x02\0\x11\x02\0\0\x1f\x0b\0\0\x1b\0\
\x02\0\x38\x5f\x02\0\x11\x02\0\0\x94\x0a\0\0\x11\xe8\x01\0\x68\x5f\x02\0\x11\
\x02\0\0\x1f\x0b\0\0\x1d\0\x02\0\x70\x5f\x02\0\x11\x02\0\0\x1f\x0b\0\0\x1b\0\
\x02\0\x80\x5f\x02\0\x11\x02\0\0\x94\x0a\0\0\x11\xe8\x01\0\xb0\x5f\x02\0\x11\
\x02\0\0\x1f\x0b\0\0\x1d\0\x02\0\xb8\x5f\x02\0\x11\x02\0\0\x1f\x0b\0\0\x1b\0\
\x02\0\xc8\x5f\x02\0\x11\x02\0\0\x94\x0a\0\0\x11\xe8\x01\0\xf8\x5f\x02\0\x11\
\x02\0\0\x1f\x0b\0\0\x1d\0\x02\0\0\x60\x02\0\x11\x02\0\0\x1f\x0b\0\0\x1b\0\x02\
\0\x10\x60\x02\0\x11\x02\0\0\x94\x0a\0\0\x11\xe8\x01\0\x40\x60\x02\0\x11\x02\0\
\0\x1f\x0b\0\0\x1d\0\x02\0\x48\x60\x02\0\x11\x02\0\0\x1f\x0b\0\0\x1b\0\x02\0\
\x58\x60\x02\0\x11\x02\0\0\x94\x0a\0\0\x11\xe8\x01\0\x88\x60\x02\0\x11\x02\0\0\
\x1f\x0b\0\0\x1d\0\x02\0\x90\x60\x02\0\x11\x02\0\0\x1f\x0b\0\0\x1b\0\x02\0\xa0\
\x60\x02\0\x11\x02\0\0\x94\x0a\0\0\x11\xe8\x01\0\xd0\x60\x02\0\x11\x02\0\0\x1f\
\x0b\0\0\x1d\0\x02\0\xd8\x60\x02\0\x11\x02\0\0\x1f\x0b\0\0\x1b\0\x02\0\xe8\x60\
\x02\0\x11\x02\0\0\x94\x0a\0\0\x11\xe8\x01\0\x18\x61\x02\0\x11\x02\0\0\x1f\x0b\
\0\0\x1d\0\x02\0\x20\x61\x02\0\x11\x02\0\0\x1f\x0b\0\0\x1b\0\x02\0\x30\x61\x02\
\0\x11\x02\0\0\x94\x0a\0\0\x11\xe8\x01\0\x60\x61\x02\0\x11\x02\0\0\x1f\x0b\0\0\
\x1d\0\x02\0\x68\x61\x02\0\x11\x02\0\0\x1f\x0b\0\0\x1b\0\x02\0\x78\x61\x02\0\
\x11\x02\0\0\x94\x0a\0\0\x11\xe8\x01\0\xa8\x61\x02\0\x11\x02\0\0\x1f\x0b\0\0\
\x1d\0\x02\0\xb0\x61\x02\0\x11\x02\0\0\x1f\x0b\0\0\x1b\0\x02\0\xc0\x61\x02\0\
\x11\x02\0\0\x94\x0a\0\0\x11\xe8\x01\0\xf0\x61\x02\0\x11\x02\0\0\x1f\x0b\0\0\
\x1d\0\x02\0\xf8\x61\x02\0\x11\x02\0\0\x1f\x0b\0\0\x1b\0\x02\0\x08\x62\x02\0\
\x11\x02\0\0\x94\x0a\0\0\x11\xe8\x01\0\x38\x62\x02\0\x11\x02\0\0\x1f\x0b\0\0\
\x1d\0\x02\0\x40\x62\x02\0\x11\x02\0\0\x1f\x0b\0\0\x1b\0\x02\0\x50\x62\x02\0\
\x11\x02\0\0\x94\x0a\0\0\x11\xe8\x01\0\x80\x62\x02\0\x11\x02\0\0\x1f\x0b\0\0\
\x1d\0\x02\0\x88\x62\x02\0\x11\x02\0\0\x1f\x0b\0\0\x1b\0\x02\0\x98\x62\x02\0\
\x11\x02\0\0\x94\x0a\0\0\x11\xe8\x01\0\xc8\x62\x02\0\x11\x02\0\0\x1f\x0b\0\0\
\x1d\0\x02\0\xd0\x62\x02\0\x11\x02\0\0\x1f\x0b\0\0\x1b\0\x02\0\xe0\x62\x02\0\
\x11\x02\0\0\x94\x0a\0\0\x11\xe8\x01\0\x10\x63\x02\0\x11\x02\0\0\x1f\x0b\0\0\
\x1d\0\x02\0\x18\x63\x02\0\x11\x02\0\0\x1f\x0b\0\0\x1b\0\x02\0\x28\x63\x02\0\
\x11\x02\0\0\x94\x0a\0\0\x11\xe8\x01\0\x58\x63\x02\0\x11\x02\0\0\x1f\x0b\0\0\
\x1d\0\x02\0\x60\x63\x02\0\x11\x02\0\0\x1f\x0b\0\0\x1b\0\x02\0\x70\x63\x02\0\
\x11\x02\0\0\x94\x0a\0\0\x11\xe8\x01\0\xa0\x63\x02\0\x11\x02\0\0\x1f\x0b\0\0\
\x1d\0\x02\0\xa8\x63\x02\0\x11\x02\0\0\x1f\x0b\0\0\x1b\0\x02\0\xb8\x63\x02\0\
\x11\x02\0\0\x94\x0a\0\0\x11\xe8\x01\0\xe8\x63\x02\0\x11\x02\0\0\x1f\x0b\0\0\
\x1d\0\x02\0\xf0\x63\x02\0\x11\x02\0\0\x1f\x0b\0\0\x1b\0\x02\0\0\x64\x02\0\x11\
\x02\0\0\x94\x0a\0\0\x11\xe8\x01\0\x30\x64\x02\0\x11\x02\0\0\x1f\x0b\0\0\x1d\0\
\x02\0\x38\x64\x02\0\x11\x02\0\0\x1f\x0b\0\0\x1b\0\x02\0\x48\x64\x02\0\x11\x02\
\0\0\x94\x0a\0\0\x11\xe8\x01\0\x78\x64\x02\0\x11\x02\0\0\x1f\x0b\0\0\x1d\0\x02\
\0\x80\x64\x02\0\x11\x02\0\0\x1f\x0b\0\0\x1b\0\x02\0\x90\x64\x02\0\x11\x02\0\0\
\x94\x0a\0\0\x11\xe8\x01\0\xc0\x64\x02\0\x11\x02\0\0\x1f\x0b\0\0\x1d\0\x02\0\
\xc8\x64\x02\0\x11\x02\0\0\x1f\x0b\0\0\x1b\0\x02\0\xd8\x64\x02\0\x11\x02\0\0\
\x94\x0a\0\0\x11\xe8\x01\0\x08\x65\x02\0\x11\x02\0\0\x1f\x0b\0\0\x1d\0\x02\0\
\x10\x65\x02\0\x11\x02\0\0\x1f\x0b\0\0\x1b\0\x02\0\x20\x65\x02\0\x11\x02\0\0\
\x94\x0a\0\0\x11\xe8\x01\0\x50\x65\x02\0\x11\x02\0\0\x1f\x0b\0\0\x1d\0\x02\0\
\x58\x65\x02\0\x11\x02\0\0\x1f\x0b\0\0\x1b\0\x02\0\x68\x65\x02\0\x11\x02\0\0\
\x94\x0a\0\0\x11\xe8\x01\0\x98\x65\x02\0\x11\x02\0\0\x1f\x0b\0\0\x1d\0\x02\0\
\xa0\x65\x02\0\x11\x02\0\0\x1f\x0b\0\0\x1b\0\x02\0\xb0\x65\x02\0\x11\x02\0\0\
\x94\x0a\0\0\x11\xe8\x01\0\xe0\x65\x02\0\x11\x02\0\0\x1f\x0b\0\0\x1d\0\x02\0\
\xe8\x65\x02\0\x11\x02\0\0\x1f\x0b\0\0\x1b\0\x02\0\xf8\x65\x02\0\x11\x02\0\0\
\x94\x0a\0\0\x11\xe8\x01\0\x28\x66\x02\0\x11\x02\0\0\x1f\x0b\0\0\x1d\0\x02\0\
\x30\x66\x02\0\x11\x02\0\0\x1f\x0b\0\0\x1b\0\x02\0\x40\x66\x02\0\x11\x02\0\0\
\x94\x0a\0\0\x11\xe8\x01\0\x70\x66\x02\0\x11\x02\0\0\x1f\x0b\0\0\x1d\0\x02\0\
\x78\x66\x02\0\x11\x02\0\0\x1f\x0b\0\0\x1b\0\x02\0\x88\x66\x02\0\x11\x02\0\0\
\x94\x0a\0\0\x11\xe8\x01\0\xb8\x66\x02\0\x11\x02\0\0\x1f\x0b\0\0\x1d\0\x02\0\
\xc0\x66\x02\0\x11\x02\0\0\x1f\x0b\0\0\x1b\0\x02\0\xd0\x66\x02\0\x11\x02\0\0\
\x94\x0a\0\0\x11\xe8\x01\0\0\x67\x02\0\x11\x02\0\0\x1f\x0b\0\0\x1d\0\x02\0\x08\
\x67\x02\0\x11\x02\0\0\x1f\x0b\0\0\x1b\0\x02\0\x18\x67\x02\0\x11\x02\0\0\x94\
\x0a\0\0\x11\xe8\x01\0\x48\x67\x02\0\x11\x02\0\0\x1f\x0b\0\0\x1d\0\x02\0\x50\
\x67\x02\0\x11\x02\0\0\x1f\x0b\0\0\x1b\0\x02\0\x60\x67\x02\0\x11\x02\0\0\x94\
\x0a\0\0\x11\xe8\x01\0\x90\x67\x02\0\x11\x02\0\0\x1f\x0b\0\0\x1d\0\x02\0\x98\
\x67\x02\0\x11\x02\0\0\x1f\x0b\0\0\x1b\0\x02\0\xa8\x67\x02\0\x11\x02\0\0\x94\
\x0a\0\0\x11\xe8\x01\0\xd8\x67\x02\0\x11\x02\0\0\x1f\x0b\0\0\x1d\0\x02\0\xe0\
\x67\x02\0\x11\x02\0\0\x1f\x0b\0\0\x1b\0\x02\0\xf0\x67\x02\0\x11\x02\0\0\x94\
\x0a\0\0\x11\xe8\x01\0\x20\x68\x02\0\x11\x02\0\0\x1f\x0b\0\0\x1d\0\x02\0\x28\
\x68\x02\0\x11\x02\0\0\x1f\x0b\0\0\x1b\0\x02\0\x38\x68\x02\0\x11\x02\0\0\x94\
\x0a\0\0\x11\xe8\x01\0\x68\x68\x02\0\x11\x02\0\0\x1f\x0b\0\0\x1d\0\x02\0\x70\
\x68\x02\0\x11\x02\0\0\x1f\x0b\0\0\x1b\0\x02\0\x80\x68\x02\0\x11\x02\0\0\x94\
\x0a\0\0\x11\xe8\x01\0\xb0\x68\x02\0\x11\x02\0\0\x1f\x0b\0\0\x1d\0\x02\0\xb8\
\x68\x02\0\x11\x02\0\0\x1f\x0b\0\0\x1b\0\x02\0\xc8\x68\x02\0\x11\x02\0\0\x50\
\x0b\0\0\x09\x18\x02\0\xd8\x68\x02\0\x11\x02\0\0\x61\x0b\0\0\x21\x34\x02\0\xe8\
\x68\x02\0\x11\x02\0\0\x88\x0b\0\0\x1d\x3c\x02\0\xf0\x68\x02\0\x11\x02\0\0\x88\
\x0b\0\0\x1b\x3c\x02\0\xf8\x68\x02\0\x11\x02\0\0\xba\x0b\0\0\x1d\x38\x02\0\x08\
\x69\x02\0\x11\x02\0\0\xba\x0b\0\0\x1b\x38\x02\0\x10\x69\x02\0\x11\x02\0\0\x61\
\x0b\0\0\x1b\x34\x02\0\x18\x69\x02\0\x11\x02\0\0\xec\x0b\0\0\x23\x40\x02\0\x20\
\x69\x02\0\x11\x02\0\0\xec\x0b\0\0\x1d\x40\x02\0\x38\x69\x02\0\x11\x02\0\0\x18\
\x0c\0\0\x38\x48\x02\0\x60\x69\x02\0\x11\x02\0\0\x7a\x0c\0\0\x0d\x50\x02\0\x68\
\x69\x02\0\x11\x02\0\0\x93\x0c\0\0\x4c\x58\x02\0\xd0\x69\x02\0\x78\x03\0\0\x9c\
\x03\0\0\x0c\x38\x01\0\xe8\x69\x02\0\x11\x02\0\0\xf0\x0c\0\0\x10\x5c\x02\0\xf0\
\x69\x02\0\x78\x03\0\0\xfd\x04\0\0\x26\xb0\x01\0\xf8\x69\x02\0\x78\x03\0\0\xfd\
\x04\0\0\x2a\xb0\x01\0\x08\x6a\x02\0\x78\x03\0\0\xfd\x04\0\0\x1f\xb0\x01\0\x18\
\x6a\x02\0\x78\x03\0\0\x09\x0d\0\0\x1b\xa4\x01\0\x20\x6a\x02\0\x78\x03\0\0\x2a\
\x0d\0\0\x10\xb4\x01\0\x78\x6a\x02\0\x78\x03\0\0\x5c\x05\0\0\x0d\xbc\x01\0\x80\
\x6a\x02\0\x78\x03\0\0\x5c\x05\0\0\x16\xbc\x01\0\x88\x6a\x02\0\x78\x03\0\0\x53\
\x0d\0\0\x1a\xc4\x01\0\x98\x6a\x02\0\x78\x03\0\0\x53\x0d\0\0\x1f\xc4\x01\0\xc0\
\x6a\x02\0\x78\x03\0\0\x97\x06\0\0\x14\xcc\x01\0\xc8\x6a\x02\0\x78\x03\0\0\x97\
\x06\0\0\x1d\xcc\x01\0\xd0\x6a\x02\0\x78\x03\0\0\x90\x0d\0\0\x1a\xd4\x01\0\xe0\
\x6a\x02\0\x78\x03\0\0\x90\x0d\0\0\x1f\xd4\x01\0\0\x6b\x02\0\x78\x03\0\0\xc8\
\x0d\0\0\x12\xd8\x01\0\x08\x6b\x02\0\x78\x03\0\0\xc8\x0d\0\0\x18\xd8\x01\0\x10\
\x6b\x02\0\x78\x03\0\0\xe7\x0d\0\0\x23\xfc\0\0\x20\x6b\x02\0\x78\x03\0\0\x13\
\x0e\0\0\x20\0\x01\0\x30\x6b\x02\0\x78\x03\0\0\xe7\x0d\0\0\x23\xfc\0\0\x38\x6b\
\x02\0\x78\x03\0\0\xe7\x0d\0\0\x0a\xfc\0\0\x40\x6b\x02\0\x78\x03\0\0\x3c\x0e\0\
\0\x16\x04\x01\0\x50\x6b\x02\0\x78\x03\0\0\x13\x0e\0\0\x0a\0\x01\0\x58\x6b\x02\
\0\x78\x03\0\0\x5c\x0e\0\0\x16\x08\x01\0\x68\x6b\x02\0\x78\x03\0\0\x3c\x0e\0\0\
\x0a\x04\x01\0\x70\x6b\x02\0\x78\x03\0\0\x79\x0e\0\0\x14\xf8\0\0\x78\x6b\x02\0\
\x78\x03\0\0\x79\x0e\0\0\x1a\xf8\0\0\x80\x6b\x02\0\x78\x03\0\0\x5c\x0e\0\0\x0a\
\x08\x01\0\x88\x6b\x02\0\x78\x03\0\0\x9c\x0e\0\0\x21\x0c\x01\0\x98\x6b\x02\0\
\x78\x03\0\0\x9c\x0e\0\0\x12\x0c\x01\0\xa0\x6b\x02\0\x78\x03\0\0\x9c\x0e\0\0\
\x19\x0c\x01\0\xa8\x6b\x02\0\x78\x03\0\0\x9c\x0e\0\0\x21\x10\x01\0\xb8\x6b\x02\
\0\x78\x03\0\0\x9c\x0e\0\0\x12\x10\x01\0\xc0\x6b\x02\0\x78\x03\0\0\x9c\x0e\0\0\
\x19\x10\x01\0\xc8\x6b\x02\0\x78\x03\0\0\xc7\x0e\0\0\x12\x14\x01\0\xd8\x6b\x02\
\0\x78\x03\0\0\xc7\x0e\0\0\x19\x14\x01\0\xe0\x6b\x02\0\x78\x03\0\0\xf3\x0e\0\0\
\x0c\x18\x01\0\xe8\x6b\x02\0\x78\x03\0\0\xf3\x0e\0\0\x0a\x18\x01\0\x10\x6c\x02\
\0\x78\x03\0\0\xe7\x0d\0\0\x23\xfc\0\0\x18\x6c\x02\0\x78\x03\0\0\x13\x0e\0\0\
\x20\0\x01\0\x28\x6c\x02\0\x78\x03\0\0\xe7\x0d\0\0\x23\xfc\0\0\x30\x6c\x02\0\
\x78\x03\0\0\xe7\x0d\0\0\x0a\xfc\0\0\x38\x6c\x02\0\x78\x03\0\0\x3c\x0e\0\0\x16\
\x04\x01\0\x48\x6c\x02\0\x78\x03\0\0\x13\x0e\0\0\x0a\0\x01\0\x50\x6c\x02\0\x78\
\x03\0\0\x5c\x0e\0\0\x16\x08\x01\0\x60\x6c\x02\0\x78\x03\0\0\x3c\x0e\0\0\x0a\
\x04\x01\0\x68\x6c\x02\0\x78\x03\0\0\x79\x0e\0\0\x14\xf8\0\0\x70\x6c\x02\0\x78\
\x03\0\0\x79\x0e\0\0\x1a\xf8\0\0\x78\x6c\x02\0\x78\x03\0\0\x5c\x0e\0\0\x0a\x08\
\x01\0\x80\x6c\x02\0\x78\x03\0\0\x9c\x0e\0\0\x21\x0c\x01\0\x90\x6c\x02\0\x78\
\x03\0\0\x9c\x0e\0\0\x12\x0c\x01\0\x98\x6c\x02\0\x78\x03\0\0\x9c\x0e\0\0\x19\
\x0c\x01\0\xa0\x6c\x02\0\x78\x03\0\0\x9c\x0e\0\0\x21\x10\x01\0\xb0\x6c\x02\0\
\x78\x03\0\0\x9c\x0e\0\0\x12\x10\x01\0\xb8\x6c\x02\0\x78\x03\0\0\x9c\x0e\0\0\
\x19\x10\x01\0\xc0\x6c\x02\0\x78\x03\0\0\xc7\x0e\0\0\x12\x14\x01\0\xd0\x6c\x02\
\0\x78\x03\0\0\xc7\x0e\0\0\x19\x14\x01\0\xd8\x6c\x02\0\x78\x03\0\0\xf3\x0e\0\0\
\x0c\x18\x01\0\xe0\x6c\x02\0\x78\x03\0\0\xf3\x0e\0\0\x0a\x18\x01\0\xe8\x6c\x02\
\0\x78\x03\0\0\x09\x0f\0\0\x0f\xf0\x01\0\x08\x6d\x02\0\x78\x03\0\0\x24\x0f\0\0\
\x09\xfc\x01\0\x80\x6d\x02\0\x78\x03\0\0\x64\x0f\0\0\x09\0\x02\0\x08\x6e\x02\0\
\x11\x02\0\0\x9d\x0f\0\0\x15\x74\x02\0\x90\x6e\x02\0\x11\x02\0\0\xe5\x0f\0\0\
\x15\x78\x02\0\xf0\x6e\x02\0\x11\x02\0\0\x2e\x10\0\0\x25\x80\x02\0\xf8\x6e\x02\
\0\x11\x02\0\0\x2e\x10\0\0\x1e\x80\x02\0\x50\x6f\x02\0\x11\x02\0\0\x5a\x10\0\0\
\x2b\x84\x02\0\x70\x6f\x02\0\x11\x02\0\0\x93\x10\0\0\x20\x8c\x02\0\xa8\x6f\x02\
\0\x11\x02\0\0\x5a\x10\0\0\x1e\x84\x02\0\xc8\x6f\x02\0\x11\x02\0\0\xc0\x10\0\0\
\x2f\x90\x02\0\xe8\x6f\x02\0\x11\x02\0\0\xc0\x10\0\0\x20\x90\x02\0\x08\x70\x02\
\0\x11\x02\0\0\xfd\x10\0\0\x15\x98\x02\0\x18\x70\x02\0\x11\x02\0\0\x2b\x11\0\0\
\x34\xa0\x02\0\x80\x70\x02\0\x11\x02\0\0\x73\x11\0\0\x0d\x08\x03\0\x90\x70\x02\
\0\x78\x03\0\0\xaa\x11\0\0\x09\x48\x01\0\xa8\x70\x02\0\x78\x03\0\0\xbb\x11\0\0\
\x1c\x4c\x01\0\xd0\x70\x02\0\x78\x03\0\0\xff\x11\0\0\x09\x50\x01\0\xd8\x70\x02\
\0\x78\x03\0\0\x26\x12\0\0\x17\x54\x01\0\xe0\x70\x02\0\x78\x03\0\0\x26\x12\0\0\
\x09\x54\x01\0\xe8\x70\x02\0\x78\x03\0\0\x4e\x12\0\0\x15\x58\x01\0\x20\x71\x02\
\0\x78\x03\0\0\x75\x12\0\0\x0c\x5c\x01\0\x40\x71\x02\0\x11\x02\0\0\xb8\x12\0\0\
\x0d\xc8\x02\0\x48\x71\x02\0\x11\x02\0\0\xd0\x12\0\0\x1d\xe0\x02\0\x68\x71\x02\
\0\x78\x03\0\0\xf6\x12\0\0\x14\x70\x01\0\x80\x71\x02\0\x11\x02\0\0\xd0\x12\0\0\
\x0d\xe0\x02\0\x88\x71\x02\0\x11\x02\0\0\x33\x13\0\0\x0d\xe4\x02\0\x90\x71\x02\
\0\x78\x03\0\0\x5a\x13\0\0\x0d\x50\x02\0\xa0\x71\x02\0\x78\x03\0\0\x5a\x13\0\0\
\x11\x50\x02\0\xa8\x71\x02\0\x78\x03\0\0\xfd\x04\0\0\x26\x58\x02\0\xb0\x71\x02\
\0\x78\x03\0\0\xfd\x04\0\0\x2a\x58\x02\0\xc0\x71\x02\0\x78\x03\0\0\xfd\x04\0\0\
\x1f\x58\x02\0\xd8\x71\x02\0\x78\x03\0\0\x2a\x0d\0\0\x10\x5c\x02\0\xe0\x71\x02\
\0\x78\x03\0\0\x7d\x13\0\0\x1d\x74\x02\0\xf0\x71\x02\0\x78\x03\0\0\xa7\x13\0\0\
\x19\x78\x02\0\xf8\x71\x02\0\x78\x03\0\0\xa7\x13\0\0\x17\x78\x02\0\0\x72\x02\0\
\x78\x03\0\0\x7d\x13\0\0\x17\x74\x02\0\x10\x72\x02\0\x78\x03\0\0\xd6\x13\0\0\
\x19\x7c\x02\0\x18\x72\x02\0\x78\x03\0\0\xd6\x13\0\0\x17\x7c\x02\0\x20\x72\x02\
\0\x78\x03\0\0\x05\x14\0\0\x1f\x80\x02\0\x28\x72\x02\0\x78\x03\0\0\x05\x14\0\0\
\x19\x80\x02\0\x30\x72\x02\0\x78\x03\0\0\x2d\x14\0\0\x1e\x8c\x02\0\x38\x72\x02\
\0\x78\x03\0\0\x51\x14\0\0\x18\x90\x02\0\x40\x72\x02\0\x78\x03\0\0\x2d\x14\0\0\
\x18\x8c\x02\0\x48\x72\x02\0\x78\x03\0\0\x80\x14\0\0\x21\x94\x02\0\x50\x72\x02\
\0\x78\x03\0\0\x80\x14\0\0\x1b\x94\x02\0\x58\x72\x02\0\x78\x03\0\0\xaa\x14\0\0\
\x22\x98\x02\0\x68\x72\x02\0\x78\x03\0\0\xaa\x14\0\0\x1b\x98\x02\0\x88\x72\x02\
\0\x78\x03\0\0\xdc\x14\0\0\x05\x9c\x02\0\xe0\x72\x02\0\x78\x03\0\0\x15\x15\0\0\
\x05\xa4\x02\0\0\x73\x02\0\x78\x03\0\0\x55\x15\0\0\x21\xb0\x02\0\x50\x73\x02\0\
\x78\x03\0\0\x7b\x15\0\0\x1b\xac\x02\0\x58\x73\x02\0\x78\x03\0\0\x5c\x05\0\0\
\x0d\xb8\x02\0\x60\x73\x02\0\x78\x03\0\0\x5c\x05\0\0\x16\xb8\x02\0\x68\x73\x02\
\0\x78\x03\0\0\x9c\x15\0\0\x1a\xc0\x02\0\x78\x73\x02\0\x78\x03\0\0\x9c\x15\0\0\
\x1f\xc0\x02\0\xa8\x73\x02\0\x78\x03\0\0\x97\x06\0\0\x14\xc8\x02\0\xb8\x73\x02\
\0\x78\x03\0\0\x97\x06\0\0\x1d\xc8\x02\0\xc0\x73\x02\0\x78\x03\0\0\x90\x0d\0\0\
\x1a\xd0\x02\0\xd0\x73\x02\0\x78\x03\0\0\x90\x0d\0\0\x1f\xd0\x02\0\xf8\x73\x02\
\0\x78\x03\0\0\xd5\x15\0\0\x12\xd4\x02\0\0\x74\x02\0\x78\x03\0\0\xd5\x15\0\0\
\x18\xd4\x02\0\x08\x74\x02\0\x78\x03\0\0\xe7\x0d\0\0\x23\xfc\0\0\x18\x74\x02\0\
\x78\x03\0\0\x13\x0e\0\0\x20\0\x01\0\x28\x74\x02\0\x78\x03\0\0\xe7\x0d\0\0\x23\
\xfc\0\0\x30\x74\x02\0\x78\x03\0\0\xe7\x0d\0\0\x0a\xfc\0\0\x38\x74\x02\0\x78\
\x03\0\0\x3c\x0e\0\0\x16\x04\x01\0\x48\x74\x02\0\x78\x03\0\0\x13\x0e\0\0\x0a\0\
\x01\0\x50\x74\x02\0\x78\x03\0\0\x5c\x0e\0\0\x16\x08\x01\0\x60\x74\x02\0\x78\
\x03\0\0\x3c\x0e\0\0\x0a\x04\x01\0\x68\x74\x02\0\x78\x03\0\0\x79\x0e\0\0\x14\
\xf8\0\0\x70\x74\x02\0\x78\x03\0\0\x79\x0e\0\0\x1a\xf8\0\0\x78\x74\x02\0\x78\
\x03\0\0\x5c\x0e\0\0\x0a\x08\x01\0\x80\x74\x02\0\x78\x03\0\0\x9c\x0e\0\0\x21\
\x0c\x01\0\x90\x74\x02\0\x78\x03\0\0\x9c\x0e\0\0\x12\x0c\x01\0\x98\x74\x02\0\
\x78\x03\0\0\x9c\x0e\0\0\x19\x0c\x01\0\xa0\x74\x02\0\x78\x03\0\0\x9c\x0e\0\0\
\x21\x10\x01\0\xb0\x74\x02\0\x78\x03\0\0\x9c\x0e\0\0\x12\x10\x01\0\xb8\x74\x02\
\0\x78\x03\0\0\x9c\x0e\0\0\x19\x10\x01\0\xc0\x74\x02\0\x78\x03\0\0\xc7\x0e\0\0\
\x12\x14\x01\0\xd0\x74\x02\0\x78\x03\0\0\xc7\x0e\0\0\x19\x14\x01\0\xd8\x74\x02\
\0\x78\x03\0\0\xf3\x0e\0\0\x0c\x18\x01\0\xe0\x74\x02\0\x78\x03\0\0\xf3\x0e\0\0\
\x0a\x18\x01\0\xe8\x74\x02\0\x78\x03\0\0\xe7\x0d\0\0\x23\xfc\0\0\xf0\x74\x02\0\
\x78\x03\0\0\x13\x0e\0\0\x20\0\x01\0\0\x75\x02\0\x78\x03\0\0\xe7\x0d\0\0\x23\
\xfc\0\0\x08\x75\x02\0\x78\x03\0\0\xe7\x0d\0\0\x0a\xfc\0\0\x10\x75\x02\0\x78\
\x03\0\0\x3c\x0e\0\0\x16\x04\x01\0\x20\x75\x02\0\x78\x03\0\0\x13\x0e\0\0\x0a\0\
\x01\0\x28\x75\x02\0\x78\x03\0\0\x5c\x0e\0\0\x16\x08\x01\0\x38\x75\x02\0\x78\
\x03\0\0\x3c\x0e\0\0\x0a\x04\x01\0\x48\x75\x02\0\x78\x03\0\0\x79\x0e\0\0\x14\
\xf8\0\0\x50\x75\x02\0\x78\x03\0\0\x79\x0e\0\0\x1a\xf8\0\0\x58\x75\x02\0\x78\
\x03\0\0\x5c\x0e\0\0\x0a\x08\x01\0\x60\x75\x02\0\x78\x03\0\0\x9c\x0e\0\0\x21\
\x0c\x01\0\x70\x75\x02\0\x78\x03\0\0\x9c\x0e\0\0\x12\x0c\x01\0\x78\x75\x02\0\
\x78\x03\0\0\x9c\x0e\0\0\x19\x0c\x01\0\x80\x75\x02\0\x78\x03\0\0\x9c\x0e\0\0\
\x21\x10\x01\0\x90\x75\x02\0\x78\x03\0\0\x9c\x0e\0\0\x12\x10\x01\0\x98\x75\x02\
\0\x78\x03\0\0\x9c\x0e\0\0\x19\x10\x01\0\xa0\x75\x02\0\x78\x03\0\0\xc7\x0e\0\0\
\x12\x14\x01\0\xb0\x75\x02\0\x78\x03\0\0\xc7\x0e\0\0\x19\x14\x01\0\xb8\x75\x02\
\0\x78\x03\0\0\xf3\x0e\0\0\x0c\x18\x01\0\xc0\x75\x02\0\x78\x03\0\0\xf3\x0e\0\0\
\x0a\x18\x01\0\xc8\x75\x02\0\x78\x03\0\0\x24\x16\0\0\x0f\xe4\x02\0\xe8\x75\x02\
\0\x78\x03\0\0\x3f\x16\0\0\x05\xec\x02\0\x60\x76\x02\0\x78\x03\0\0\x7b\x16\0\0\
\x05\xf0\x02\0\xc0\x76\x02\0\x11\x02\0\0\xb8\x16\0\0\x0d\0\x03\0\xd8\x76\x02\0\
\x11\x02\0\0\x73\x11\0\0\x2b\x08\x03\0\x18\x77\x02\0\x11\x02\0\0\xde\x16\0\0\
\x05\x1c\x03\0\x38\x77\x02\0\x11\x02\0\0\xfc\x16\0\0\x01\x24\x03\0\x10\0\0\0\
\x0d\x02\0\0\x41\0\0\0\x08\0\0\0\x2e\0\0\0\x65\x02\0\0\0\0\0\0\x10\0\0\0\x2e\0\
\0\0\x93\x02\0\0\0\0\0\0\x40\0\0\0\x2e\0\0\0\x29\x03\0\0\0\0\0\0\x90\0\0\0\x31\
\0\0\0\x37\x04\0\0\0\0\0\0\xb8\0\0\0\x35\0\0\0\x65\x02\0\0\0\0\0\0\xd0\0\0\0\
\x35\0\0\0\x65\x02\0\0\0\0\0\0\0\x01\0\0\x35\0\0\0\x58\x05\0\0\0\0\0\0\x40\x01\
\0\0\x3b\0\0\0\x93\x02\0\0\0\0\0\0\x50\x01\0\0\x3b\0\0\0\x65\x02\0\0\0\0\0\0\
\x68\x01\0\0\x35\0\0\0\x58\x05\0\0\0\0\0\0\xa8\x01\0\0\x3c\0\0\0\x93\x02\0\0\0\
\0\0\0\xb8\x01\0\0\x3c\0\0\0\x65\x02\0\0\0\0\0\0\xd0\x01\0\0\x35\0\0\0\x58\x05\
\0\0\0\0\0\0\xf8\x01\0\0\x3d\0\0\0\x65\x02\0\0\0\0\0\0\x30\x02\0\0\x3d\0\0\0\
\x26\x08\0\0\0\0\0\0\x48\x02\0\0\x3d\0\0\0\x65\x02\0\0\0\0\0\0\x80\x02\0\0\x3d\
\0\0\0\x26\x08\0\0\0\0\0\0\x10\x03\0\0\x2e\0\0\0\x29\x03\0\0\0\0\0\0\xe8\x03\0\
\0\x35\0\0\0\x58\x05\0\0\0\0\0\0\x20\x04\0\0\x31\0\0\0\x93\x02\0\0\0\0\0\0\x78\
\x04\0\0\x31\0\0\0\x93\x02\0\0\0\0\0\0\x98\x04\0\0\x31\0\0\0\x65\x02\0\0\0\0\0\
\0\xf0\x04\0\0\x31\0\0\0\x65\x02\0\0\0\0\0\0\x10\x05\0\0\x35\0\0\0\x12\x0a\0\0\
\0\0\0\0\x68\x05\0\0\x35\0\0\0\x36\x0a\0\0\0\0\0\0\xd8\x68\x02\0\x35\0\0\0\x12\
\x0a\0\0\0\0\0\0\x18\x69\x02\0\x35\0\0\0\x58\x05\0\0\0\0\0\0\xf0\x69\x02\0\x35\
\0\0\0\x65\x02\0\0\0\0\0\0\x18\x6a\x02\0\x35\0\0\0\x36\x0a\0\0\0\0\0\0\x78\x6a\
\x02\0\x35\0\0\0\x58\x05\0\0\0\0\0\0\xa0\x6a\x02\0\x3b\0\0\0\x8b\x0d\0\0\0\0\0\
\0\xc0\x6a\x02\0\x35\0\0\0\x58\x05\0\0\0\0\0\0\xe8\x6a\x02\0\x3c\0\0\0\x29\x03\
\0\0\0\0\0\0\0\x6b\x02\0\x3c\0\0\0\x29\x03\0\0\0\0\0\0\x68\x6c\x02\0\x35\0\0\0\
\x05\x0f\0\0\0\0\0\0\xe0\x6c\x02\0\x35\0\0\0\x05\x0f\0\0\0\0\0\0\xe8\x6c\x02\0\
\x35\0\0\0\x36\x0a\0\0\0\0\0\0\xf0\x6c\x02\0\x31\0\0\0\x93\x02\0\0\0\0\0\0\x60\
\x6d\x02\0\x31\0\0\0\x93\x02\0\0\0\0\0\0\x68\x6d\x02\0\x31\0\0\0\x65\x02\0\0\0\
\0\0\0\xf0\x6d\x02\0\x31\0\0\0\x65\x02\0\0\0\0\0\0\xf0\x6e\x02\0\x35\0\0\0\x12\
\x0a\0\0\0\0\0\0\x48\x71\x02\0\x35\0\0\0\x36\x0a\0\0\0\0\0\0\x90\x71\x02\0\x35\
\0\0\0\x65\x02\0\0\0\0\0\0\xa8\x71\x02\0\x35\0\0\0\x65\x02\0\0\0\0\0\0\xe0\x71\
\x02\0\x35\0\0\0\x36\x0a\0\0\0\0\0\0\x20\x72\x02\0\x35\0\0\0\x58\x05\0\0\0\0\0\
\0\x30\x72\x02\0\x35\0\0\0\x12\x0a\0\0\0\0\0\0\x48\x72\x02\0\x35\0\0\0\x58\x05\
\0\0\0\0\0\0\x60\x72\x02\0\x2e\0\0\0\x29\x03\0\0\0\0\0\0\x70\x72\x02\0\x31\0\0\
\0\x93\x02\0\0\0\0\0\0\x98\x72\x02\0\x31\0\0\0\x93\x02\0\0\0\0\0\0\x50\x73\x02\
\0\x35\0\0\0\x12\x0a\0\0\0\0\0\0\x58\x73\x02\0\x35\0\0\0\x58\x05\0\0\0\0\0\0\
\x80\x73\x02\0\x3b\0\0\0\x8b\x0d\0\0\0\0\0\0\xb0\x73\x02\0\x35\0\0\0\x58\x05\0\
\0\0\0\0\0\xd8\x73\x02\0\x3c\0\0\0\x29\x03\0\0\0\0\0\0\xf8\x73\x02\0\x3c\0\0\0\
\x29\x03\0\0\0\0\0\0\x48\x75\x02\0\x35\0\0\0\x05\x0f\0\0\0\0\0\0\xc0\x75\x02\0\
\x35\0\0\0\x05\x0f\0\0\0\0\0\0\xc8\x75\x02\0\x35\0\0\0\x12\x0a\0\0\0\0\0\0\xd0\
\x75\x02\0\x31\0\0\0\x93\x02\0\0\0\0\0\0\x40\x76\x02\0\x31\0\0\0\x93\x02\0\0\0\
\0\0\0\x48\x76\x02\0\x31\0\0\0\x65\x02\0\0\0\0\0\0\xa8\x76\x02\0\x31\0\0\0\x65\
\x02\0\0\0\0\0\0\0\0\0\0\x0c\0\0\0\xff\xff\xff\xff\x04\0\x08\0\x08\x7c\x0b\0\
\x14\0\0\0\0\0\0\0\0\0\0\0\0\0\0\0\x48\x77\x02\0\0\0\0\0\x89\x16\0\0\x05\0\x08\
\0\x93\0\0\0\x08\x01\x01\xfb\x0e\x0d\0\x01\x01\x01\x01\0\0\0\x01\0\0\x01\x01\
\x01\x1f\x03\0\0\0\0\x15\0\0\0\x1a\0\0\0\x03\x01\x1f\x02\x0f\x05\x1e\x05\x2b\0\
\0\0\0\x31\x4f\x6f\xfd\x03\x6c\xb4\x56\x11\x1c\x40\x2b\x3c\x22\x66\x11\x3f\0\0\
\0\x01\x53\x8d\x6f\x8e\x76\xc4\xe5\x20\x66\xf6\x2f\x29\x63\x2e\xaf\x91\x49\0\0\
\0\x02\xa5\xa8\xa4\xf9\x34\xaa\x57\x11\xde\xc2\x3f\xec\x64\x5c\x40\x01\x5b\0\0\
\0\x01\x05\x63\x2e\xe3\0\x11\xa4\x53\x3a\x5d\0\x56\x7e\x1b\xf4\xce\x65\0\0\0\
\x01\x07\x14\x2b\xdd\xf6\xfe\xbb\x35\x1f\xe9\xdd\xa7\x5b\x86\x42\x8e\x04\0\0\
\x09\x02\0\0\0\0\0\0\0\0\x03\x11\x01\x05\x25\x0a\x22\x05\x29\x1f\x05\x11\x31\
\x05\x16\x23\x05\x1b\x06\x2e\x05\x3a\x06\x22\x06\x03\x65\x2e\x04\x03\x05\x0c\
\x06\x03\xce\0\x3c\x06\x03\xb2\x7f\x3c\x04\0\x05\x09\x06\x03\x1c\x20\x05\x0e\
\x22\x05\x16\x06\x20\x03\x62\x20\x03\x1e\x2e\x05\x0d\x06\x25\x05\x11\x06\x2e\
\x05\x26\x06\x21\x05\x2a\x06\x20\x05\x1f\x2e\x05\x10\x06\x2f\x05\x0d\x25\x05\
\x16\x06\x20\x05\x1e\x06\x22\x05\x23\x06\x2e\x03\x54\x20\x05\x1d\x06\x03\x2e\
\x3c\x1f\x06\x03\x53\x2e\x05\x0d\x06\x03\x3c\x20\x05\x14\x03\x73\x20\x05\x1d\
\x06\x20\x05\x1e\x06\x22\x05\x23\x06\x2e\x03\x4f\x20\x05\x1d\x06\x03\x33\x3c\
\x1f\x06\x03\x4e\x2e\x05\x0d\x06\x03\x3c\x20\x05\x14\x03\x78\x20\x05\x1d\x06\
\x20\x03\x4c\x20\x03\x34\x2e\x05\x17\x06\x24\x05\x1c\x06\x20\x03\x48\x20\x05\
\x2a\x06\x03\x3a\x4a\x05\x0d\x30\x05\x1e\x2e\x05\x23\x06\x20\x03\x44\x20\x05\
\x2a\x06\x03\x3f\x4a\x06\x03\x41\x2e\x05\x19\x06\x03\xc9\0\x20\x05\x1f\x23\x05\
\x09\x59\x21\x06\x03\xb2\x7f\x4a\x05\x17\x06\x03\xd1\0\x4a\x05\x10\x3e\x1f\xab\
\xa0\x05\x17\x3d\x05\x0f\x2f\x05\x11\x1f\x05\x05\x77\xe5\x05\x15\xbb\x05\x0e\
\x06\x20\x05\x15\x06\x9f\x05\x10\x30\x65\x05\x0e\x65\x05\x10\x9f\x05\x11\x03\
\x0f\x20\x05\x29\x31\x05\x37\x06\x4a\x03\x93\x7f\x20\x05\x09\x06\x03\xf0\0\x2e\
\x05\x11\x03\x7a\x02\x80\x04\x01\x06\x03\x96\x7f\x20\x03\xea\0\x2e\x05\x09\x06\
\x26\x05\x11\x03\x7a\x02\x81\x04\x01\x06\x03\x96\x7f\x20\x03\xea\0\x2e\x05\x09\
\x06\x26\x05\x11\x03\x7a\x02\x81\x04\x01\x06\x03\x96\x7f\x20\x03\xea\0\x2e\x05\
\x09\x06\x26\x05\x11\x03\x7a\x02\x81\x04\x01\x06\x03\x96\x7f\x20\x03\xea\0\x2e\
\x05\x09\x06\x26\x05\x11\x03\x7a\x02\x81\x04\x01\x06\x03\x96\x7f\x20\x03\xea\0\
\x2e\x05\x09\x06\x26\x05\x11\x03\x7a\x02\x81\x04\x01\x06\x03\x96\x7f\x20\x03\
\xea\0\x2e\x05\x09\x06\x26\x05\x11\x03\x7a\x02\x81\x04\x01\x06\x03\x96\x7f\x20\
\x03\xea\0\x2e\x05\x09\x06\x26\x05\x11\x03\x7a\x02\x81\x04\x01\x06\x03\x96\x7f\
\x20\x03\xea\0\x2e\x05\x09\x06\x26\x05\x11\x03\x7a\x02\x81\x04\x01\x06\x03\x96\
\x7f\x20\x03\xea\0\x2e\x05\x09\x06\x26\x05\x11\x03\x7a\x02\x81\x04\x01\x06\x03\
\x96\x7f\x20\x03\xea\0\x2e\x05\x09\x06\x26\x05\x11\x03\x7a\x02\x81\x04\x01\x06\
\x03\x96\x7f\x20\x03\xea\0\x2e\x05\x09\x06\x26\x05\x11\x03\x7a\x02\x81\x04\x01\
\x06\x03\x96\x7f\x20\x03\xea\0\x2e\x05\x09\x06\x26\x05\x11\x03\x7a\x02\x81\x04\
\x01\x06\x03\x96\x7f\x20\x03\xea\0\x2e\x05\x09\x06\x26\x05\x11\x03\x7a\x02\x81\
\x04\x01\x06\x03\x96\x7f\x20\x03\xea\0\x2e\x05\x09\x06\x26\x05\x11\x03\x7a\x02\
\x81\x04\x01\x06\x03\x96\x7f\x20\x03\xea\0\x2e\x05\x09\x06\x26\x05\x11\x03\x7a\
\x02\x81\x04\x01\x06\x03\x96\x7f\x20\x03\xea\0\x2e\x05\x09\x06\x26\x05\x11\x03\
\x7a\x02\x81\x04\x01\x06\x03\x96\x7f\x20\x03\xea\0\x2e\x05\x09\x06\x26\x05\x11\
\x03\x7a\x02\x81\x04\x01\x06\x03\x96\x7f\x20\x03\xea\0\x2e\x05\x09\x06\x26\x05\
\x11\x03\x7a\x02\x81\x04\x01\x06\x03\x96\x7f\x20\x03\xea\0\x2e\x05\x09\x06\x26\
\x05\x11\x03\x7a\x02\x81\x04\x01\x06\x03\x96\x7f\x20\x03\xea\0\x2e\x05\x09\x06\
\x26\x05\x11\x03\x7a\x02\x81\x04\x01\x06\x03\x96\x7f\x20\x03\xea\0\x2e\x05\x09\
\x06\x26\x05\x11\x03\x7a\x02\x81\x04\x01\x06\x03\x96\x7f\x20\x03\xea\0\x2e\x05\
\x09\x06\x26\x05\x11\x03\x7a\x02\x81\x04\x01\x06\x03\x96\x7f\x20\x03\xea\0\x2e\
\x05\x09\x06\x26\x05\x11\x03\x7a\x02\x81\x04\x01\x06\x03\x96\x7f\x20\x03\xea\0\
\x2e\x05\x09\x06\x26\x05\x11\x03\x7a\x02\x81\x04\x01\x06\x03\x96\x7f\x20\x03\
\xea\0\x2e\x05\x09\x06\x26\x05\x11\x03\x7a\x02\x81\x04\x01\x06\x03\x96\x7f\x20\
\x03\xea\0\x2e\x05\x09\x06\x26\x05\x11\x03\x7a\x02\x81\x04\x01\x06\x03\x96\x7f\
\x20\x03\xea\0\x2e\x05\x09\x06\x26\x05\x11\x03\x7a\x02\x81\x04\x01\x06\x03\x96\
\x7f\x20\x03\xea\0\x2e\x05\x09\x06\x26\x05\x11\x03\x7a\x02\x81\x04\x01\x06\x03\
\x96\x7f\x20\x03\xea\0\x2e\x05\x09\x06\x26\x05\x11\x03\x7a\x02\x81\x04\x01\x06\
\x03\x96\x7f\x20\x03\xea\0\x2e\x05\x09\x06\x26\x05\x11\x03\x7a\x02\x81\x04\x01\
\x06\x03\x96\x7f\x20\x03\xea\0\x2e\x05\x09\x06\x26\x05\x11\x03\x7a\x02\x81\x04\
\x01\x06\x03\x96\x7f\x20\x03\xea\0\x2e\x05\x09\x06\x26\x05\x11\x03\x7a\x02\x81\
\x04\x01\x06\x03\x96\x7f\x20\x03\xea\0\x2e\x05\x09\x06\x26\x05\x11\x03\x7a\x02\
\x81\x04\x01\x06\x03\x96\x7f\x20\x03\xea\0\x2e\x05\x09\x06\x26\x06\x03\x90\x7f\
\x02\x81\x04\x01\x05\x11\x06\x03\xfa\0\x20\x06\x03\x86\x7f\x20\x03\xfa\0\x2e\
\x05\x1d\x06\x34\x05\x1b\x06\x20\x05\x11\x06\x03\x7a\x2e\x06\x03\x86\x7f\x2e\
\x03\xfa\0\x2e\x05\x1d\x06\x34\x05\x1b\x06\x20\x05\x11\x06\x03\x7a\x2e\x06\x03\
\x86\x7f\x2e\x03\xfa\0\x2e\x05\x1d\x06\x34\x05\x1b\x06\x20\x05\x11\x06\x03\x7a\
\x2e\x06\x03\x86\x7f\x2e\x03\xfa\0\x2e\x05\x1d\x06\x34\x05\x1b\x06\x20\x05\x11\
\x06\x03\x7a\x2e\x06\x03\x86\x7f\x2e\x03\xfa\0\x2e\x05\x1d\x06\x34\x05\x1b\x06\
\x20\x05\x11\x06\x03\x7a\x2e\x06\x03\x86\x7f\x2e\x03\xfa\0\x2e\x05\x1d\x06\x34\
\x05\x1b\x06\x20\x05\x11\x06\x03\x7a\x2e\x06\x03\x86\x7f\x2e\x03\xfa\0\x2e\x05\
\x1d\x06\x34\x05\x1b\x06\x20\x05\x11\x06\x03\x7a\x2e\x06\x03\x86\x7f\x2e\x03\
\xfa\0\x2e\x05\x1d\x06\x34\x05\x1b\x06\x20\x05\x11\x06\x03\x7a\x2e\x06\x03\x86\
\x7f\x2e\x03\xfa\0\x2e\x05\x1d\x06\x34\x05\x1b\x06\x20\x05\x11\x06\x03\x7a\x2e\
\x06\x03\x86\x7f\x2e\x03\xfa\0\x2e\x05\x1d\x06\x34\x05\x1b\x06\x20\x05\x11\x06\
\x03\x7a\x2e\x06\x03\x86\x7f\x2e\x03\xfa\0\x2e\x05\x1d\x06\x34\x05\x1b\x06\x20\
\x05\x11\x06\x03\x7a\x2e\x06\x03\x86\x7f\x2e\x03\xfa\0\x2e\x05\x1d\x06\x34\x05\
\x1b\x06\x20\x05\x11\x06\x03\x7a\x2e\x06\x03\x86\x7f\x2e\x03\xfa\0\x2e\x05\x1d\
\x06\x34\x05\x1b\x06\x20\x05\x11\x06\x03\x7a\x2e\x06\x03\x86\x7f\x2e\x03\xfa\0\
\x2e\x05\x1d\x06\x34\x05\x1b\x06\x20\x05\x11\x06\x03\x7a\x2e\x06\x03\x86\x7f\
\x2e\x03\xfa\0\x2e\x05\x1d\x06\x34\x05\x1b\x06\x20\x05\x11\x06\x03\x7a\x2e\x06\
\x03\x86\x7f\x2e\x03\xfa\0\x2e\x05\x1d\x06\x34\x05\x1b\x06\x20\x05\x11\x06\x03\
\x7a\x2e\x06\x03\x86\x7f\x2e\x03\xfa\0\x2e\x05\x1d\x06\x34\x05\x1b\x06\x20\x05\
\x11\x06\x03\x7a\x2e\x06\x03\x86\x7f\x2e\x03\xfa\0\x2e\x05\x1d\x06\x34\x05\x1b\
\x06\x20\x05\x11\x06\x03\x7a\x2e\x06\x03\x86\x7f\x2e\x03\xfa\0\x2e\x05\x1d\x06\
\x34\x05\x1b\x06\x20\x05\x11\x06\x03\x7a\x2e\x06\x03\x86\x7f\x2e\x03\xfa\0\x2e\
\x05\x1d\x06\x34\x05\x1b\x06\x20\x05\x11\x06\x03\x7a\x2e\x06\x03\x86\x7f\x2e\
\x03\xfa\0\x2e\x05\x1d\x06\x34\x05\x1b\x06\x20\x05\x11\x06\x03\x7a\x2e\x06\x03\
\x86\x7f\x2e\x03\xfa\0\x2e\x05\x1d\x06\x34\x05\x1b\x06\x20\x05\x11\x06\x03\x7a\
\x2e\x06\x03\x86\x7f\x2e\x03\xfa\0\x2e\x05\x1d\x06\x34\x05\x1b\x06\x20\x05\x11\
\x06\x03\x7a\x2e\x06\x03\x86\x7f\x2e\x03\xfa\0\x2e\x05\x1d\x06\x34\x05\x1b\x06\
\x20\x05\x11\x06\x03\x7a\x2e\x06\x03\x86\x7f\x2e\x03\xfa\0\x2e\x05\x1d\x06\x34\
\x05\x1b\x06\x20\x05\x11\x06\x03\x7a\x2e\x06\x03\x86\x7f\x2e\x03\xfa\0\x2e\x05\
\x1d\x06\x34\x05\x1b\x06\x20\x05\x11\x06\x03\x7a\x2e\x06\x03\x86\x7f\x2e\x03\
\xfa\0\x2e\x05\x1d\x06\x34\x05\x1b\x06\x20\x05\x11\x06\x03\x7a\x2e\x06\x03\x86\
\x7f\x2e\x03\xfa\0\x2e\x05\x1d\x06\x34\x05\x1b\x06\x20\x05\x11\x06\x03\x7a\x2e\
\x06\x03\x86\x7f\x2e\x03\xfa\0\x2e\x05\x1d\x06\x34\x05\x1b\x06\x20\x05\x11\x06\
\x03\x7a\x2e\x06\x03\x86\x7f\x2e\x03\xfa\0\x2e\x05\x1d\x06\x34\x05\x1b\x06\x20\
\x05\x11\x06\x03\x7a\x2e\x06\x03\x86\x7f\x2e\x03\xfa\0\x2e\x05\x1d\x06\x34\x05\
\x1b\x06\x20\x05\x11\x06\x03\x7a\x2e\x06\x03\x86\x7f\x2e\x03\xfa\0\x2e\x05\x1d\
\x06\x34\x05\x1b\x06\x20\x05\x11\x06\x03\x7a\x2e\x06\x03\x86\x7f\x2e\x03\xfa\0\
\x2e\x05\x1d\x06\x34\x05\x1b\x06\x20\x05\x11\x06\x03\x7a\x2e\x06\x03\x86\x7f\
\x2e\x03\xfa\0\x2e\x05\x1d\x06\x34\x05\x1b\x06\x20\x05\x11\x06\x03\x7a\x2e\x06\
\x03\x86\x7f\x2e\x03\xfa\0\x2e\x05\x1d\x06\x34\x05\x1b\x06\x20\x05\x11\x06\x03\
\x7a\x2e\x06\x03\x86\x7f\x2e\x03\xfa\0\x2e\x05\x1d\x06\x34\x05\x1b\x06\x20\x05\
\x11\x06\x03\x7a\x2e\x06\x03\x86\x7f\x2e\x03\xfa\0\x2e\x05\x1d\x06\x34\x05\x1b\
\x06\x20\x05\x11\x06\x03\x7a\x2e\x06\x03\x86\x7f\x2e\x03\xfa\0\x2e\x05\x1d\x06\
\x34\x05\x1b\x06\x20\x05\x11\x06\x03\x7a\x2e\x06\x03\x86\x7f\x2e\x03\xfa\0\x2e\
\x05\x1d\x06\x34\x05\x1b\x06\x20\x05\x11\x06\x03\x7a\x2e\x06\x03\x86\x7f\x2e\
\x03\xfa\0\x2e\x05\x1d\x06\x34\x05\x1b\x06\x20\x05\x11\x06\x03\x7a\x2e\x06\x03\
\x86\x7f\x2e\x03\xfa\0\x2e\x05\x1d\x06\x34\x05\x1b\x06\x20\x05\x11\x06\x03\x7a\
\x2e\x06\x03\x86\x7f\x2e\x03\xfa\0\x2e\x05\x1d\x06\x34\x05\x1b\x06\x20\x05\x11\
\x06\x03\x7a\x2e\x06\x03\x86\x7f\x2e\x03\xfa\0\x2e\x05\x1d\x06\x34\x05\x1b\x06\
\x20\x05\x11\x06\x03\x7a\x2e\x06\x03\x86\x7f\x2e\x03\xfa\0\x2e\x05\x1d\x06\x34\
\x05\x1b\x06\x20\x05\x11\x06\x03\x7a\x2e\x06\x03\x86\x7f\x2e\x03\xfa\0\x2e\x05\
\x1d\x06\x34\x05\x1b\x06\x20\x05\x11\x06\x03\x7a\x2e\x06\x03\x86\x7f\x2e\x03\
\xfa\0\x2e\x05\x1d\x06\x34\x05\x1b\x06\x20\x05\x11\x06\x03\x7a\x2e\x06\x03\x86\
\x7f\x2e\x03\xfa\0\x2e\x05\x1d\x06\x34\x05\x1b\x06\x20\x05\x11\x06\x03\x7a\x2e\
\x06\x03\x86\x7f\x2e\x03\xfa\0\x2e\x05\x1d\x06\x34\x05\x1b\x06\x20\x05\x11\x06\
\x03\x7a\x2e\x06\x03\x86\x7f\x2e\x03\xfa\0\x2e\x05\x1d\x06\x34\x05\x1b\x06\x20\
\x05\x11\x06\x03\x7a\x2e\x06\x03\x86\x7f\x2e\x03\xfa\0\x2e\x05\x1d\x06\x34\x05\
\x1b\x06\x20\x05\x11\x06\x03\x7a\x2e\x06\x03\x86\x7f\x2e\x03\xfa\0\x2e\x05\x1d\
\x06\x34\x05\x1b\x06\x20\x05\x11\x06\x03\x7a\x2e\x06\x03\x86\x7f\x2e\x03\xfa\0\
\x2e\x05\x1d\x06\x34\x05\x1b\x06\x20\x05\x11\x06\x03\x7a\x2e\x06\x03\x86\x7f\
\x2e\x03\xfa\0\x2e\x05\x1d\x06\x34\x05\x1b\x06\x20\x05\x11\x06\x03\x7a\x2e\x06\
\x03\x86\x7f\x2e\x03\xfa\0\x2e\x05\x1d\x06\x34\x05\x1b\x06\x20\x05\x11\x06\x03\
\x7a\x2e\x06\x03\x86\x7f\x2e\x03\xfa\0\x2e\x05\x1d\x06\x34\x05\x1b\x06\x20\x05\
\x11\x06\x03\x7a\x2e\x06\x03\x86\x7f\x2e\x03\xfa\0\x2e\x05\x1d\x06\x34\x05\x1b\
\x06\x20\x05\x11\x06\x03\x7a\x2e\x06\x03\x86\x7f\x2e\x03\xfa\0\x2e\x05\x1d\x06\
\x34\x05\x1b\x06\x20\x05\x11\x06\x03\x7a\x2e\x06\x03\x86\x7f\x2e\x03\xfa\0\x2e\
\x05\x1d\x06\x34\x05\x1b\x06\x20\x05\x11\x06\x03\x7a\x2e\x06\x03\x86\x7f\x2e\
\x03\xfa\0\x2e\x05\x1d\x06\x34\x05\x1b\x06\x20\x05\x11\x06\x03\x7a\x2e\x06\x03\
\x86\x7f\x2e\x03\xfa\0\x2e\x05\x1d\x06\x34\x05\x1b\x06\x20\x05\x11\x06\x03\x7a\
\x2e\x06\x03\x86\x7f\x2e\x03\xfa\0\x2e\x05\x1d\x06\x34\x05\x1b\x06\x20\x05\x11\
\x06\x03\x7a\x2e\x06\x03\x86\x7f\x2e\x03\xfa\0\x2e\x05\x1d\x06\x34\x05\x1b\x06\
\x20\x05\x11\x06\x03\x7a\x2e\x06\x03\x86\x7f\x2e\x03\xfa\0\x2e\x05\x1d\x06\x34\
\x05\x1b\x06\x20\x05\x11\x06\x03\x7a\x2e\x06\x03\x86\x7f\x2e\x03\xfa\0\x2e\x05\
\x1d\x06\x34\x05\x1b\x06\x20\x05\x11\x06\x03\x7a\x2e\x06\x03\x86\x7f\x2e\x03\
\xfa\0\x2e\x05\x1d\x06\x34\x05\x1b\x06\x20\x05\x11\x06\x03\x7a\x2e\x06\x03\x86\
\x7f\x2e\x03\xfa\0\x2e\x05\x1d\x06\x34\x05\x1b\x06\x20\x05\x11\x06\x03\x7a\x2e\
\x06\x03\x86\x7f\x2e\x03\xfa\0\x2e\x05\x1d\x06\x34\x05\x1b\x06\x20\x05\x11\x06\
\x03\x7a\x2e\x06\x03\x86\x7f\x2e\x03\xfa\0\x2e\x05\x1d\x06\x34\x05\x1b\x06\x20\
\x05\x11\x06\x03\x7a\x2e\x06\x03\x86\x7f\x2e\x03\xfa\0\x2e\x05\x1d\x06\x34\x05\
\x1b\x06\x20\x05\x11\x06\x03\x7a\x2e\x06\x03\x86\x7f\x2e\x03\xfa\0\x2e\x05\x1d\
\x06\x34\x05\x1b\x06\x20\x05\x11\x06\x03\x7a\x2e\x06\x03\x86\x7f\x2e\x03\xfa\0\
\x2e\x05\x1d\x06\x34\x05\x1b\x06\x20\x05\x11\x06\x03\x7a\x2e\x06\x03\x86\x7f\
\x2e\x03\xfa\0\x2e\x05\x1d\x06\x34\x05\x1b\x06\x20\x05\x11\x06\x03\x7a\x2e\x06\
\x03\x86\x7f\x2e\x03\xfa\0\x2e\x05\x1d\x06\x34\x05\x1b\x06\x20\x05\x11\x06\x03\
\x7a\x2e\x06\x03\x86\x7f\x2e\x03\xfa\0\x2e\x05\x1d\x06\x34\x05\x1b\x06\x20\x05\
\x11\x06\x03\x7a\x2e\x06\x03\x86\x7f\x2e\x03\xfa\0\x2e\x05\x1d\x06\x34\x05\x1b\
\x06\x20\x05\x11\x06\x03\x7a\x2e\x06\x03\x86\x7f\x2e\x03\xfa\0\x2e\x05\x1d\x06\
\x34\x05\x1b\x06\x20\x05\x11\x06\x03\x7a\x2e\x06\x03\x86\x7f\x2e\x03\xfa\0\x2e\
\x05\x1d\x06\x34\x05\x1b\x06\x20\x05\x11\x06\x03\x7a\x2e\x06\x03\x86\x7f\x2e\
\x03\xfa\0\x2e\x05\x1d\x06\x34\x05\x1b\x06\x20\x05\x11\x06\x03\x7a\x2e\x06\x03\
\x86\x7f\x2e\x03\xfa\0\x2e\x05\x1d\x06\x34\x05\x1b\x06\x20\x05\x11\x06\x03\x7a\
\x2e\x06\x03\x86\x7f\x2e\x03\xfa\0\x2e\x05\x1d\x06\x34\x05\x1b\x06\x20\x05\x11\
\x06\x03\x7a\x2e\x06\x03\x86\x7f\x2e\x03\xfa\0\x2e\x05\x1d\x06\x34\x05\x1b\x06\
\x20\x05\x11\x06\x03\x7a\x2e\x06\x03\x86\x7f\x2e\x03\xfa\0\x2e\x05\x1d\x06\x34\
\x05\x1b\x06\x20\x05\x11\x06\x03\x7a\x2e\x06\x03\x86\x7f\x2e\x03\xfa\0\x2e\x05\
\x1d\x06\x34\x05\x1b\x06\x20\x05\x11\x06\x03\x7a\x2e\x06\x03\x86\x7f\x2e\x03\
\xfa\0\x2e\x05\x1d\x06\x34\x05\x1b\x06\x20\x05\x11\x06\x03\x7a\x2e\x06\x03\x86\
\x7f\x2e\x03\xfa\0\x2e\x05\x1d\x06\x34\x05\x1b\x06\x20\x05\x11\x06\x03\x7a\x2e\
\x06\x03\x86\x7f\x2e\x03\xfa\0\x2e\x05\x1d\x06\x34\x05\x1b\x06\x20\x05\x11\x06\
\x03\x7a\x2e\x06\x03\x86\x7f\x2e\x03\xfa\0\x2e\x05\x1d\x06\x34\x05\x1b\x06\x20\
\x05\x11\x06\x03\x7a\x2e\x06\x03\x86\x7f\x2e\x03\xfa\0\x2e\x05\x1d\x06\x34\x05\
\x1b\x06\x20\x05\x11\x06\x03\x7a\x2e\x06\x03\x86\x7f\x2e\x03\xfa\0\x2e\x05\x1d\
\x06\x34\x05\x1b\x06\x20\x05\x11\x06\x03\x7a\x2e\x06\x03\x86\x7f\x2e\x03\xfa\0\
\x2e\x05\x1d\x06\x34\x05\x1b\x06\x20\x05\x11\x06\x03\x7a\x2e\x06\x03\x86\x7f\
\x2e\x03\xfa\0\x2e\x05\x1d\x06\x34\x05\x1b\x06\x20\x05\x11\x06\x03\x7a\x2e\x06\
\x03\x86\x7f\x2e\x03\xfa\0\x2e\x05\x1d\x06\x34\x05\x1b\x06\x20\x05\x11\x06\x03\
\x7a\x2e\x06\x03\x86\x7f\x2e\x03\xfa\0\x2e\x05\x1d\x06\x34\x05\x1b\x06\x20\x05\
\x11\x06\x03\x7a\x2e\x06\x03\x86\x7f\x2e\x03\xfa\0\x2e\x05\x1d\x06\x34\x05\x1b\
\x06\x20\x05\x11\x06\x03\x7a\x2e\x06\x03\x86\x7f\x2e\x03\xfa\0\x2e\x05\x1d\x06\
\x34\x05\x1b\x06\x20\x05\x11\x06\x03\x7a\x2e\x06\x03\x86\x7f\x2e\x03\xfa\0\x2e\
\x05\x1d\x06\x34\x05\x1b\x06\x20\x05\x11\x06\x03\x7a\x2e\x06\x03\x86\x7f\x2e\
\x03\xfa\0\x2e\x05\x1d\x06\x34\x05\x1b\x06\x20\x05\x11\x06\x03\x7a\x2e\x06\x03\
\x86\x7f\x2e\x03\xfa\0\x2e\x05\x1d\x06\x34\x05\x1b\x06\x20\x05\x11\x06\x03\x7a\
\x2e\x06\x03\x86\x7f\x2e\x03\xfa\0\x2e\x05\x1d\x06\x34\x05\x1b\x06\x20\x05\x11\
\x06\x03\x7a\x2e\x06\x03\x86\x7f\x2e\x03\xfa\0\x2e\x05\x1d\x06\x34\x05\x1b\x06\
\x20\x05\x11\x06\x03\x7a\x2e\x06\x03\x86\x7f\x2e\x03\xfa\0\x2e\x05\x1d\x06\x34\
\x05\x1b\x06\x20\x05\x11\x06\x03\x7a\x2e\x06\x03\x86\x7f\x2e\x03\xfa\0\x2e\x05\
\x1d\x06\x34\x05\x1b\x06\x20\x05\x11\x06\x03\x7a\x2e\x06\x03\x86\x7f\x2e\x03\
\xfa\0\x2e\x05\x1d\x06\x34\x05\x1b\x06\x20\x05\x11\x06\x03\x7a\x2e\x06\x03\x86\
\x7f\x2e\x03\xfa\0\x2e\x05\x1d\x06\x34\x05\x1b\x06\x20\x05\x11\x06\x03\x7a\x2e\
\x06\x03\x86\x7f\x2e\x03\xfa\0\x2e\x05\x1d\x06\x34\x05\x1b\x06\x20\x05\x11\x06\
\x03\x7a\x2e\x06\x03\x86\x7f\x2e\x03\xfa\0\x2e\x05\x1d\x06\x34\x05\x1b\x06\x20\
\x05\x11\x06\x03\x7a\x2e\x06\x03\x86\x7f\x2e\x03\xfa\0\x2e\x05\x1d\x06\x34\x05\
\x1b\x06\x20\x05\x11\x06\x03\x7a\x2e\x06\x03\x86\x7f\x2e\x03\xfa\0\x2e\x05\x1d\
\x06\x34\x05\x1b\x06\x20\x05\x11\x06\x03\x7a\x2e\x06\x03\x86\x7f\x2e\x03\xfa\0\
\x2e\x05\x1d\x06\x34\x05\x1b\x06\x20\x05\x11\x06\x03\x7a\x2e\x06\x03\x86\x7f\
\x2e\x03\xfa\0\x2e\x05\x1d\x06\x34\x05\x1b\x06\x20\x05\x11\x06\x03\x7a\x2e\x06\
\x03\x86\x7f\x2e\x03\xfa\0\x2e\x05\x1d\x06\x34\x05\x1b\x06\x20\x05\x11\x06\x03\
\x7a\x2e\x06\x03\x86\x7f\x2e\x03\xfa\0\x2e\x05\x1d\x06\x34\x05\x1b\x06\x20\x05\
\x11\x06\x03\x7a\x2e\x06\x03\x86\x7f\x2e\x03\xfa\0\x2e\x05\x1d\x06\x34\x05\x1b\
\x06\x20\x05\x11\x06\x03\x7a\x2e\x06\x03\x86\x7f\x2e\x03\xfa\0\x2e\x05\x1d\x06\
\x34\x05\x1b\x06\x20\x05\x11\x06\x03\x7a\x2e\x06\x03\x86\x7f\x2e\x03\xfa\0\x2e\
\x05\x1d\x06\x34\x05\x1b\x06\x20\x05\x11\x06\x03\x7a\x2e\x06\x03\x86\x7f\x2e\
\x03\xfa\0\x2e\x05\x1d\x06\x34\x05\x1b\x06\x20\x05\x11\x06\x03\x7a\x2e\x06\x03\
\x86\x7f\x2e\x03\xfa\0\x2e\x05\x1d\x06\x34\x05\x1b\x06\x20\x05\x11\x06\x03\x7a\
\x2e\x06\x03\x86\x7f\x2e\x03\xfa\0\x2e\x05\x1d\x06\x34\x05\x1b\x06\x20\x05\x11\
\x06\x03\x7a\x2e\x06\x03\x86\x7f\x2e\x03\xfa\0\x2e\x05\x1d\x06\x34\x05\x1b\x06\
\x20\x05\x11\x06\x03\x7a\x2e\x06\x03\x86\x7f\x2e\x03\xfa\0\x2e\x05\x1d\x06\x34\
\x05\x1b\x06\x20\x05\x11\x06\x03\x7a\x2e\x06\x03\x86\x7f\x2e\x03\xfa\0\x2e\x05\
\x1d\x06\x34\x05\x1b\x06\x20\x05\x11\x06\x03\x7a\x2e\x06\x03\x86\x7f\x2e\x03\
\xfa\0\x2e\x05\x1d\x06\x34\x05\x1b\x06\x20\x05\x11\x06\x03\x7a\x2e\x06\x03\x86\
\x7f\x2e\x03\xfa\0\x2e\x05\x1d\x06\x34\x05\x1b\x06\x20\x05\x11\x06\x03\x7a\x2e\
\x06\x03\x86\x7f\x2e\x03\xfa\0\x2e\x05\x1d\x06\x34\x05\x1b\x06\x20\x05\x11\x06\
\x03\x7a\x2e\x06\x03\x86\x7f\x2e\x03\xfa\0\x2e\x05\x1d\x06\x34\x05\x1b\x06\x20\
\x05\x11\x06\x03\x7a\x2e\x06\x03\x86\x7f\x2e\x03\xfa\0\x2e\x05\x1d\x06\x34\x05\
\x1b\x06\x20\x05\x11\x06\x03\x7a\x2e\x06\x03\x86\x7f\x2e\x03\xfa\0\x2e\x05\x1d\
\x06\x34\x05\x1b\x06\x20\x05\x11\x06\x03\x7a\x2e\x06\x03\x86\x7f\x2e\x03\xfa\0\
\x2e\x05\x1d\x06\x34\x05\x1b\x06\x20\x05\x11\x06\x03\x7a\x2e\x06\x03\x86\x7f\
\x2e\x03\xfa\0\x2e\x05\x1d\x06\x34\x05\x1b\x06\x20\x05\x11\x06\x03\x7a\x2e\x06\
\x03\x86\x7f\x2e\x03\xfa\0\x2e\x05\x1d\x06\x34\x05\x1b\x06\x20\x05\x11\x06\x03\
\x7a\x2e\x06\x03\x86\x7f\x2e\x03\xfa\0\x2e\x05\x1d\x06\x34\x05\x1b\x06\x20\x05\
\x11\x06\x03\x7a\x2e\x06\x03\x86\x7f\x2e\x03\xfa\0\x2e\x05\x1d\x06\x34\x05\x1b\
\x06\x20\x05\x11\x06\x03\x7a\x2e\x06\x03\x86\x7f\x2e\x03\xfa\0\x2e\x05\x1d\x06\
\x34\x05\x1b\x06\x20\x05\x11\x06\x03\x7a\x2e\x06\x03\x86\x7f\x2e\x03\xfa\0\x2e\
\x05\x1d\x06\x34\x05\x1b\x06\x20\x05\x11\x06\x03\x7a\x2e\x06\x03\x86\x7f\x2e\
\x03\xfa\0\x2e\x05\x1d\x06\x34\x05\x1b\x06\x20\x05\x11\x06\x03\x7a\x2e\x06\x03\
\x86\x7f\x2e\x03\xfa\0\x2e\x05\x1d\x06\x34\x05\x1b\x06\x20\x05\x11\x06\x03\x7a\
\x2e\x06\x03\x86\x7f\x2e\x03\xfa\0\x2e\x05\x1d\x06\x34\x05\x1b\x06\x20\x05\x11\
\x06\x03\x7a\x2e\x06\x03\x86\x7f\x2e\x03\xfa\0\x2e\x05\x1d\x06\x34\x05\x1b\x06\
\x20\x05\x11\x06\x03\x7a\x2e\x06\x03\x86\x7f\x2e\x03\xfa\0\x2e\x05\x1d\x06\x34\
\x05\x1b\x06\x20\x05\x11\x06\x03\x7a\x2e\x06\x03\x86\x7f\x2e\x03\xfa\0\x2e\x05\
\x1d\x06\x34\x05\x1b\x06\x20\x05\x11\x06\x03\x7a\x2e\x06\x03\x86\x7f\x2e\x03\
\xfa\0\x2e\x05\x1d\x06\x34\x05\x1b\x06\x20\x05\x11\x06\x03\x7a\x2e\x06\x03\x86\
\x7f\x2e\x03\xfa\0\x2e\x05\x1d\x06\x34\x05\x1b\x06\x20\x05\x11\x06\x03\x7a\x2e\
\x06\x03\x86\x7f\x2e\x03\xfa\0\x2e\x05\x1d\x06\x34\x05\x1b\x06\x20\x05\x11\x06\
\x03\x7a\x2e\x06\x03\x86\x7f\x2e\x03\xfa\0\x2e\x05\x1d\x06\x34\x05\x1b\x06\x20\
\x05\x11\x06\x03\x7a\x2e\x06\x03\x86\x7f\x2e\x03\xfa\0\x2e\x05\x1d\x06\x34\x05\
\x1b\x06\x20\x05\x11\x06\x03\x7a\x2e\x06\x03\x86\x7f\x2e\x03\xfa\0\x2e\x05\x1d\
\x06\x34\x05\x1b\x06\x20\x05\x11\x06\x03\x7a\x2e\x06\x03\x86\x7f\x2e\x03\xfa\0\
\x2e\x05\x1d\x06\x34\x05\x1b\x06\x20\x05\x11\x06\x03\x7a\x2e\x06\x03\x86\x7f\
\x2e\x03\xfa\0\x2e\x05\x1d\x06\x34\x05\x1b\x06\x20\x05\x11\x06\x03\x7a\x2e\x06\
\x03\x86\x7f\x2e\x03\xfa\0\x2e\x05\x1d\x06\x34\x05\x1b\x06\x20\x05\x11\x06\x03\
\x7a\x2e\x06\x03\x86\x7f\x2e\x03\xfa\0\x2e\x05\x1d\x06\x34\x05\x1b\x06\x20\x05\
\x11\x06\x03\x7a\x2e\x06\x03\x86\x7f\x2e\x03\xfa\0\x2e\x05\x1d\x06\x34\x05\x1b\
\x06\x20\x05\x11\x06\x03\x7a\x2e\x06\x03\x86\x7f\x2e\x03\xfa\0\x2e\x05\x1d\x06\
\x34\x05\x1b\x06\x20\x05\x11\x06\x03\x7a\x2e\x06\x03\x86\x7f\x2e\x03\xfa\0\x2e\
\x05\x1d\x06\x34\x05\x1b\x06\x20\x05\x11\x06\x03\x7a\x2e\x06\x03\x86\x7f\x2e\
\x03\xfa\0\x2e\x05\x1d\x06\x34\x05\x1b\x06\x20\x05\x11\x06\x03\x7a\x2e\x06\x03\
\x86\x7f\x2e\x03\xfa\0\x2e\x05\x1d\x06\x34\x05\x1b\x06\x20\x05\x11\x06\x03\x7a\
\x2e\x06\x03\x86\x7f\x2e\x03\xfa\0\x2e\x05\x1d\x06\x34\x05\x1b\x06\x20\x05\x11\
\x06\x03\x7a\x2e\x06\x03\x86\x7f\x2e\x03\xfa\0\x2e\x05\x1d\x06\x34\x05\x1b\x06\
\x20\x05\x11\x06\x03\x7a\x2e\x06\x03\x86\x7f\x2e\x03\xfa\0\x2e\x05\x1d\x06\x34\
\x05\x1b\x06\x20\x05\x11\x06\x03\x7a\x2e\x06\x03\x86\x7f\x2e\x03\xfa\0\x2e\x05\
\x1d\x06\x34\x05\x1b\x06\x20\x05\x11\x06\x03\x7a\x2e\x06\x03\x86\x7f\x2e\x03\
\xfa\0\x2e\x05\x1d\x06\x34\x05\x1b\x06\x20\x05\x09\x06\x34\x06\x03\xfa\x7e\x20\
\x05\x21\x06\x03\x8d\x01\x20\x06\x03\xf3\x7e\x20\x05\x1d\x06\x03\x8f\x01\x20\
\x05\x1b\x06\x20\x05\x1d\x06\x1f\x05\x1b\x06\x2e\x06\x1f\x05\x23\x23\x05\x1d\
\x06\x20\x03\xf0\x7e\x20\x05\x38\x06\x03\x92\x01\x2e\x06\x03\xee\x7e\x4a\x05\
\x0d\x06\x03\x94\x01\x20\x05\x4c\x22\x06\x03\xea\x7e\xac\x04\x03\x05\x0c\x06\
\x03\xce\0\x2e\x04\0\x05\x10\x03\xc9\0\x3c\x04\x03\x05\x26\x03\x55\x20\x05\x2a\
\x06\x20\x05\x1f\x2e\x05\x1b\x06\x2b\x05\x10\x24\x05\0\x06\x03\x93\x7f\x20\x05\
\x0d\x06\x03\xef\0\x9e\x05\x16\x06\x20\x05\x1a\x06\x22\x05\x1f\x06\x2e\x03\x8f\
\x7f\x20\x05\x14\x06\x03\xf3\0\x4a\x05\x1d\x06\x20\x05\x1a\x06\x22\x05\x1f\x06\
\x2e\x03\x8b\x7f\x20\x05\x12\x06\x03\xf6\0\x3c\x05\x18\x06\x20\x05\x23\x06\x03\
\x49\x20\x05\x20\x2f\x05\x23\x2d\x05\x0a\x06\x20\x05\x16\x06\x22\x05\x0a\x2d\
\x05\x16\x22\x05\x0a\x2d\x05\x14\x1d\x05\x1a\x06\x20\x05\x0a\x06\x24\x05\x21\
\x21\x05\x12\x06\x2e\x05\x19\x20\x05\x21\x06\x21\x05\x12\x06\x2e\x05\x19\x20\
\x05\x12\x06\x21\x05\x19\x06\x2e\x05\x0c\x06\x21\x05\x0a\x06\x20\x03\xba\x7f\
\x20\x05\x23\x06\x03\x3f\x4a\x05\x20\x21\x05\x23\x2d\x05\x0a\x06\x20\x05\x16\
\x06\x22\x05\x0a\x2d\x05\x16\x22\x05\x0a\x2d\x05\x14\x1d\x05\x1a\x06\x20\x05\
\x0a\x06\x24\x05\x21\x21\x05\x12\x06\x2e\x05\x19\x20\x05\x21\x06\x21\x05\x12\
\x06\x2e\x05\x19\x20\x05\x12\x06\x21\x05\x19\x06\x2e\x05\x0c\x06\x21\x05\x0a\
\x06\x20\x05\x0f\x06\x03\x36\x20\x06\x03\x84\x7f\x3c\x05\x09\x06\x03\xff\0\x20\
\xe5\x04\0\x05\x15\x03\x1d\x08\x12\x08\x13\x05\x25\xbc\x05\x1e\x06\x20\x05\x2b\
\x06\xad\x05\x20\x4c\x05\x1e\x72\x05\x2f\x4d\x05\x20\x06\x4a\x05\x15\x06\x4c\
\x05\x34\x30\x05\0\x06\x03\xd8\x7e\x74\x05\x0d\x06\x03\xc2\x01\x66\x06\x03\xbe\
\x7e\x20\x04\x03\x05\x09\x06\x03\xd2\0\x20\x05\x1c\x3d\x06\x03\xad\x7f\x3c\x05\
\x09\x06\x03\xd4\0\x2e\x05\x17\x21\x05\x09\x06\x20\x05\x15\x06\x21\x04\0\x05\0\
\x06\x03\xaa\x7f\x20\x04\x03\x05\x0c\x06\x03\xd7\0\x66\x04\0\x05\x0d\x03\xdb\0\
\x4a\x05\x1d\x26\x06\x03\xc8\x7e\x2e\x04\x03\x05\x14\x06\x03\xdc\0\x2e\x04\0\
\x05\x0d\x03\xdc\0\x3c\x21\x04\x03\x03\x5b\x20\x05\x11\x06\x2e\x05\x26\x06\x22\
\x05\x2a\x06\x20\x05\x1f\x2e\x03\xea\x7e\x2e\x05\x10\x06\x03\x97\x01\x20\x05\
\x1d\x26\x06\x03\xe3\x7e\x20\x05\x19\x06\x03\x9e\x01\x20\x05\x17\x06\x20\x06\
\x1f\x06\x03\xe3\x7e\x20\x05\x19\x06\x03\x9f\x01\x20\x05\x17\x06\x20\x05\x1f\
\x06\x21\x05\x19\x06\x20\x05\x1e\x06\x23\x05\x18\x21\x1f\x05\x21\x22\x05\x1b\
\x06\x20\x05\x22\x06\x21\x05\x1b\x06\x2e\x03\xda\x7e\x20\x05\x05\x06\x03\xa7\
\x01\x3c\x06\x03\xd9\x7e\x74\x06\x03\xa9\x01\x4a\x05\x21\x4d\x05\x1b\x9d\x05\
\x0d\x23\x05\x16\x06\x20\x05\x1a\x06\x22\x05\x1f\x06\x2e\x03\xd0\x7e\x20\x05\
\x14\x06\x03\xb2\x01\x58\x05\x1d\x06\x2e\x05\x1a\x06\x22\x05\x1f\x06\x2e\x03\
\xcc\x7e\x20\x05\x12\x06\x03\xb5\x01\x4a\x05\x18\x06\x20\x05\x23\x06\x03\x8a\
\x7f\x20\x05\x20\x2f\x05\x23\x2d\x05\x0a\x06\x20\x05\x16\x06\x22\x05\x0a\x2d\
\x05\x16\x22\x05\x0a\x2d\x05\x14\x1d\x05\x1a\x06\x20\x05\x0a\x06\x24\x05\x21\
\x21\x05\x12\x06\x2e\x05\x19\x20\x05\x21\x06\x21\x05\x12\x06\x2e\x05\x19\x20\
\x05\x12\x06\x21\x05\x19\x06\x2e\x05\x0c\x06\x21\x05\x0a\x06\x20\x05\x23\x06\
\x03\x79\x20\x05\x20\x21\x05\x23\x2d\x05\x0a\x06\x20\x05\x16\x06\x22\x05\x0a\
\x2d\x05\x16\x22\x05\x0a\x2d\x06\x03\xbf\x7f\x20\x05\x14\x06\x03\x3e\x20\x05\
\x1a\x06\x20\x05\x0a\x06\x24\x05\x21\x21\x05\x12\x06\x2e\x05\x19\x20\x05\x21\
\x06\x21\x05\x12\x06\x2e\x05\x19\x20\x05\x12\x06\x21\x05\x19\x06\x2e\x05\x0c\
\x06\x21\x05\x0a\x06\x20\x05\x0f\x06\x03\xf3\0\x20\x06\x03\xc7\x7e\x2e\x05\x05\
\x06\x03\xbb\x01\x2e\xe5\x04\0\x05\x0d\xbe\x05\x2b\x3e\x05\x05\x87\x06\x03\xb9\
\x7e\x3c\x05\x01\x06\x03\xc9\x01\x20\x02\x02\0\x01\x01\x2f\x72\x6f\x6f\x74\x2f\
\x56\x41\x54\x45\x58\x2f\x58\x44\x50\x5f\x54\x45\x53\x54\0\x65\x62\x70\x66\0\
\x2f\x75\x73\x72\x2f\x69\x6e\x63\x6c\x75\x64\x65\x2f\x62\x70\x66\0\x65\x62\x70\
\x66\x2f\x78\x64\x70\x5f\x70\x72\x6f\x67\x2e\x62\x70\x66\x2e\x63\0\x76\x6d\x6c\
\x69\x6e\x75\x78\x2e\x68\0\x62\x70\x66\x5f\x68\x65\x6c\x70\x65\x72\x5f\x64\x65\
\x66\x73\x2e\x68\0\x6e\x61\x74\x5f\x6d\x61\x70\x2e\x68\0\x68\x65\x6c\x70\x73\
\x2e\x68\0\0\0\0\0\0\0\0\0\0\0\0\0\0\0\0\0\0\0\0\0\0\0\0\0\0\0\0\0\0\0\x55\x01\
\0\0\x04\0\xf1\xff\0\0\0\0\0\0\0\0\0\0\0\0\0\0\0\0\0\0\0\0\x03\0\x03\0\0\0\0\0\
\0\0\0\0\0\0\0\0\0\0\0\0\x2e\0\0\0\x01\0\x06\0\0\0\0\0\0\0\0\0\x29\0\0\0\0\0\0\
\0\0\0\0\0\x03\0\x06\0\0\0\0\0\0\0\0\0\0\0\0\0\0\0\0\0\0\0\0\0\x03\0\x08\0\0\0\
\0\0\0\0\0\0\0\0\0\0\0\0\0\0\0\0\0\0\x03\0\x09\0\0\0\0\0\0\0\0\0\0\0\0\0\0\0\0\
\0\0\0\0\0\x03\0\x0c\0\0\0\0\0\0\0\0\0\0\0\0\0\0\0\0\0\0\0\0\0\x03\0\x0d\0\0\0\
\0\0\0\0\0\0\0\0\0\0\0\0\0\0\0\0\0\0\x03\0\x0f\0\0\0\0\0\0\0\0\0\0\0\0\0\0\0\0\
\0\0\0\0\0\x03\0\x10\0\0\0\0\0\0\0\0\0\0\0\0\0\0\0\0\0\0\0\0\0\x03\0\x16\0\0\0\
\0\0\0\0\0\0\0\0\0\0\0\0\0\0\0\0\0\0\x03\0\x18\0\0\0\0\0\0\0\0\0\0\0\0\0\0\0\0\
\0\0\0\0\0\x03\0\x1a\0\0\0\0\0\0\0\0\0\0\0\0\0\0\0\0\0\xaf\0\0\0\x12\0\x03\0\0\
\0\0\0\0\0\0\0\x48\x77\x02\0\0\0\0\0\xfd\0\0\0\x11\0\x05\0\x30\0\0\0\0\0\0\0\
\x20\0\0\0\0\0\0\0\xc2\0\0\0\x11\0\x05\0\0\0\0\0\0\0\0\0\x10\0\0\0\0\0\0\0\x47\
\x01\0\0\x11\0\x05\0\x10\0\0\0\0\0\0\0\x20\0\0\0\0\0\0\0\x01\0\0\0\x11\0\x05\0\
\x50\0\0\0\0\0\0\0\x20\0\0\0\0\0\0\0\x80\0\0\0\x11\0\x05\0\x70\0\0\0\0\0\0\0\
\x20\0\0\0\0\0\0\0\x85\x01\0\0\x11\0\x07\0\0\0\0\0\0\0\0\0\x04\0\0\0\0\0\0\0\
\x68\0\0\0\0\0\0\0\x01\0\0\0\x0f\0\0\0\x98\x02\0\0\0\0\0\0\x01\0\0\0\x10\0\0\0\
\xc8\x02\0\0\0\0\0\0\x01\0\0\0\x04\0\0\0\x38\x69\x02\0\0\0\0\0\x01\0\0\0\x11\0\
\0\0\xd0\x69\x02\0\0\0\0\0\x01\0\0\0\x0f\0\0\0\xa8\x70\x02\0\0\0\0\0\x01\0\0\0\
\x12\0\0\0\x20\x71\x02\0\0\0\0\0\x01\0\0\0\x0f\0\0\0\x68\x71\x02\0\0\0\0\0\x01\
\0\0\0\x13\0\0\0\xe0\x72\x02\0\0\0\0\0\x01\0\0\0\x11\0\0\0\x08\0\0\0\0\0\0\0\
\x03\0\0\0\x06\0\0\0\x11\0\0\0\0\0\0\0\x03\0\0\0\x08\0\0\0\x15\0\0\0\0\0\0\0\
\x03\0\0\0\x0c\0\0\0\x1f\0\0\0\0\0\0\0\x03\0\0\0\x0a\0\0\0\x23\0\0\0\0\0\0\0\
\x03\0\0\0\x07\0\0\0\x27\0\0\0\0\0\0\0\x03\0\0\0\x05\0\0\0\x08\0\0\0\0\0\0\0\
\x03\0\0\0\x09\0\0\0\x0c\0\0\0\0\0\0\0\x03\0\0\0\x09\0\0\0\x10\0\0\0\0\0\0\0\
\x03\0\0\0\x09\0\0\0\x14\0\0\0\0\0\0\0\x03\0\0\0\x09\0\0\0\x18\0\0\0\0\0\0\0\
\x03\0\0\0\x09\0\0\0\x1c\0\0\0\0\0\0\0\x03\0\0\0\x09\0\0\0\x20\0\0\0\0\0\0\0\
\x03\0\0\0\x09\0\0\0\x24\0\0\0\0\0\0\0\x03\0\0\0\x09\0\0\0\x28\0\0\0\0\0\0\0\
\x03\0\0\0\x09\0\0\0\x2c\0\0\0\0\0\0\0\x03\0\0\0\x09\0\0\0\x30\0\0\0\0\0\0\0\
\x03\0\0\0\x09\0\0\0\x34\0\0\0\0\0\0\0\x03\0\0\0\x09\0\0\0\x38\0\0\0\0\0\0\0\
\x03\0\0\0\x09\0\0\0\x3c\0\0\0\0\0\0\0\x03\0\0\0\x09\0\0\0\x40\0\0\0\0\0\0\0\
\x03\0\0\0\x09\0\0\0\x44\0\0\0\0\0\0\0\x03\0\0\0\x09\0\0\0\x48\0\0\0\0\0\0\0\
\x03\0\0\0\x09\0\0\0\x4c\0\0\0\0\0\0\0\x03\0\0\0\x09\0\0\0\x50\0\0\0\0\0\0\0\
\x03\0\0\0\x09\0\0\0\x54\0\0\0\0\0\0\0\x03\0\0\0\x09\0\0\0\x58\0\0\0\0\0\0\0\
\x03\0\0\0\x09\0\0\0\x5c\0\0\0\0\0\0\0\x03\0\0\0\x09\0\0\0\x60\0\0\0\0\0\0\0\
\x03\0\0\0\x09\0\0\0\x64\0\0\0\0\0\0\0\x03\0\0\0\x09\0\0\0\x68\0\0\0\0\0\0\0\
\x03\0\0\0\x09\0\0\0\x6c\0\0\0\0\0\0\0\x03\0\0\0\x09\0\0\0\x70\0\0\0\0\0\0\0\
\x03\0\0\0\x09\0\0\0\x74\0\0\0\0\0\0\0\x03\0\0\0\x09\0\0\0\x78\0\0\0\0\0\0\0\
\x03\0\0\0\x09\0\0\0\x7c\0\0\0\0\0\0\0\x03\0\0\0\x09\0\0\0\x80\0\0\0\0\0\0\0\
\x03\0\0\0\x09\0\0\0\x84\0\0\0\0\0\0\0\x03\0\0\0\x09\0\0\0\x88\0\0\0\0\0\0\0\
\x03\0\0\0\x09\0\0\0\x8c\0\0\0\0\0\0\0\x03\0\0\0\x09\0\0\0\x90\0\0\0\0\0\0\0\
\x03\0\0\0\x09\0\0\0\x94\0\0\0\0\0\0\0\x03\0\0\0\x09\0\0\0\x98\0\0\0\0\0\0\0\
\x03\0\0\0\x09\0\0\0\x9c\0\0\0\0\0\0\0\x03\0\0\0\x09\0\0\0\xa0\0\0\0\0\0\0\0\
\x03\0\0\0\x09\0\0\0\xa4\0\0\0\0\0\0\0\x03\0\0\0\x09\0\0\0\xa8\0\0\0\0\0\0\0\
\x03\0\0\0\x09\0\0\0\xac\0\0\0\0\0\0\0\x03\0\0\0\x09\0\0\0\xb0\0\0\0\0\0\0\0\
\x03\0\0\0\x09\0\0\0\xb4\0\0\0\0\0\0\0\x03\0\0\0\x09\0\0\0\xb8\0\0\0\0\0\0\0\
\x03\0\0\0\x09\0\0\0\xbc\0\0\0\0\0\0\0\x03\0\0\0\x09\0\0\0\xc0\0\0\0\0\0\0\0\
\x03\0\0\0\x09\0\0\0\xc4\0\0\0\0\0\0\0\x03\0\0\0\x09\0\0\0\xc8\0\0\0\0\0\0\0\
\x03\0\0\0\x09\0\0\0\xcc\0\0\0\0\0\0\0\x03\0\0\0\x09\0\0\0\xd0\0\0\0\0\0\0\0\
\x03\0\0\0\x09\0\0\0\xd4\0\0\0\0\0\0\0\x03\0\0\0\x09\0\0\0\xd8\0\0\0\0\0\0\0\
\x03\0\0\0\x09\0\0\0\xdc\0\0\0\0\0\0\0\x03\0\0\0\x09\0\0\0\xe0\0\0\0\0\0\0\0\
\x03\0\0\0\x09\0\0\0\xe4\0\0\0\0\0\0\0\x03\0\0\0\x09\0\0\0\xe8\0\0\0\0\0\0\0\
\x03\0\0\0\x09\0\0\0\xec\0\0\0\0\0\0\0\x03\0\0\0\x09\0\0\0\xf0\0\0\0\0\0\0\0\
\x03\0\0\0\x09\0\0\0\xf4\0\0\0\0\0\0\0\x03\0\0\0\x09\0\0\0\xf8\0\0\0\0\0\0\0\
\x03\0\0\0\x09\0\0\0\xfc\0\0\0\0\0\0\0\x03\0\0\0\x09\0\0\0\0\x01\0\0\0\0\0\0\
\x03\0\0\0\x09\0\0\0\x04\x01\0\0\0\0\0\0\x03\0\0\0\x09\0\0\0\x08\x01\0\0\0\0\0\
\0\x03\0\0\0\x09\0\0\0\x0c\x01\0\0\0\0\0\0\x03\0\0\0\x09\0\0\0\x10\x01\0\0\0\0\
\0\0\x03\0\0\0\x09\0\0\0\x14\x01\0\0\0\0\0\0\x03\0\0\0\x09\0\0\0\x18\x01\0\0\0\
\0\0\0\x03\0\0\0\x09\0\0\0\x1c\x01\0\0\0\0\0\0\x03\0\0\0\x09\0\0\0\x20\x01\0\0\
\0\0\0\0\x03\0\0\0\x09\0\0\0\x24\x01\0\0\0\0\0\0\x03\0\0\0\x09\0\0\0\x28\x01\0\
\0\0\0\0\0\x03\0\0\0\x09\0\0\0\x2c\x01\0\0\0\0\0\0\x03\0\0\0\x09\0\0\0\x30\x01\
\0\0\0\0\0\0\x03\0\0\0\x09\0\0\0\x34\x01\0\0\0\0\0\0\x03\0\0\0\x09\0\0\0\x38\
\x01\0\0\0\0\0\0\x03\0\0\0\x09\0\0\0\x3c\x01\0\0\0\0\0\0\x03\0\0\0\x09\0\0\0\
\x40\x01\0\0\0\0\0\0\x03\0\0\0\x09\0\0\0\x44\x01\0\0\0\0\0\0\x03\0\0\0\x09\0\0\
\0\x48\x01\0\0\0\0\0\0\x03\0\0\0\x09\0\0\0\x4c\x01\0\0\0\0\0\0\x03\0\0\0\x09\0\
\0\0\x50\x01\0\0\0\0\0\0\x03\0\0\0\x09\0\0\0\x54\x01\0\0\0\0\0\0\x03\0\0\0\x09\
\0\0\0\x58\x01\0\0\0\0\0\0\x03\0\0\0\x09\0\0\0\x5c\x01\0\0\0\0\0\0\x03\0\0\0\
\x09\0\0\0\x60\x01\0\0\0\0\0\0\x03\0\0\0\x09\0\0\0\x64\x01\0\0\0\0\0\0\x03\0\0\
\0\x09\0\0\0\x68\x01\0\0\0\0\0\0\x03\0\0\0\x09\0\0\0\x6c\x01\0\0\0\0\0\0\x03\0\
\0\0\x09\0\0\0\x70\x01\0\0\0\0\0\0\x03\0\0\0\x09\0\0\0\x74\x01\0\0\0\0\0\0\x03\
\0\0\0\x09\0\0\0\x78\x01\0\0\0\0\0\0\x03\0\0\0\x09\0\0\0\x7c\x01\0\0\0\0\0\0\
\x03\0\0\0\x09\0\0\0\x80\x01\0\0\0\0\0\0\x03\0\0\0\x09\0\0\0\x84\x01\0\0\0\0\0\
\0\x03\0\0\0\x09\0\0\0\x88\x01\0\0\0\0\0\0\x03\0\0\0\x09\0\0\0\x8c\x01\0\0\0\0\
\0\0\x03\0\0\0\x09\0\0\0\x90\x01\0\0\0\0\0\0\x03\0\0\0\x09\0\0\0\x94\x01\0\0\0\
\0\0\0\x03\0\0\0\x09\0\0\0\x98\x01\0\0\0\0\0\0\x03\0\0\0\x09\0\0\0\x9c\x01\0\0\
\0\0\0\0\x03\0\0\0\x09\0\0\0\xa0\x01\0\0\0\0\0\0\x03\0\0\0\x09\0\0\0\xa4\x01\0\
\0\0\0\0\0\x03\0\0\0\x09\0\0\0\xa8\x01\0\0\0\0\0\0\x03\0\0\0\x09\0\0\0\xac\x01\
\0\0\0\0\0\0\x03\0\0\0\x09\0\0\0\xb0\x01\0\0\0\0\0\0\x03\0\0\0\x09\0\0\0\xb4\
\x01\0\0\0\0\0\0\x03\0\0\0\x09\0\0\0\xb8\x01\0\0\0\0\0\0\x03\0\0\0\x09\0\0\0\
\xbc\x01\0\0\0\0\0\0\x03\0\0\0\x09\0\0\0\xc0\x01\0\0\0\0\0\0\x03\0\0\0\x09\0\0\
\0\xc4\x01\0\0\0\0\0\0\x03\0\0\0\x09\0\0\0\xc8\x01\0\0\0\0\0\0\x03\0\0\0\x09\0\
\0\0\xcc\x01\0\0\0\0\0\0\x03\0\0\0\x09\0\0\0\xd0\x01\0\0\0\0\0\0\x03\0\0\0\x09\
\0\0\0\xd4\x01\0\0\0\0\0\0\x03\0\0\0\x09\0\0\0\xd8\x01\0\0\0\0\0\0\x03\0\0\0\
\x09\0\0\0\xdc\x01\0\0\0\0\0\0\x03\0\0\0\x09\0\0\0\xe0\x01\0\0\0\0\0\0\x03\0\0\
\0\x09\0\0\0\xe4\x01\0\0\0\0\0\0\x03\0\0\0\x09\0\0\0\xe8\x01\0\0\0\0\0\0\x03\0\
\0\0\x09\0\0\0\xec\x01\0\0\0\0\0\0\x03\0\0\0\x09\0\0\0\xf0\x01\0\0\0\0\0\0\x03\
\0\0\0\x09\0\0\0\xf4\x01\0\0\0\0\0\0\x03\0\0\0\x09\0\0\0\xf8\x01\0\0\0\0\0\0\
\x03\0\0\0\x09\0\0\0\xfc\x01\0\0\0\0\0\0\x03\0\0\0\x09\0\0\0\0\x02\0\0\0\0\0\0\
\x03\0\0\0\x09\0\0\0\x04\x02\0\0\0\0\0\0\x03\0\0\0\x09\0\0\0\x08\x02\0\0\0\0\0\
\0\x03\0\0\0\x09\0\0\0\x0c\x02\0\0\0\0\0\0\x03\0\0\0\x09\0\0\0\x10\x02\0\0\0\0\
\0\0\x03\0\0\0\x09\0\0\0\x14\x02\0\0\0\0\0\0\x03\0\0\0\x09\0\0\0\x18\x02\0\0\0\
\0\0\0\x03\0\0\0\x09\0\0\0\x1c\x02\0\0\0\0\0\0\x03\0\0\0\x09\0\0\0\x20\x02\0\0\
\0\0\0\0\x03\0\0\0\x09\0\0\0\x24\x02\0\0\0\0\0\0\x03\0\0\0\x09\0\0\0\x28\x02\0\
\0\0\0\0\0\x03\0\0\0\x09\0\0\0\x2c\x02\0\0\0\0\0\0\x03\0\0\0\x09\0\0\0\x30\x02\
\0\0\0\0\0\0\x03\0\0\0\x09\0\0\0\x34\x02\0\0\0\0\0\0\x03\0\0\0\x09\0\0\0\x38\
\x02\0\0\0\0\0\0\x03\0\0\0\x09\0\0\0\x3c\x02\0\0\0\0\0\0\x03\0\0\0\x09\0\0\0\
\x40\x02\0\0\0\0\0\0\x03\0\0\0\x09\0\0\0\x44\x02\0\0\0\0\0\0\x03\0\0\0\x09\0\0\
\0\x48\x02\0\0\0\0\0\0\x03\0\0\0\x09\0\0\0\x4c\x02\0\0\0\0\0\0\x03\0\0\0\x09\0\
\0\0\x50\x02\0\0\0\0\0\0\x03\0\0\0\x09\0\0\0\x54\x02\0\0\0\0\0\0\x03\0\0\0\x09\
\0\0\0\x58\x02\0\0\0\0\0\0\x03\0\0\0\x09\0\0\0\x5c\x02\0\0\0\0\0\0\x03\0\0\0\
\x09\0\0\0\x60\x02\0\0\0\0\0\0\x03\0\0\0\x09\0\0\0\x64\x02\0\0\0\0\0\0\x03\0\0\
\0\x09\0\0\0\x68\x02\0\0\0\0\0\0\x03\0\0\0\x09\0\0\0\x6c\x02\0\0\0\0\0\0\x03\0\
\0\0\x09\0\0\0\x70\x02\0\0\0\0\0\0\x03\0\0\0\x09\0\0\0\x74\x02\0\0\0\0\0\0\x03\
\0\0\0\x09\0\0\0\x78\x02\0\0\0\0\0\0\x03\0\0\0\x09\0\0\0\x7c\x02\0\0\0\0\0\0\
\x03\0\0\0\x09\0\0\0\x80\x02\0\0\0\0\0\0\x03\0\0\0\x09\0\0\0\x84\x02\0\0\0\0\0\
\0\x03\0\0\0\x09\0\0\0\x88\x02\0\0\0\0\0\0\x03\0\0\0\x09\0\0\0\x8c\x02\0\0\0\0\
\0\0\x03\0\0\0\x09\0\0\0\x90\x02\0\0\0\0\0\0\x03\0\0\0\x09\0\0\0\x94\x02\0\0\0\
\0\0\0\x03\0\0\0\x09\0\0\0\x98\x02\0\0\0\0\0\0\x03\0\0\0\x09\0\0\0\x9c\x02\0\0\
\0\0\0\0\x03\0\0\0\x09\0\0\0\xa0\x02\0\0\0\0\0\0\x03\0\0\0\x09\0\0\0\xa4\x02\0\
\0\0\0\0\0\x03\0\0\0\x09\0\0\0\xa8\x02\0\0\0\0\0\0\x03\0\0\0\x09\0\0\0\xac\x02\
\0\0\0\0\0\0\x03\0\0\0\x09\0\0\0\xb0\x02\0\0\0\0\0\0\x03\0\0\0\x09\0\0\0\xb4\
\x02\0\0\0\0\0\0\x03\0\0\0\x09\0\0\0\xb8\x02\0\0\0\0\0\0\x03\0\0\0\x09\0\0\0\
\xbc\x02\0\0\0\0\0\0\x03\0\0\0\x09\0\0\0\xc0\x02\0\0\0\0\0\0\x03\0\0\0\x09\0\0\
\0\xc4\x02\0\0\0\0\0\0\x03\0\0\0\x09\0\0\0\xc8\x02\0\0\0\0\0\0\x03\0\0\0\x09\0\
\0\0\xcc\x02\0\0\0\0\0\0\x03\0\0\0\x09\0\0\0\xd0\x02\0\0\0\0\0\0\x03\0\0\0\x09\
\0\0\0\xd4\x02\0\0\0\0\0\0\x03\0\0\0\x09\0\0\0\xd8\x02\0\0\0\0\0\0\x03\0\0\0\
\x09\0\0\0\xdc\x02\0\0\0\0\0\0\x03\0\0\0\x09\0\0\0\xe0\x02\0\0\0\0\0\0\x03\0\0\
\0\x09\0\0\0\xe4\x02\0\0\0\0\0\0\x03\0\0\0\x09\0\0\0\xe8\x02\0\0\0\0\0\0\x03\0\
\0\0\x09\0\0\0\xec\x02\0\0\0\0\0\0\x03\0\0\0\x09\0\0\0\xf0\x02\0\0\0\0\0\0\x03\
\0\0\0\x09\0\0\0\xf4\x02\0\0\0\0\0\0\x03\0\0\0\x09\0\0\0\xf8\x02\0\0\0\0\0\0\
\x03\0\0\0\x09\0\0\0\xfc\x02\0\0\0\0\0\0\x03\0\0\0\x09\0\0\0\0\x03\0\0\0\0\0\0\
\x03\0\0\0\x09\0\0\0\x04\x03\0\0\0\0\0\0\x03\0\0\0\x09\0\0\0\x08\x03\0\0\0\0\0\
\0\x03\0\0\0\x09\0\0\0\x0c\x03\0\0\0\0\0\0\x03\0\0\0\x09\0\0\0\x10\x03\0\0\0\0\
\0\0\x03\0\0\0\x09\0\0\0\x14\x03\0\0\0\0\0\0\x03\0\0\0\x09\0\0\0\x18\x03\0\0\0\
\0\0\0\x03\0\0\0\x09\0\0\0\x1c\x03\0\0\0\0\0\0\x03\0\0\0\x09\0\0\0\x08\0\0\0\0\
\0\0\0\x02\0\0\0\x04\0\0\0\x10\0\0\0\0\0\0\0\x02\0\0\0\x14\0\0\0\x18\0\0\0\0\0\
\0\0\x02\0\0\0\x0f\0\0\0\x20\0\0\0\0\0\0\0\x02\0\0\0\x12\0\0\0\x28\0\0\0\0\0\0\
\0\x02\0\0\0\x13\0\0\0\x30\0\0\0\0\0\0\0\x02\0\0\0\x11\0\0\0\x38\0\0\0\0\0\0\0\
\x02\0\0\0\x10\0\0\0\x40\0\0\0\0\0\0\0\x02\0\0\0\x02\0\0\0\x48\0\0\0\0\0\0\0\
\x02\0\0\0\x02\0\0\0\x50\0\0\0\0\0\0\0\x02\0\0\0\x02\0\0\0\x58\0\0\0\0\0\0\0\
\x02\0\0\0\x02\0\0\0\x60\0\0\0\0\0\0\0\x02\0\0\0\x02\0\0\0\x68\0\0\0\0\0\0\0\
\x02\0\0\0\x02\0\0\0\x70\0\0\0\0\0\0\0\x02\0\0\0\x02\0\0\0\x78\0\0\0\0\0\0\0\
\x02\0\0\0\x02\0\0\0\x80\0\0\0\0\0\0\0\x02\0\0\0\x02\0\0\0\x88\0\0\0\0\0\0\0\
\x02\0\0\0\x02\0\0\0\x90\0\0\0\0\0\0\0\x02\0\0\0\x02\0\0\0\x98\0\0\0\0\0\0\0\
\x02\0\0\0\x02\0\0\0\xa0\0\0\0\0\0\0\0\x02\0\0\0\x02\0\0\0\xa8\0\0\0\0\0\0\0\
\x02\0\0\0\x02\0\0\0\xb0\0\0\0\0\0\0\0\x02\0\0\0\x02\0\0\0\xb8\0\0\0\0\0\0\0\
\x02\0\0\0\x02\0\0\0\xc0\0\0\0\0\0\0\0\x02\0\0\0\x02\0\0\0\xc8\0\0\0\0\0\0\0\
\x02\0\0\0\x02\0\0\0\xa8\x08\0\0\0\0\0\0\x04\0\0\0\x10\0\0\0\xb4\x08\0\0\0\0\0\
\0\x04\0\0\0\x11\0\0\0\xc0\x08\0\0\0\0\0\0\x04\0\0\0\x0f\0\0\0\xcc\x08\0\0\0\0\
\0\0\x04\0\0\0\x12\0\0\0\xd8\x08\0\0\0\0\0\0\x04\0\0\0\x13\0\0\0\xf0\x08\0\0\0\
\0\0\0\x03\0\0\0\x04\0\0\0\x08\x09\0\0\0\0\0\0\x04\0\0\0\x14\0\0\0\x2c\0\0\0\0\
\0\0\0\x04\0\0\0\x02\0\0\0\x40\0\0\0\0\0\0\0\x04\0\0\0\x02\0\0\0\x50\0\0\0\0\0\
\0\0\x04\0\0\0\x02\0\0\0\x60\0\0\0\0\0\0\0\x04\0\0\0\x02\0\0\0\x70\0\0\0\0\0\0\
\0\x04\0\0\0\x02\0\0\0\x80\0\0\0\0\0\0\0\x04\0\0\0\x02\0\0\0\x90\0\0\0\0\0\0\0\
\x04\0\0\0\x02\0\0\0\xa0\0\0\0\0\0\0\0\x04\0\0\0\x02\0\0\0\xb0\0\0\0\0\0\0\0\
\x04\0\0\0\x02\0\0\0\xc0\0\0\0\0\0\0\0\x04\0\0\0\x02\0\0\0\xd0\0\0\0\0\0\0\0\
\x04\0\0\0\x02\0\0\0\xe0\0\0\0\0\0\0\0\x04\0\0\0\x02\0\0\0\xf0\0\0\0\0\0\0\0\
\x04\0\0\0\x02\0\0\0\0\x01\0\0\0\0\0\0\x04\0\0\0\x02\0\0\0\x10\x01\0\0\0\0\0\0\
\x04\0\0\0\x02\0\0\0\x20\x01\0\0\0\0\0\0\x04\0\0\0\x02\0\0\0\x30\x01\0\0\0\0\0\
\0\x04\0\0\0\x02\0\0\0\x40\x01\0\0\0\0\0\0\x04\0\0\0\x02\0\0\0\x50\x01\0\0\0\0\
\0\0\x04\0\0\0\x02\0\0\0\x60\x01\0\0\0\0\0\0\x04\0\0\0\x02\0\0\0\x70\x01\0\0\0\
\0\0\0\x04\0\0\0\x02\0\0\0\x80\x01\0\0\0\0\0\0\x04\0\0\0\x02\0\0\0\x90\x01\0\0\
\0\0\0\0\x04\0\0\0\x02\0\0\0\xa0\x01\0\0\0\0\0\0\x04\0\0\0\x02\0\0\0\xb0\x01\0\
\0\0\0\0\0\x04\0\0\0\x02\0\0\0\xc0\x01\0\0\0\0\0\0\x04\0\0\0\x02\0\0\0\xd0\x01\
\0\0\0\0\0\0\x04\0\0\0\x02\0\0\0\xe0\x01\0\0\0\0\0\0\x04\0\0\0\x02\0\0\0\xf0\
\x01\0\0\0\0\0\0\x04\0\0\0\x02\0\0\0\0\x02\0\0\0\0\0\0\x04\0\0\0\x02\0\0\0\x10\
\x02\0\0\0\0\0\0\x04\0\0\0\x02\0\0\0\x20\x02\0\0\0\0\0\0\x04\0\0\0\x02\0\0\0\
\x30\x02\0\0\0\0\0\0\x04\0\0\0\x02\0\0\0\x40\x02\0\0\0\0\0\0\x04\0\0\0\x02\0\0\
\0\x50\x02\0\0\0\0\0\0\x04\0\0\0\x02\0\0\0\x60\x02\0\0\0\0\0\0\x04\0\0\0\x02\0\
\0\0\x70\x02\0\0\0\0\0\0\x04\0\0\0\x02\0\0\0\x80\x02\0\0\0\0\0\0\x04\0\0\0\x02\
\0\0\0\x90\x02\0\0\0\0\0\0\x04\0\0\0\x02\0\0\0\xa0\x02\0\0\0\0\0\0\x04\0\0\0\
\x02\0\0\0\xb0\x02\0\0\0\0\0\0\x04\0\0\0\x02\0\0\0\xc0\x02\0\0\0\0\0\0\x04\0\0\
\0\x02\0\0\0\xd0\x02\0\0\0\0\0\0\x04\0\0\0\x02\0\0\0\xe0\x02\0\0\0\0\0\0\x04\0\
\0\0\x02\0\0\0\xf0\x02\0\0\0\0\0\0\x04\0\0\0\x02\0\0\0\0\x03\0\0\0\0\0\0\x04\0\
\0\0\x02\0\0\0\x10\x03\0\0\0\0\0\0\x04\0\0\0\x02\0\0\0\x20\x03\0\0\0\0\0\0\x04\
\0\0\0\x02\0\0\0\x30\x03\0\0\0\0\0\0\x04\0\0\0\x02\0\0\0\x40\x03\0\0\0\0\0\0\
\x04\0\0\0\x02\0\0\0\x50\x03\0\0\0\0\0\0\x04\0\0\0\x02\0\0\0\x60\x03\0\0\0\0\0\
\0\x04\0\0\0\x02\0\0\0\x70\x03\0\0\0\0\0\0\x04\0\0\0\x02\0\0\0\x80\x03\0\0\0\0\
\0\0\x04\0\0\0\x02\0\0\0\x90\x03\0\0\0\0\0\0\x04\0\0\0\x02\0\0\0\xa0\x03\0\0\0\
\0\0\0\x04\0\0\0\x02\0\0\0\xb0\x03\0\0\0\0\0\0\x04\0\0\0\x02\0\0\0\xc0\x03\0\0\
\0\0\0\0\x04\0\0\0\x02\0\0\0\xd0\x03\0\0\0\0\0\0\x04\0\0\0\x02\0\0\0\xe0\x03\0\
\0\0\0\0\0\x04\0\0\0\x02\0\0\0\xf0\x03\0\0\0\0\0\0\x04\0\0\0\x02\0\0\0\0\x04\0\
\0\0\0\0\0\x04\0\0\0\x02\0\0\0\x10\x04\0\0\0\0\0\0\x04\0\0\0\x02\0\0\0\x20\x04\
\0\0\0\0\0\0\x04\0\0\0\x02\0\0\0\x30\x04\0\0\0\0\0\0\x04\0\0\0\x02\0\0\0\x40\
\x04\0\0\0\0\0\0\x04\0\0\0\x02\0\0\0\x50\x04\0\0\0\0\0\0\x04\0\0\0\x02\0\0\0\
\x60\x04\0\0\0\0\0\0\x04\0\0\0\x02\0\0\0\x70\x04\0\0\0\0\0\0\x04\0\0\0\x02\0\0\
\0\x80\x04\0\0\0\0\0\0\x04\0\0\0\x02\0\0\0\x90\x04\0\0\0\0\0\0\x04\0\0\0\x02\0\
\0\0\xa0\x04\0\0\0\0\0\0\x04\0\0\0\x02\0\0\0\xb0\x04\0\0\0\0\0\0\x04\0\0\0\x02\
\0\0\0\xc0\x04\0\0\0\0\0\0\x04\0\0\0\x02\0\0\0\xd0\x04\0\0\0\0\0\0\x04\0\0\0\
\x02\0\0\0\xe0\x04\0\0\0\0\0\0\x04\0\0\0\x02\0\0\0\xf0\x04\0\0\0\0\0\0\x04\0\0\
\0\x02\0\0\0\0\x05\0\0\0\0\0\0\x04\0\0\0\x02\0\0\0\x10\x05\0\0\0\0\0\0\x04\0\0\
\0\x02\0\0\0\x20\x05\0\0\0\0\0\0\x04\0\0\0\x02\0\0\0\x30\x05\0\0\0\0\0\0\x04\0\
\0\0\x02\0\0\0\x40\x05\0\0\0\0\0\0\x04\0\0\0\x02\0\0\0\x50\x05\0\0\0\0\0\0\x04\
\0\0\0\x02\0\0\0\x60\x05\0\0\0\0\0\0\x04\0\0\0\x02\0\0\0\x70\x05\0\0\0\0\0\0\
\x04\0\0\0\x02\0\0\0\x80\x05\0\0\0\0\0\0\x04\0\0\0\x02\0\0\0\x90\x05\0\0\0\0\0\
\0\x04\0\0\0\x02\0\0\0\xa0\x05\0\0\0\0\0\0\x04\0\0\0\x02\0\0\0\xb0\x05\0\0\0\0\
\0\0\x04\0\0\0\x02\0\0\0\xc0\x05\0\0\0\0\0\0\x04\0\0\0\x02\0\0\0\xd0\x05\0\0\0\
\0\0\0\x04\0\0\0\x02\0\0\0\xe0\x05\0\0\0\0\0\0\x04\0\0\0\x02\0\0\0\xf0\x05\0\0\
\0\0\0\0\x04\0\0\0\x02\0\0\0\0\x06\0\0\0\0\0\0\x04\0\0\0\x02\0\0\0\x10\x06\0\0\
\0\0\0\0\x04\0\0\0\x02\0\0\0\x20\x06\0\0\0\0\0\0\x04\0\0\0\x02\0\0\0\x30\x06\0\
\0\0\0\0\0\x04\0\0\0\x02\0\0\0\x40\x06\0\0\0\0\0\0\x04\0\0\0\x02\0\0\0\x50\x06\
\0\0\0\0\0\0\x04\0\0\0\x02\0\0\0\x60\x06\0\0\0\0\0\0\x04\0\0\0\x02\0\0\0\x70\
\x06\0\0\0\0\0\0\x04\0\0\0\x02\0\0\0\x80\x06\0\0\0\0\0\0\x04\0\0\0\x02\0\0\0\
\x90\x06\0\0\0\0\0\0\x04\0\0\0\x02\0\0\0\xa0\x06\0\0\0\0\0\0\x04\0\0\0\x02\0\0\
\0\xb0\x06\0\0\0\0\0\0\x04\0\0\0\x02\0\0\0\xc0\x06\0\0\0\0\0\0\x04\0\0\0\x02\0\
\0\0\xd0\x06\0\0\0\0\0\0\x04\0\0\0\x02\0\0\0\xe0\x06\0\0\0\0\0\0\x04\0\0\0\x02\
\0\0\0\xf0\x06\0\0\0\0\0\0\x04\0\0\0\x02\0\0\0\0\x07\0\0\0\0\0\0\x04\0\0\0\x02\
\0\0\0\x10\x07\0\0\0\0\0\0\x04\0\0\0\x02\0\0\0\x20\x07\0\0\0\0\0\0\x04\0\0\0\
\x02\0\0\0\x30\x07\0\0\0\0\0\0\x04\0\0\0\x02\0\0\0\x40\x07\0\0\0\0\0\0\x04\0\0\
\0\x02\0\0\0\x50\x07\0\0\0\0\0\0\x04\0\0\0\x02\0\0\0\x60\x07\0\0\0\0\0\0\x04\0\
\0\0\x02\0\0\0\x70\x07\0\0\0\0\0\0\x04\0\0\0\x02\0\0\0\x80\x07\0\0\0\0\0\0\x04\
\0\0\0\x02\0\0\0\x90\x07\0\0\0\0\0\0\x04\0\0\0\x02\0\0\0\xa0\x07\0\0\0\0\0\0\
\x04\0\0\0\x02\0\0\0\xb0\x07\0\0\0\0\0\0\x04\0\0\0\x02\0\0\0\xc0\x07\0\0\0\0\0\
\0\x04\0\0\0\x02\0\0\0\xd0\x07\0\0\0\0\0\0\x04\0\0\0\x02\0\0\0\xe0\x07\0\0\0\0\
\0\0\x04\0\0\0\x02\0\0\0\xf0\x07\0\0\0\0\0\0\x04\0\0\0\x02\0\0\0\0\x08\0\0\0\0\
\0\0\x04\0\0\0\x02\0\0\0\x10\x08\0\0\0\0\0\0\x04\0\0\0\x02\0\0\0\x20\x08\0\0\0\
\0\0\0\x04\0\0\0\x02\0\0\0\x30\x08\0\0\0\0\0\0\x04\0\0\0\x02\0\0\0\x40\x08\0\0\
\0\0\0\0\x04\0\0\0\x02\0\0\0\x50\x08\0\0\0\0\0\0\x04\0\0\0\x02\0\0\0\x60\x08\0\
\0\0\0\0\0\x04\0\0\0\x02\0\0\0\x70\x08\0\0\0\0\0\0\x04\0\0\0\x02\0\0\0\x80\x08\
\0\0\0\0\0\0\x04\0\0\0\x02\0\0\0\x90\x08\0\0\0\0\0\0\x04\0\0\0\x02\0\0\0\xa0\
\x08\0\0\0\0\0\0\x04\0\0\0\x02\0\0\0\xb0\x08\0\0\0\0\0\0\x04\0\0\0\x02\0\0\0\
\xc0\x08\0\0\0\0\0\0\x04\0\0\0\x02\0\0\0\xd0\x08\0\0\0\0\0\0\x04\0\0\0\x02\0\0\
\0\xe0\x08\0\0\0\0\0\0\x04\0\0\0\x02\0\0\0\xf0\x08\0\0\0\0\0\0\x04\0\0\0\x02\0\
\0\0\0\x09\0\0\0\0\0\0\x04\0\0\0\x02\0\0\0\x10\x09\0\0\0\0\0\0\x04\0\0\0\x02\0\
\0\0\x20\x09\0\0\0\0\0\0\x04\0\0\0\x02\0\0\0\x30\x09\0\0\0\0\0\0\x04\0\0\0\x02\
\0\0\0\x40\x09\0\0\0\0\0\0\x04\0\0\0\x02\0\0\0\x50\x09\0\0\0\0\0\0\x04\0\0\0\
\x02\0\0\0\x60\x09\0\0\0\0\0\0\x04\0\0\0\x02\0\0\0\x70\x09\0\0\0\0\0\0\x04\0\0\
\0\x02\0\0\0\x80\x09\0\0\0\0\0\0\x04\0\0\0\x02\0\0\0\x90\x09\0\0\0\0\0\0\x04\0\
\0\0\x02\0\0\0\xa0\x09\0\0\0\0\0\0\x04\0\0\0\x02\0\0\0\xb0\x09\0\0\0\0\0\0\x04\
\0\0\0\x02\0\0\0\xc0\x09\0\0\0\0\0\0\x04\0\0\0\x02\0\0\0\xd0\x09\0\0\0\0\0\0\
\x04\0\0\0\x02\0\0\0\xe0\x09\0\0\0\0\0\0\x04\0\0\0\x02\0\0\0\xf0\x09\0\0\0\0\0\
\0\x04\0\0\0\x02\0\0\0\0\x0a\0\0\0\0\0\0\x04\0\0\0\x02\0\0\0\x10\x0a\0\0\0\0\0\
\0\x04\0\0\0\x02\0\0\0\x20\x0a\0\0\0\0\0\0\x04\0\0\0\x02\0\0\0\x30\x0a\0\0\0\0\
\0\0\x04\0\0\0\x02\0\0\0\x40\x0a\0\0\0\0\0\0\x04\0\0\0\x02\0\0\0\x50\x0a\0\0\0\
\0\0\0\x04\0\0\0\x02\0\0\0\x60\x0a\0\0\0\0\0\0\x04\0\0\0\x02\0\0\0\x70\x0a\0\0\
\0\0\0\0\x04\0\0\0\x02\0\0\0\x80\x0a\0\0\0\0\0\0\x04\0\0\0\x02\0\0\0\x90\x0a\0\
\0\0\0\0\0\x04\0\0\0\x02\0\0\0\xa0\x0a\0\0\0\0\0\0\x04\0\0\0\x02\0\0\0\xb0\x0a\
\0\0\0\0\0\0\x04\0\0\0\x02\0\0\0\xc0\x0a\0\0\0\0\0\0\x04\0\0\0\x02\0\0\0\xd0\
\x0a\0\0\0\0\0\0\x04\0\0\0\x02\0\0\0\xe0\x0a\0\0\0\0\0\0\x04\0\0\0\x02\0\0\0\
\xf0\x0a\0\0\0\0\0\0\x04\0\0\0\x02\0\0\0\0\x0b\0\0\0\0\0\0\x04\0\0\0\x02\0\0\0\
\x10\x0b\0\0\0\0\0\0\x04\0\0\0\x02\0\0\0\x20\x0b\0\0\0\0\0\0\x04\0\0\0\x02\0\0\
\0\x30\x0b\0\0\0\0\0\0\x04\0\0\0\x02\0\0\0\x40\x0b\0\0\0\0\0\0\x04\0\0\0\x02\0\
\0\0\x50\x0b\0\0\0\0\0\0\x04\0\0\0\x02\0\0\0\x60\x0b\0\0\0\0\0\0\x04\0\0\0\x02\
\0\0\0\x70\x0b\0\0\0\0\0\0\x04\0\0\0\x02\0\0\0\x80\x0b\0\0\0\0\0\0\x04\0\0\0\
\x02\0\0\0\x90\x0b\0\0\0\0\0\0\x04\0\0\0\x02\0\0\0\xa0\x0b\0\0\0\0\0\0\x04\0\0\
\0\x02\0\0\0\xb0\x0b\0\0\0\0\0\0\x04\0\0\0\x02\0\0\0\xc0\x0b\0\0\0\0\0\0\x04\0\
\0\0\x02\0\0\0\xd0\x0b\0\0\0\0\0\0\x04\0\0\0\x02\0\0\0\xe0\x0b\0\0\0\0\0\0\x04\
\0\0\0\x02\0\0\0\xf0\x0b\0\0\0\0\0\0\x04\0\0\0\x02\0\0\0\0\x0c\0\0\0\0\0\0\x04\
\0\0\0\x02\0\0\0\x10\x0c\0\0\0\0\0\0\x04\0\0\0\x02\0\0\0\x20\x0c\0\0\0\0\0\0\
\x04\0\0\0\x02\0\0\0\x30\x0c\0\0\0\0\0\0\x04\0\0\0\x02\0\0\0\x40\x0c\0\0\0\0\0\
\0\x04\0\0\0\x02\0\0\0\x50\x0c\0\0\0\0\0\0\x04\0\0\0\x02\0\0\0\x60\x0c\0\0\0\0\
\0\0\x04\0\0\0\x02\0\0\0\x70\x0c\0\0\0\0\0\0\x04\0\0\0\x02\0\0\0\x80\x0c\0\0\0\
\0\0\0\x04\0\0\0\x02\0\0\0\x90\x0c\0\0\0\0\0\0\x04\0\0\0\x02\0\0\0\xa0\x0c\0\0\
\0\0\0\0\x04\0\0\0\x02\0\0\0\xb0\x0c\0\0\0\0\0\0\x04\0\0\0\x02\0\0\0\xc0\x0c\0\
\0\0\0\0\0\x04\0\0\0\x02\0\0\0\xd0\x0c\0\0\0\0\0\0\x04\0\0\0\x02\0\0\0\xe0\x0c\
\0\0\0\0\0\0\x04\0\0\0\x02\0\0\0\xf0\x0c\0\0\0\0\0\0\x04\0\0\0\x02\0\0\0\0\x0d\
\0\0\0\0\0\0\x04\0\0\0\x02\0\0\0\x10\x0d\0\0\0\0\0\0\x04\0\0\0\x02\0\0\0\x20\
\x0d\0\0\0\0\0\0\x04\0\0\0\x02\0\0\0\x30\x0d\0\0\0\0\0\0\x04\0\0\0\x02\0\0\0\
\x40\x0d\0\0\0\0\0\0\x04\0\0\0\x02\0\0\0\x50\x0d\0\0\0\0\0\0\x04\0\0\0\x02\0\0\
\0\x60\x0d\0\0\0\0\0\0\x04\0\0\0\x02\0\0\0\x70\x0d\0\0\0\0\0\0\x04\0\0\0\x02\0\
\0\0\x80\x0d\0\0\0\0\0\0\x04\0\0\0\x02\0\0\0\x90\x0d\0\0\0\0\0\0\x04\0\0\0\x02\
\0\0\0\xa0\x0d\0\0\0\0\0\0\x04\0\0\0\x02\0\0\0\xb0\x0d\0\0\0\0\0\0\x04\0\0\0\
\x02\0\0\0\xc0\x0d\0\0\0\0\0\0\x04\0\0\0\x02\0\0\0\xd0\x0d\0\0\0\0\0\0\x04\0\0\
\0\x02\0\0\0\xe0\x0d\0\0\0\0\0\0\x04\0\0\0\x02\0\0\0\xf0\x0d\0\0\0\0\0\0\x04\0\
\0\0\x02\0\0\0\0\x0e\0\0\0\0\0\0\x04\0\0\0\x02\0\0\0\x10\x0e\0\0\0\0\0\0\x04\0\
\0\0\x02\0\0\0\x20\x0e\0\0\0\0\0\0\x04\0\0\0\x02\0\0\0\x30\x0e\0\0\0\0\0\0\x04\
\0\0\0\x02\0\0\0\x40\x0e\0\0\0\0\0\0\x04\0\0\0\x02\0\0\0\x50\x0e\0\0\0\0\0\0\
\x04\0\0\0\x02\0\0\0\x60\x0e\0\0\0\0\0\0\x04\0\0\0\x02\0\0\0\x70\x0e\0\0\0\0\0\
\0\x04\0\0\0\x02\0\0\0\x80\x0e\0\0\0\0\0\0\x04\0\0\0\x02\0\0\0\x90\x0e\0\0\0\0\
\0\0\x04\0\0\0\x02\0\0\0\xa0\x0e\0\0\0\0\0\0\x04\0\0\0\x02\0\0\0\xb0\x0e\0\0\0\
\0\0\0\x04\0\0\0\x02\0\0\0\xc0\x0e\0\0\0\0\0\0\x04\0\0\0\x02\0\0\0\xd0\x0e\0\0\
\0\0\0\0\x04\0\0\0\x02\0\0\0\xe0\x0e\0\0\0\0\0\0\x04\0\0\0\x02\0\0\0\xf0\x0e\0\
\0\0\0\0\0\x04\0\0\0\x02\0\0\0\0\x0f\0\0\0\0\0\0\x04\0\0\0\x02\0\0\0\x10\x0f\0\
\0\0\0\0\0\x04\0\0\0\x02\0\0\0\x20\x0f\0\0\0\0\0\0\x04\0\0\0\x02\0\0\0\x30\x0f\
\0\0\0\0\0\0\x04\0\0\0\x02\0\0\0\x40\x0f\0\0\0\0\0\0\x04\0\0\0\x02\0\0\0\x50\
\x0f\0\0\0\0\0\0\x04\0\0\0\x02\0\0\0\x60\x0f\0\0\0\0\0\0\x04\0\0\0\x02\0\0\0\
\x70\x0f\0\0\0\0\0\0\x04\0\0\0\x02\0\0\0\x80\x0f\0\0\0\0\0\0\x04\0\0\0\x02\0\0\
\0\x90\x0f\0\0\0\0\0\0\x04\0\0\0\x02\0\0\0\xa0\x0f\0\0\0\0\0\0\x04\0\0\0\x02\0\
\0\0\xb0\x0f\0\0\0\0\0\0\x04\0\0\0\x02\0\0\0\xc0\x0f\0\0\0\0\0\0\x04\0\0\0\x02\
\0\0\0\xd0\x0f\0\0\0\0\0\0\x04\0\0\0\x02\0\0\0\xe0\x0f\0\0\0\0\0\0\x04\0\0\0\
\x02\0\0\0\xf0\x0f\0\0\0\0\0\0\x04\0\0\0\x02\0\0\0\0\x10\0\0\0\0\0\0\x04\0\0\0\
\x02\0\0\0\x10\x10\0\0\0\0\0\0\x04\0\0\0\x02\0\0\0\x20\x10\0\0\0\0\0\0\x04\0\0\
\0\x02\0\0\0\x30\x10\0\0\0\0\0\0\x04\0\0\0\x02\0\0\0\x40\x10\0\0\0\0\0\0\x04\0\
\0\0\x02\0\0\0\x50\x10\0\0\0\0\0\0\x04\0\0\0\x02\0\0\0\x60\x10\0\0\0\0\0\0\x04\
\0\0\0\x02\0\0\0\x70\x10\0\0\0\0\0\0\x04\0\0\0\x02\0\0\0\x80\x10\0\0\0\0\0\0\
\x04\0\0\0\x02\0\0\0\x90\x10\0\0\0\0\0\0\x04\0\0\0\x02\0\0\0\xa0\x10\0\0\0\0\0\
\0\x04\0\0\0\x02\0\0\0\xb0\x10\0\0\0\0\0\0\x04\0\0\0\x02\0\0\0\xc0\x10\0\0\0\0\
\0\0\x04\0\0\0\x02\0\0\0\xd0\x10\0\0\0\0\0\0\x04\0\0\0\x02\0\0\0\xe0\x10\0\0\0\
\0\0\0\x04\0\0\0\x02\0\0\0\xf0\x10\0\0\0\0\0\0\x04\0\0\0\x02\0\0\0\0\x11\0\0\0\
\0\0\0\x04\0\0\0\x02\0\0\0\x10\x11\0\0\0\0\0\0\x04\0\0\0\x02\0\0\0\x20\x11\0\0\
\0\0\0\0\x04\0\0\0\x02\0\0\0\x30\x11\0\0\0\0\0\0\x04\0\0\0\x02\0\0\0\x40\x11\0\
\0\0\0\0\0\x04\0\0\0\x02\0\0\0\x50\x11\0\0\0\0\0\0\x04\0\0\0\x02\0\0\0\x60\x11\
\0\0\0\0\0\0\x04\0\0\0\x02\0\0\0\x70\x11\0\0\0\0\0\0\x04\0\0\0\x02\0\0\0\x80\
\x11\0\0\0\0\0\0\x04\0\0\0\x02\0\0\0\x90\x11\0\0\0\0\0\0\x04\0\0\0\x02\0\0\0\
\xa0\x11\0\0\0\0\0\0\x04\0\0\0\x02\0\0\0\xb0\x11\0\0\0\0\0\0\x04\0\0\0\x02\0\0\
\0\xc0\x11\0\0\0\0\0\0\x04\0\0\0\x02\0\0\0\xd0\x11\0\0\0\0\0\0\x04\0\0\0\x02\0\
\0\0\xe0\x11\0\0\0\0\0\0\x04\0\0\0\x02\0\0\0\xf0\x11\0\0\0\0\0\0\x04\0\0\0\x02\
\0\0\0\0\x12\0\0\0\0\0\0\x04\0\0\0\x02\0\0\0\x10\x12\0\0\0\0\0\0\x04\0\0\0\x02\
\0\0\0\x20\x12\0\0\0\0\0\0\x04\0\0\0\x02\0\0\0\x30\x12\0\0\0\0\0\0\x04\0\0\0\
\x02\0\0\0\x40\x12\0\0\0\0\0\0\x04\0\0\0\x02\0\0\0\x50\x12\0\0\0\0\0\0\x04\0\0\
\0\x02\0\0\0\x60\x12\0\0\0\0\0\0\x04\0\0\0\x02\0\0\0\x70\x12\0\0\0\0\0\0\x04\0\
\0\0\x02\0\0\0\x80\x12\0\0\0\0\0\0\x04\0\0\0\x02\0\0\0\x90\x12\0\0\0\0\0\0\x04\
\0\0\0\x02\0\0\0\xa0\x12\0\0\0\0\0\0\x04\0\0\0\x02\0\0\0\xb0\x12\0\0\0\0\0\0\
\x04\0\0\0\x02\0\0\0\xc0\x12\0\0\0\0\0\0\x04\0\0\0\x02\0\0\0\xd0\x12\0\0\0\0\0\
\0\x04\0\0\0\x02\0\0\0\xe0\x12\0\0\0\0\0\0\x04\0\0\0\x02\0\0\0\xf0\x12\0\0\0\0\
\0\0\x04\0\0\0\x02\0\0\0\0\x13\0\0\0\0\0\0\x04\0\0\0\x02\0\0\0\x10\x13\0\0\0\0\
\0\0\x04\0\0\0\x02\0\0\0\x20\x13\0\0\0\0\0\0\x04\0\0\0\x02\0\0\0\x30\x13\0\0\0\
\0\0\0\x04\0\0\0\x02\0\0\0\x40\x13\0\0\0\0\0\0\x04\0\0\0\x02\0\0\0\x50\x13\0\0\
\0\0\0\0\x04\0\0\0\x02\0\0\0\x60\x13\0\0\0\0\0\0\x04\0\0\0\x02\0\0\0\x70\x13\0\
\0\0\0\0\0\x04\0\0\0\x02\0\0\0\x80\x13\0\0\0\0\0\0\x04\0\0\0\x02\0\0\0\x90\x13\
\0\0\0\0\0\0\x04\0\0\0\x02\0\0\0\xa0\x13\0\0\0\0\0\0\x04\0\0\0\x02\0\0\0\xb0\
\x13\0\0\0\0\0\0\x04\0\0\0\x02\0\0\0\xc0\x13\0\0\0\0\0\0\x04\0\0\0\x02\0\0\0\
\xd0\x13\0\0\0\0\0\0\x04\0\0\0\x02\0\0\0\xe0\x13\0\0\0\0\0\0\x04\0\0\0\x02\0\0\
\0\xf0\x13\0\0\0\0\0\0\x04\0\0\0\x02\0\0\0\0\x14\0\0\0\0\0\0\x04\0\0\0\x02\0\0\
\0\x10\x14\0\0\0\0\0\0\x04\0\0\0\x02\0\0\0\x20\x14\0\0\0\0\0\0\x04\0\0\0\x02\0\
\0\0\x30\x14\0\0\0\0\0\0\x04\0\0\0\x02\0\0\0\x40\x14\0\0\0\0\0\0\x04\0\0\0\x02\
\0\0\0\x50\x14\0\0\0\0\0\0\x04\0\0\0\x02\0\0\0\x60\x14\0\0\0\0\0\0\x04\0\0\0\
\x02\0\0\0\x70\x14\0\0\0\0\0\0\x04\0\0\0\x02\0\0\0\x80\x14\0\0\0\0\0\0\x04\0\0\
\0\x02\0\0\0\x90\x14\0\0\0\0\0\0\x04\0\0\0\x02\0\0\0\xa0\x14\0\0\0\0\0\0\x04\0\
\0\0\x02\0\0\0\xb0\x14\0\0\0\0\0\0\x04\0\0\0\x02\0\0\0\xc0\x14\0\0\0\0\0\0\x04\
\0\0\0\x02\0\0\0\xd0\x14\0\0\0\0\0\0\x04\0\0\0\x02\0\0\0\xe0\x14\0\0\0\0\0\0\
\x04\0\0\0\x02\0\0\0\xf0\x14\0\0\0\0\0\0\x04\0\0\0\x02\0\0\0\0\x15\0\0\0\0\0\0\
\x04\0\0\0\x02\0\0\0\x10\x15\0\0\0\0\0\0\x04\0\0\0\x02\0\0\0\x20\x15\0\0\0\0\0\
\0\x04\0\0\0\x02\0\0\0\x30\x15\0\0\0\0\0\0\x04\0\0\0\x02\0\0\0\x40\x15\0\0\0\0\
\0\0\x04\0\0\0\x02\0\0\0\x50\x15\0\0\0\0\0\0\x04\0\0\0\x02\0\0\0\x60\x15\0\0\0\
\0\0\0\x04\0\0\0\x02\0\0\0\x70\x15\0\0\0\0\0\0\x04\0\0\0\x02\0\0\0\x80\x15\0\0\
\0\0\0\0\x04\0\0\0\x02\0\0\0\x90\x15\0\0\0\0\0\0\x04\0\0\0\x02\0\0\0\xa0\x15\0\
\0\0\0\0\0\x04\0\0\0\x02\0\0\0\xb0\x15\0\0\0\0\0\0\x04\0\0\0\x02\0\0\0\xc0\x15\
\0\0\0\0\0\0\x04\0\0\0\x02\0\0\0\xd0\x15\0\0\0\0\0\0\x04\0\0\0\x02\0\0\0\xe0\
\x15\0\0\0\0\0\0\x04\0\0\0\x02\0\0\0\xf0\x15\0\0\0\0\0\0\x04\0\0\0\x02\0\0\0\0\
\x16\0\0\0\0\0\0\x04\0\0\0\x02\0\0\0\x10\x16\0\0\0\0\0\0\x04\0\0\0\x02\0\0\0\
\x20\x16\0\0\0\0\0\0\x04\0\0\0\x02\0\0\0\x30\x16\0\0\0\0\0\0\x04\0\0\0\x02\0\0\
\0\x40\x16\0\0\0\0\0\0\x04\0\0\0\x02\0\0\0\x50\x16\0\0\0\0\0\0\x04\0\0\0\x02\0\
\0\0\x60\x16\0\0\0\0\0\0\x04\0\0\0\x02\0\0\0\x70\x16\0\0\0\0\0\0\x04\0\0\0\x02\
\0\0\0\x80\x16\0\0\0\0\0\0\x04\0\0\0\x02\0\0\0\x90\x16\0\0\0\0\0\0\x04\0\0\0\
\x02\0\0\0\xa0\x16\0\0\0\0\0\0\x04\0\0\0\x02\0\0\0\xb0\x16\0\0\0\0\0\0\x04\0\0\
\0\x02\0\0\0\xc0\x16\0\0\0\0\0\0\x04\0\0\0\x02\0\0\0\xd0\x16\0\0\0\0\0\0\x04\0\
\0\0\x02\0\0\0\xe0\x16\0\0\0\0\0\0\x04\0\0\0\x02\0\0\0\xf0\x16\0\0\0\0\0\0\x04\
\0\0\0\x02\0\0\0\0\x17\0\0\0\0\0\0\x04\0\0\0\x02\0\0\0\x10\x17\0\0\0\0\0\0\x04\
\0\0\0\x02\0\0\0\x20\x17\0\0\0\0\0\0\x04\0\0\0\x02\0\0\0\x30\x17\0\0\0\0\0\0\
\x04\0\0\0\x02\0\0\0\x40\x17\0\0\0\0\0\0\x04\0\0\0\x02\0\0\0\x50\x17\0\0\0\0\0\
\0\x04\0\0\0\x02\0\0\0\x60\x17\0\0\0\0\0\0\x04\0\0\0\x02\0\0\0\x70\x17\0\0\0\0\
\0\0\x04\0\0\0\x02\0\0\0\x80\x17\0\0\0\0\0\0\x04\0\0\0\x02\0\0\0\x90\x17\0\0\0\
\0\0\0\x04\0\0\0\x02\0\0\0\xa0\x17\0\0\0\0\0\0\x04\0\0\0\x02\0\0\0\xb0\x17\0\0\
\0\0\0\0\x04\0\0\0\x02\0\0\0\xc0\x17\0\0\0\0\0\0\x04\0\0\0\x02\0\0\0\xd0\x17\0\
\0\0\0\0\0\x04\0\0\0\x02\0\0\0\xe0\x17\0\0\0\0\0\0\x04\0\0\0\x02\0\0\0\xf0\x17\
\0\0\0\0\0\0\x04\0\0\0\x02\0\0\0\0\x18\0\0\0\0\0\0\x04\0\0\0\x02\0\0\0\x10\x18\
\0\0\0\0\0\0\x04\0\0\0\x02\0\0\0\x20\x18\0\0\0\0\0\0\x04\0\0\0\x02\0\0\0\x30\
\x18\0\0\0\0\0\0\x04\0\0\0\x02\0\0\0\x40\x18\0\0\0\0\0\0\x04\0\0\0\x02\0\0\0\
\x50\x18\0\0\0\0\0\0\x04\0\0\0\x02\0\0\0\x60\x18\0\0\0\0\0\0\x04\0\0\0\x02\0\0\
\0\x70\x18\0\0\0\0\0\0\x04\0\0\0\x02\0\0\0\x80\x18\0\0\0\0\0\0\x04\0\0\0\x02\0\
\0\0\x90\x18\0\0\0\0\0\0\x04\0\0\0\x02\0\0\0\xa0\x18\0\0\0\0\0\0\x04\0\0\0\x02\
\0\0\0\xb0\x18\0\0\0\0\0\0\x04\0\0\0\x02\0\0\0\xc0\x18\0\0\0\0\0\0\x04\0\0\0\
\x02\0\0\0\xd0\x18\0\0\0\0\0\0\x04\0\0\0\x02\0\0\0\xe0\x18\0\0\0\0\0\0\x04\0\0\
\0\x02\0\0\0\xf0\x18\0\0\0\0\0\0\x04\0\0\0\x02\0\0\0\0\x19\0\0\0\0\0\0\x04\0\0\
\0\x02\0\0\0\x10\x19\0\0\0\0\0\0\x04\0\0\0\x02\0\0\0\x20\x19\0\0\0\0\0\0\x04\0\
\0\0\x02\0\0\0\x30\x19\0\0\0\0\0\0\x04\0\0\0\x02\0\0\0\x40\x19\0\0\0\0\0\0\x04\
\0\0\0\x02\0\0\0\x50\x19\0\0\0\0\0\0\x04\0\0\0\x02\0\0\0\x60\x19\0\0\0\0\0\0\
\x04\0\0\0\x02\0\0\0\x70\x19\0\0\0\0\0\0\x04\0\0\0\x02\0\0\0\x80\x19\0\0\0\0\0\
\0\x04\0\0\0\x02\0\0\0\x90\x19\0\0\0\0\0\0\x04\0\0\0\x02\0\0\0\xa0\x19\0\0\0\0\
\0\0\x04\0\0\0\x02\0\0\0\xb0\x19\0\0\0\0\0\0\x04\0\0\0\x02\0\0\0\xc0\x19\0\0\0\
\0\0\0\x04\0\0\0\x02\0\0\0\xd0\x19\0\0\0\0\0\0\x04\0\0\0\x02\0\0\0\xe0\x19\0\0\
\0\0\0\0\x04\0\0\0\x02\0\0\0\xf0\x19\0\0\0\0\0\0\x04\0\0\0\x02\0\0\0\0\x1a\0\0\
\0\0\0\0\x04\0\0\0\x02\0\0\0\x10\x1a\0\0\0\0\0\0\x04\0\0\0\x02\0\0\0\x20\x1a\0\
\0\0\0\0\0\x04\0\0\0\x02\0\0\0\x30\x1a\0\0\0\0\0\0\x04\0\0\0\x02\0\0\0\x40\x1a\
\0\0\0\0\0\0\x04\0\0\0\x02\0\0\0\x50\x1a\0\0\0\0\0\0\x04\0\0\0\x02\0\0\0\x60\
\x1a\0\0\0\0\0\0\x04\0\0\0\x02\0\0\0\x70\x1a\0\0\0\0\0\0\x04\0\0\0\x02\0\0\0\
\x80\x1a\0\0\0\0\0\0\x04\0\0\0\x02\0\0\0\x90\x1a\0\0\0\0\0\0\x04\0\0\0\x02\0\0\
\0\xa0\x1a\0\0\0\0\0\0\x04\0\0\0\x02\0\0\0\xb0\x1a\0\0\0\0\0\0\x04\0\0\0\x02\0\
\0\0\xc0\x1a\0\0\0\0\0\0\x04\0\0\0\x02\0\0\0\xd0\x1a\0\0\0\0\0\0\x04\0\0\0\x02\
\0\0\0\xe0\x1a\0\0\0\0\0\0\x04\0\0\0\x02\0\0\0\xf0\x1a\0\0\0\0\0\0\x04\0\0\0\
\x02\0\0\0\0\x1b\0\0\0\0\0\0\x04\0\0\0\x02\0\0\0\x10\x1b\0\0\0\0\0\0\x04\0\0\0\
\x02\0\0\0\x20\x1b\0\0\0\0\0\0\x04\0\0\0\x02\0\0\0\x30\x1b\0\0\0\0\0\0\x04\0\0\
\0\x02\0\0\0\x40\x1b\0\0\0\0\0\0\x04\0\0\0\x02\0\0\0\x50\x1b\0\0\0\0\0\0\x04\0\
\0\0\x02\0\0\0\x60\x1b\0\0\0\0\0\0\x04\0\0\0\x02\0\0\0\x70\x1b\0\0\0\0\0\0\x04\
\0\0\0\x02\0\0\0\x80\x1b\0\0\0\0\0\0\x04\0\0\0\x02\0\0\0\x90\x1b\0\0\0\0\0\0\
\x04\0\0\0\x02\0\0\0\xa0\x1b\0\0\0\0\0\0\x04\0\0\0\x02\0\0\0\xb0\x1b\0\0\0\0\0\
\0\x04\0\0\0\x02\0\0\0\xc0\x1b\0\0\0\0\0\0\x04\0\0\0\x02\0\0\0\xd0\x1b\0\0\0\0\
\0\0\x04\0\0\0\x02\0\0\0\xe0\x1b\0\0\0\0\0\0\x04\0\0\0\x02\0\0\0\xf0\x1b\0\0\0\
\0\0\0\x04\0\0\0\x02\0\0\0\0\x1c\0\0\0\0\0\0\x04\0\0\0\x02\0\0\0\x10\x1c\0\0\0\
\0\0\0\x04\0\0\0\x02\0\0\0\x20\x1c\0\0\0\0\0\0\x04\0\0\0\x02\0\0\0\x30\x1c\0\0\
\0\0\0\0\x04\0\0\0\x02\0\0\0\x40\x1c\0\0\0\0\0\0\x04\0\0\0\x02\0\0\0\x50\x1c\0\
\0\0\0\0\0\x04\0\0\0\x02\0\0\0\x60\x1c\0\0\0\0\0\0\x04\0\0\0\x02\0\0\0\x70\x1c\
\0\0\0\0\0\0\x04\0\0\0\x02\0\0\0\x80\x1c\0\0\0\0\0\0\x04\0\0\0\x02\0\0\0\x90\
\x1c\0\0\0\0\0\0\x04\0\0\0\x02\0\0\0\xa0\x1c\0\0\0\0\0\0\x04\0\0\0\x02\0\0\0\
\xb0\x1c\0\0\0\0\0\0\x04\0\0\0\x02\0\0\0\xc0\x1c\0\0\0\0\0\0\x04\0\0\0\x02\0\0\
\0\xd0\x1c\0\0\0\0\0\0\x04\0\0\0\x02\0\0\0\xe0\x1c\0\0\0\0\0\0\x04\0\0\0\x02\0\
\0\0\xf0\x1c\0\0\0\0\0\0\x04\0\0\0\x02\0\0\0\0\x1d\0\0\0\0\0\0\x04\0\0\0\x02\0\
\0\0\x10\x1d\0\0\0\0\0\0\x04\0\0\0\x02\0\0\0\x20\x1d\0\0\0\0\0\0\x04\0\0\0\x02\
\0\0\0\x30\x1d\0\0\0\0\0\0\x04\0\0\0\x02\0\0\0\x40\x1d\0\0\0\0\0\0\x04\0\0\0\
\x02\0\0\0\x50\x1d\0\0\0\0\0\0\x04\0\0\0\x02\0\0\0\x60\x1d\0\0\0\0\0\0\x04\0\0\
\0\x02\0\0\0\x70\x1d\0\0\0\0\0\0\x04\0\0\0\x02\0\0\0\x80\x1d\0\0\0\0\0\0\x04\0\
\0\0\x02\0\0\0\x90\x1d\0\0\0\0\0\0\x04\0\0\0\x02\0\0\0\xa0\x1d\0\0\0\0\0\0\x04\
\0\0\0\x02\0\0\0\xb0\x1d\0\0\0\0\0\0\x04\0\0\0\x02\0\0\0\xc0\x1d\0\0\0\0\0\0\
\x04\0\0\0\x02\0\0\0\xd0\x1d\0\0\0\0\0\0\x04\0\0\0\x02\0\0\0\xe0\x1d\0\0\0\0\0\
\0\x04\0\0\0\x02\0\0\0\xf0\x1d\0\0\0\0\0\0\x04\0\0\0\x02\0\0\0\0\x1e\0\0\0\0\0\
\0\x04\0\0\0\x02\0\0\0\x10\x1e\0\0\0\0\0\0\x04\0\0\0\x02\0\0\0\x20\x1e\0\0\0\0\
\0\0\x04\0\0\0\x02\0\0\0\x30\x1e\0\0\0\0\0\0\x04\0\0\0\x02\0\0\0\x40\x1e\0\0\0\
\0\0\0\x04\0\0\0\x02\0\0\0\x50\x1e\0\0\0\0\0\0\x04\0\0\0\x02\0\0\0\x60\x1e\0\0\
\0\0\0\0\x04\0\0\0\x02\0\0\0\x70\x1e\0\0\0\0\0\0\x04\0\0\0\x02\0\0\0\x80\x1e\0\
\0\0\0\0\0\x04\0\0\0\x02\0\0\0\x90\x1e\0\0\0\0\0\0\x04\0\0\0\x02\0\0\0\xa0\x1e\
\0\0\0\0\0\0\x04\0\0\0\x02\0\0\0\xb0\x1e\0\0\0\0\0\0\x04\0\0\0\x02\0\0\0\xc0\
\x1e\0\0\0\0\0\0\x04\0\0\0\x02\0\0\0\xd0\x1e\0\0\0\0\0\0\x04\0\0\0\x02\0\0\0\
\xe0\x1e\0\0\0\0\0\0\x04\0\0\0\x02\0\0\0\xf0\x1e\0\0\0\0\0\0\x04\0\0\0\x02\0\0\
\0\0\x1f\0\0\0\0\0\0\x04\0\0\0\x02\0\0\0\x10\x1f\0\0\0\0\0\0\x04\0\0\0\x02\0\0\
\0\x20\x1f\0\0\0\0\0\0\x04\0\0\0\x02\0\0\0\x30\x1f\0\0\0\0\0\0\x04\0\0\0\x02\0\
\0\0\x40\x1f\0\0\0\0\0\0\x04\0\0\0\x02\0\0\0\x50\x1f\0\0\0\0\0\0\x04\0\0\0\x02\
\0\0\0\x60\x1f\0\0\0\0\0\0\x04\0\0\0\x02\0\0\0\x70\x1f\0\0\0\0\0\0\x04\0\0\0\
\x02\0\0\0\x80\x1f\0\0\0\0\0\0\x04\0\0\0\x02\0\0\0\x90\x1f\0\0\0\0\0\0\x04\0\0\
\0\x02\0\0\0\xa0\x1f\0\0\0\0\0\0\x04\0\0\0\x02\0\0\0\xb0\x1f\0\0\0\0\0\0\x04\0\
\0\0\x02\0\0\0\xc0\x1f\0\0\0\0\0\0\x04\0\0\0\x02\0\0\0\xd0\x1f\0\0\0\0\0\0\x04\
\0\0\0\x02\0\0\0\xe0\x1f\0\0\0\0\0\0\x04\0\0\0\x02\0\0\0\xf0\x1f\0\0\0\0\0\0\
\x04\0\0\0\x02\0\0\0\0\x20\0\0\0\0\0\0\x04\0\0\0\x02\0\0\0\x10\x20\0\0\0\0\0\0\
\x04\0\0\0\x02\0\0\0\x20\x20\0\0\0\0\0\0\x04\0\0\0\x02\0\0\0\x30\x20\0\0\0\0\0\
\0\x04\0\0\0\x02\0\0\0\x40\x20\0\0\0\0\0\0\x04\0\0\0\x02\0\0\0\x50\x20\0\0\0\0\
\0\0\x04\0\0\0\x02\0\0\0\x60\x20\0\0\0\0\0\0\x04\0\0\0\x02\0\0\0\x70\x20\0\0\0\
\0\0\0\x04\0\0\0\x02\0\0\0\x80\x20\0\0\0\0\0\0\x04\0\0\0\x02\0\0\0\x90\x20\0\0\
\0\0\0\0\x04\0\0\0\x02\0\0\0\xa0\x20\0\0\0\0\0\0\x04\0\0\0\x02\0\0\0\xb0\x20\0\
\0\0\0\0\0\x04\0\0\0\x02\0\0\0\xc0\x20\0\0\0\0\0\0\x04\0\0\0\x02\0\0\0\xd0\x20\
\0\0\0\0\0\0\x04\0\0\0\x02\0\0\0\xe0\x20\0\0\0\0\0\0\x04\0\0\0\x02\0\0\0\xf0\
\x20\0\0\0\0\0\0\x04\0\0\0\x02\0\0\0\0\x21\0\0\0\0\0\0\x04\0\0\0\x02\0\0\0\x10\
\x21\0\0\0\0\0\0\x04\0\0\0\x02\0\0\0\x20\x21\0\0\0\0\0\0\x04\0\0\0\x02\0\0\0\
\x30\x21\0\0\0\0\0\0\x04\0\0\0\x02\0\0\0\x40\x21\0\0\0\0\0\0\x04\0\0\0\x02\0\0\
\0\x50\x21\0\0\0\0\0\0\x04\0\0\0\x02\0\0\0\x60\x21\0\0\0\0\0\0\x04\0\0\0\x02\0\
\0\0\x70\x21\0\0\0\0\0\0\x04\0\0\0\x02\0\0\0\x80\x21\0\0\0\0\0\0\x04\0\0\0\x02\
\0\0\0\x90\x21\0\0\0\0\0\0\x04\0\0\0\x02\0\0\0\xa0\x21\0\0\0\0\0\0\x04\0\0\0\
\x02\0\0\0\xb0\x21\0\0\0\0\0\0\x04\0\0\0\x02\0\0\0\xc0\x21\0\0\0\0\0\0\x04\0\0\
\0\x02\0\0\0\xd0\x21\0\0\0\0\0\0\x04\0\0\0\x02\0\0\0\xe0\x21\0\0\0\0\0\0\x04\0\
\0\0\x02\0\0\0\xf0\x21\0\0\0\0\0\0\x04\0\0\0\x02\0\0\0\0\x22\0\0\0\0\0\0\x04\0\
\0\0\x02\0\0\0\x10\x22\0\0\0\0\0\0\x04\0\0\0\x02\0\0\0\x20\x22\0\0\0\0\0\0\x04\
\0\0\0\x02\0\0\0\x30\x22\0\0\0\0\0\0\x04\0\0\0\x02\0\0\0\x40\x22\0\0\0\0\0\0\
\x04\0\0\0\x02\0\0\0\x50\x22\0\0\0\0\0\0\x04\0\0\0\x02\0\0\0\x60\x22\0\0\0\0\0\
\0\x04\0\0\0\x02\0\0\0\x70\x22\0\0\0\0\0\0\x04\0\0\0\x02\0\0\0\x80\x22\0\0\0\0\
\0\0\x04\0\0\0\x02\0\0\0\x90\x22\0\0\0\0\0\0\x04\0\0\0\x02\0\0\0\xa0\x22\0\0\0\
\0\0\0\x04\0\0\0\x02\0\0\0\xb0\x22\0\0\0\0\0\0\x04\0\0\0\x02\0\0\0\xc0\x22\0\0\
\0\0\0\0\x04\0\0\0\x02\0\0\0\xd0\x22\0\0\0\0\0\0\x04\0\0\0\x02\0\0\0\xe0\x22\0\
\0\0\0\0\0\x04\0\0\0\x02\0\0\0\xf0\x22\0\0\0\0\0\0\x04\0\0\0\x02\0\0\0\0\x23\0\
\0\0\0\0\0\x04\0\0\0\x02\0\0\0\x10\x23\0\0\0\0\0\0\x04\0\0\0\x02\0\0\0\x20\x23\
\0\0\0\0\0\0\x04\0\0\0\x02\0\0\0\x30\x23\0\0\0\0\0\0\x04\0\0\0\x02\0\0\0\x40\
\x23\0\0\0\0\0\0\x04\0\0\0\x02\0\0\0\x50\x23\0\0\0\0\0\0\x04\0\0\0\x02\0\0\0\
\x60\x23\0\0\0\0\0\0\x04\0\0\0\x02\0\0\0\x70\x23\0\0\0\0\0\0\x04\0\0\0\x02\0\0\
\0\x80\x23\0\0\0\0\0\0\x04\0\0\0\x02\0\0\0\x90\x23\0\0\0\0\0\0\x04\0\0\0\x02\0\
\0\0\xa0\x23\0\0\0\0\0\0\x04\0\0\0\x02\0\0\0\xb0\x23\0\0\0\0\0\0\x04\0\0\0\x02\
\0\0\0\xc0\x23\0\0\0\0\0\0\x04\0\0\0\x02\0\0\0\xd0\x23\0\0\0\0\0\0\x04\0\0\0\
\x02\0\0\0\xe0\x23\0\0\0\0\0\0\x04\0\0\0\x02\0\0\0\xf0\x23\0\0\0\0\0\0\x04\0\0\
\0\x02\0\0\0\0\x24\0\0\0\0\0\0\x04\0\0\0\x02\0\0\0\x10\x24\0\0\0\0\0\0\x04\0\0\
\0\x02\0\0\0\x20\x24\0\0\0\0\0\0\x04\0\0\0\x02\0\0\0\x30\x24\0\0\0\0\0\0\x04\0\
\0\0\x02\0\0\0\x40\x24\0\0\0\0\0\0\x04\0\0\0\x02\0\0\0\x50\x24\0\0\0\0\0\0\x04\
\0\0\0\x02\0\0\0\x60\x24\0\0\0\0\0\0\x04\0\0\0\x02\0\0\0\x70\x24\0\0\0\0\0\0\
\x04\0\0\0\x02\0\0\0\x80\x24\0\0\0\0\0\0\x04\0\0\0\x02\0\0\0\x90\x24\0\0\0\0\0\
\0\x04\0\0\0\x02\0\0\0\xa0\x24\0\0\0\0\0\0\x04\0\0\0\x02\0\0\0\xb0\x24\0\0\0\0\
\0\0\x04\0\0\0\x02\0\0\0\xc0\x24\0\0\0\0\0\0\x04\0\0\0\x02\0\0\0\xd0\x24\0\0\0\
\0\0\0\x04\0\0\0\x02\0\0\0\xe0\x24\0\0\0\0\0\0\x04\0\0\0\x02\0\0\0\xf0\x24\0\0\
\0\0\0\0\x04\0\0\0\x02\0\0\0\0\x25\0\0\0\0\0\0\x04\0\0\0\x02\0\0\0\x10\x25\0\0\
\0\0\0\0\x04\0\0\0\x02\0\0\0\x20\x25\0\0\0\0\0\0\x04\0\0\0\x02\0\0\0\x30\x25\0\
\0\0\0\0\0\x04\0\0\0\x02\0\0\0\x40\x25\0\0\0\0\0\0\x04\0\0\0\x02\0\0\0\x50\x25\
\0\0\0\0\0\0\x04\0\0\0\x02\0\0\0\x60\x25\0\0\0\0\0\0\x04\0\0\0\x02\0\0\0\x70\
\x25\0\0\0\0\0\0\x04\0\0\0\x02\0\0\0\x80\x25\0\0\0\0\0\0\x04\0\0\0\x02\0\0\0\
\x90\x25\0\0\0\0\0\0\x04\0\0\0\x02\0\0\0\xa0\x25\0\0\0\0\0\0\x04\0\0\0\x02\0\0\
\0\xb0\x25\0\0\0\0\0\0\x04\0\0\0\x02\0\0\0\xc0\x25\0\0\0\0\0\0\x04\0\0\0\x02\0\
\0\0\xd0\x25\0\0\0\0\0\0\x04\0\0\0\x02\0\0\0\xe0\x25\0\0\0\0\0\0\x04\0\0\0\x02\
\0\0\0\xf0\x25\0\0\0\0\0\0\x04\0\0\0\x02\0\0\0\0\x26\0\0\0\0\0\0\x04\0\0\0\x02\
\0\0\0\x10\x26\0\0\0\0\0\0\x04\0\0\0\x02\0\0\0\x20\x26\0\0\0\0\0\0\x04\0\0\0\
\x02\0\0\0\x30\x26\0\0\0\0\0\0\x04\0\0\0\x02\0\0\0\x40\x26\0\0\0\0\0\0\x04\0\0\
\0\x02\0\0\0\x50\x26\0\0\0\0\0\0\x04\0\0\0\x02\0\0\0\x60\x26\0\0\0\0\0\0\x04\0\
\0\0\x02\0\0\0\x70\x26\0\0\0\0\0\0\x04\0\0\0\x02\0\0\0\x80\x26\0\0\0\0\0\0\x04\
\0\0\0\x02\0\0\0\x90\x26\0\0\0\0\0\0\x04\0\0\0\x02\0\0\0\xa0\x26\0\0\0\0\0\0\
\x04\0\0\0\x02\0\0\0\xb0\x26\0\0\0\0\0\0\x04\0\0\0\x02\0\0\0\xc0\x26\0\0\0\0\0\
\0\x04\0\0\0\x02\0\0\0\xd0\x26\0\0\0\0\0\0\x04\0\0\0\x02\0\0\0\xe0\x26\0\0\0\0\
\0\0\x04\0\0\0\x02\0\0\0\xf0\x26\0\0\0\0\0\0\x04\0\0\0\x02\0\0\0\0\x27\0\0\0\0\
\0\0\x04\0\0\0\x02\0\0\0\x10\x27\0\0\0\0\0\0\x04\0\0\0\x02\0\0\0\x20\x27\0\0\0\
\0\0\0\x04\0\0\0\x02\0\0\0\x30\x27\0\0\0\0\0\0\x04\0\0\0\x02\0\0\0\x40\x27\0\0\
\0\0\0\0\x04\0\0\0\x02\0\0\0\x50\x27\0\0\0\0\0\0\x04\0\0\0\x02\0\0\0\x60\x27\0\
\0\0\0\0\0\x04\0\0\0\x02\0\0\0\x70\x27\0\0\0\0\0\0\x04\0\0\0\x02\0\0\0\x80\x27\
\0\0\0\0\0\0\x04\0\0\0\x02\0\0\0\x90\x27\0\0\0\0\0\0\x04\0\0\0\x02\0\0\0\xa0\
\x27\0\0\0\0\0\0\x04\0\0\0\x02\0\0\0\xb0\x27\0\0\0\0\0\0\x04\0\0\0\x02\0\0\0\
\xc0\x27\0\0\0\0\0\0\x04\0\0\0\x02\0\0\0\xd0\x27\0\0\0\0\0\0\x04\0\0\0\x02\0\0\
\0\xe0\x27\0\0\0\0\0\0\x04\0\0\0\x02\0\0\0\xf0\x27\0\0\0\0\0\0\x04\0\0\0\x02\0\
\0\0\0\x28\0\0\0\0\0\0\x04\0\0\0\x02\0\0\0\x10\x28\0\0\0\0\0\0\x04\0\0\0\x02\0\
\0\0\x20\x28\0\0\0\0\0\0\x04\0\0\0\x02\0\0\0\x30\x28\0\0\0\0\0\0\x04\0\0\0\x02\
\0\0\0\x40\x28\0\0\0\0\0\0\x04\0\0\0\x02\0\0\0\x50\x28\0\0\0\0\0\0\x04\0\0\0\
\x02\0\0\0\x60\x28\0\0\0\0\0\0\x04\0\0\0\x02\0\0\0\x70\x28\0\0\0\0\0\0\x04\0\0\
\0\x02\0\0\0\x80\x28\0\0\0\0\0\0\x04\0\0\0\x02\0\0\0\x90\x28\0\0\0\0\0\0\x04\0\
\0\0\x02\0\0\0\xa0\x28\0\0\0\0\0\0\x04\0\0\0\x02\0\0\0\xb0\x28\0\0\0\0\0\0\x04\
\0\0\0\x02\0\0\0\xc0\x28\0\0\0\0\0\0\x04\0\0\0\x02\0\0\0\xd0\x28\0\0\0\0\0\0\
\x04\0\0\0\x02\0\0\0\xe0\x28\0\0\0\0\0\0\x04\0\0\0\x02\0\0\0\xf0\x28\0\0\0\0\0\
\0\x04\0\0\0\x02\0\0\0\0\x29\0\0\0\0\0\0\x04\0\0\0\x02\0\0\0\x10\x29\0\0\0\0\0\
\0\x04\0\0\0\x02\0\0\0\x20\x29\0\0\0\0\0\0\x04\0\0\0\x02\0\0\0\x30\x29\0\0\0\0\
\0\0\x04\0\0\0\x02\0\0\0\x40\x29\0\0\0\0\0\0\x04\0\0\0\x02\0\0\0\x50\x29\0\0\0\
\0\0\0\x04\0\0\0\x02\0\0\0\x60\x29\0\0\0\0\0\0\x04\0\0\0\x02\0\0\0\x70\x29\0\0\
\0\0\0\0\x04\0\0\0\x02\0\0\0\x80\x29\0\0\0\0\0\0\x04\0\0\0\x02\0\0\0\x90\x29\0\
\0\0\0\0\0\x04\0\0\0\x02\0\0\0\xa0\x29\0\0\0\0\0\0\x04\0\0\0\x02\0\0\0\xb0\x29\
\0\0\0\0\0\0\x04\0\0\0\x02\0\0\0\xc0\x29\0\0\0\0\0\0\x04\0\0\0\x02\0\0\0\xd0\
\x29\0\0\0\0\0\0\x04\0\0\0\x02\0\0\0\xe0\x29\0\0\0\0\0\0\x04\0\0\0\x02\0\0\0\
\xf0\x29\0\0\0\0\0\0\x04\0\0\0\x02\0\0\0\0\x2a\0\0\0\0\0\0\x04\0\0\0\x02\0\0\0\
\x10\x2a\0\0\0\0\0\0\x04\0\0\0\x02\0\0\0\x20\x2a\0\0\0\0\0\0\x04\0\0\0\x02\0\0\
\0\x30\x2a\0\0\0\0\0\0\x04\0\0\0\x02\0\0\0\x40\x2a\0\0\0\0\0\0\x04\0\0\0\x02\0\
\0\0\x50\x2a\0\0\0\0\0\0\x04\0\0\0\x02\0\0\0\x60\x2a\0\0\0\0\0\0\x04\0\0\0\x02\
\0\0\0\x70\x2a\0\0\0\0\0\0\x04\0\0\0\x02\0\0\0\x80\x2a\0\0\0\0\0\0\x04\0\0\0\
\x02\0\0\0\x90\x2a\0\0\0\0\0\0\x04\0\0\0\x02\0\0\0\xa0\x2a\0\0\0\0\0\0\x04\0\0\
\0\x02\0\0\0\xb0\x2a\0\0\0\0\0\0\x04\0\0\0\x02\0\0\0\xc0\x2a\0\0\0\0\0\0\x04\0\
\0\0\x02\0\0\0\xd0\x2a\0\0\0\0\0\0\x04\0\0\0\x02\0\0\0\xe0\x2a\0\0\0\0\0\0\x04\
\0\0\0\x02\0\0\0\xf0\x2a\0\0\0\0\0\0\x04\0\0\0\x02\0\0\0\0\x2b\0\0\0\0\0\0\x04\
\0\0\0\x02\0\0\0\x10\x2b\0\0\0\0\0\0\x04\0\0\0\x02\0\0\0\x20\x2b\0\0\0\0\0\0\
\x04\0\0\0\x02\0\0\0\x30\x2b\0\0\0\0\0\0\x04\0\0\0\x02\0\0\0\x40\x2b\0\0\0\0\0\
\0\x04\0\0\0\x02\0\0\0\x50\x2b\0\0\0\0\0\0\x04\0\0\0\x02\0\0\0\x60\x2b\0\0\0\0\
\0\0\x04\0\0\0\x02\0\0\0\x70\x2b\0\0\0\0\0\0\x04\0\0\0\x02\0\0\0\x80\x2b\0\0\0\
\0\0\0\x04\0\0\0\x02\0\0\0\x90\x2b\0\0\0\0\0\0\x04\0\0\0\x02\0\0\0\xa0\x2b\0\0\
\0\0\0\0\x04\0\0\0\x02\0\0\0\xb0\x2b\0\0\0\0\0\0\x04\0\0\0\x02\0\0\0\xc0\x2b\0\
\0\0\0\0\0\x04\0\0\0\x02\0\0\0\xd0\x2b\0\0\0\0\0\0\x04\0\0\0\x02\0\0\0\xe0\x2b\
\0\0\0\0\0\0\x04\0\0\0\x02\0\0\0\xf0\x2b\0\0\0\0\0\0\x04\0\0\0\x02\0\0\0\0\x2c\
\0\0\0\0\0\0\x04\0\0\0\x02\0\0\0\x10\x2c\0\0\0\0\0\0\x04\0\0\0\x02\0\0\0\x20\
\x2c\0\0\0\0\0\0\x04\0\0\0\x02\0\0\0\x30\x2c\0\0\0\0\0\0\x04\0\0\0\x02\0\0\0\
\x40\x2c\0\0\0\0\0\0\x04\0\0\0\x02\0\0\0\x50\x2c\0\0\0\0\0\0\x04\0\0\0\x02\0\0\
\0\x60\x2c\0\0\0\0\0\0\x04\0\0\0\x02\0\0\0\x70\x2c\0\0\0\0\0\0\x04\0\0\0\x02\0\
\0\0\x80\x2c\0\0\0\0\0\0\x04\0\0\0\x02\0\0\0\x90\x2c\0\0\0\0\0\0\x04\0\0\0\x02\
\0\0\0\xa0\x2c\0\0\0\0\0\0\x04\0\0\0\x02\0\0\0\xb0\x2c\0\0\0\0\0\0\x04\0\0\0\
\x02\0\0\0\xc0\x2c\0\0\0\0\0\0\x04\0\0\0\x02\0\0\0\xd0\x2c\0\0\0\0\0\0\x04\0\0\
\0\x02\0\0\0\xe0\x2c\0\0\0\0\0\0\x04\0\0\0\x02\0\0\0\xf0\x2c\0\0\0\0\0\0\x04\0\
\0\0\x02\0\0\0\0\x2d\0\0\0\0\0\0\x04\0\0\0\x02\0\0\0\x10\x2d\0\0\0\0\0\0\x04\0\
\0\0\x02\0\0\0\x20\x2d\0\0\0\0\0\0\x04\0\0\0\x02\0\0\0\x30\x2d\0\0\0\0\0\0\x04\
\0\0\0\x02\0\0\0\x40\x2d\0\0\0\0\0\0\x04\0\0\0\x02\0\0\0\x50\x2d\0\0\0\0\0\0\
\x04\0\0\0\x02\0\0\0\x60\x2d\0\0\0\0\0\0\x04\0\0\0\x02\0\0\0\x70\x2d\0\0\0\0\0\
\0\x04\0\0\0\x02\0\0\0\x80\x2d\0\0\0\0\0\0\x04\0\0\0\x02\0\0\0\x90\x2d\0\0\0\0\
\0\0\x04\0\0\0\x02\0\0\0\xa0\x2d\0\0\0\0\0\0\x04\0\0\0\x02\0\0\0\xb0\x2d\0\0\0\
\0\0\0\x04\0\0\0\x02\0\0\0\xc0\x2d\0\0\0\0\0\0\x04\0\0\0\x02\0\0\0\xd0\x2d\0\0\
\0\0\0\0\x04\0\0\0\x02\0\0\0\xe0\x2d\0\0\0\0\0\0\x04\0\0\0\x02\0\0\0\xf0\x2d\0\
\0\0\0\0\0\x04\0\0\0\x02\0\0\0\0\x2e\0\0\0\0\0\0\x04\0\0\0\x02\0\0\0\x10\x2e\0\
\0\0\0\0\0\x04\0\0\0\x02\0\0\0\x20\x2e\0\0\0\0\0\0\x04\0\0\0\x02\0\0\0\x30\x2e\
\0\0\0\0\0\0\x04\0\0\0\x02\0\0\0\x40\x2e\0\0\0\0\0\0\x04\0\0\0\x02\0\0\0\x50\
\x2e\0\0\0\0\0\0\x04\0\0\0\x02\0\0\0\x60\x2e\0\0\0\0\0\0\x04\0\0\0\x02\0\0\0\
\x70\x2e\0\0\0\0\0\0\x04\0\0\0\x02\0\0\0\x80\x2e\0\0\0\0\0\0\x04\0\0\0\x02\0\0\
\0\x90\x2e\0\0\0\0\0\0\x04\0\0\0\x02\0\0\0\xa0\x2e\0\0\0\0\0\0\x04\0\0\0\x02\0\
\0\0\xb0\x2e\0\0\0\0\0\0\x04\0\0\0\x02\0\0\0\xc0\x2e\0\0\0\0\0\0\x04\0\0\0\x02\
\0\0\0\xd0\x2e\0\0\0\0\0\0\x04\0\0\0\x02\0\0\0\xe0\x2e\0\0\0\0\0\0\x04\0\0\0\
\x02\0\0\0\xf0\x2e\0\0\0\0\0\0\x04\0\0\0\x02\0\0\0\0\x2f\0\0\0\0\0\0\x04\0\0\0\
\x02\0\0\0\x10\x2f\0\0\0\0\0\0\x04\0\0\0\x02\0\0\0\x20\x2f\0\0\0\0\0\0\x04\0\0\
\0\x02\0\0\0\x30\x2f\0\0\0\0\0\0\x04\0\0\0\x02\0\0\0\x40\x2f\0\0\0\0\0\0\x04\0\
\0\0\x02\0\0\0\x50\x2f\0\0\0\0\0\0\x04\0\0\0\x02\0\0\0\x60\x2f\0\0\0\0\0\0\x04\
\0\0\0\x02\0\0\0\x70\x2f\0\0\0\0\0\0\x04\0\0\0\x02\0\0\0\x80\x2f\0\0\0\0\0\0\
\x04\0\0\0\x02\0\0\0\x90\x2f\0\0\0\0\0\0\x04\0\0\0\x02\0\0\0\xa0\x2f\0\0\0\0\0\
\0\x04\0\0\0\x02\0\0\0\xb0\x2f\0\0\0\0\0\0\x04\0\0\0\x02\0\0\0\xc0\x2f\0\0\0\0\
\0\0\x04\0\0\0\x02\0\0\0\xd0\x2f\0\0\0\0\0\0\x04\0\0\0\x02\0\0\0\xe0\x2f\0\0\0\
\0\0\0\x04\0\0\0\x02\0\0\0\xf0\x2f\0\0\0\0\0\0\x04\0\0\0\x02\0\0\0\0\x30\0\0\0\
\0\0\0\x04\0\0\0\x02\0\0\0\x10\x30\0\0\0\0\0\0\x04\0\0\0\x02\0\0\0\x20\x30\0\0\
\0\0\0\0\x04\0\0\0\x02\0\0\0\x30\x30\0\0\0\0\0\0\x04\0\0\0\x02\0\0\0\x40\x30\0\
\0\0\0\0\0\x04\0\0\0\x02\0\0\0\x50\x30\0\0\0\0\0\0\x04\0\0\0\x02\0\0\0\x60\x30\
\0\0\0\0\0\0\x04\0\0\0\x02\0\0\0\x70\x30\0\0\0\0\0\0\x04\0\0\0\x02\0\0\0\x80\
\x30\0\0\0\0\0\0\x04\0\0\0\x02\0\0\0\x90\x30\0\0\0\0\0\0\x04\0\0\0\x02\0\0\0\
\xa0\x30\0\0\0\0\0\0\x04\0\0\0\x02\0\0\0\xb0\x30\0\0\0\0\0\0\x04\0\0\0\x02\0\0\
\0\xc0\x30\0\0\0\0\0\0\x04\0\0\0\x02\0\0\0\xd0\x30\0\0\0\0\0\0\x04\0\0\0\x02\0\
\0\0\xe0\x30\0\0\0\0\0\0\x04\0\0\0\x02\0\0\0\xf0\x30\0\0\0\0\0\0\x04\0\0\0\x02\
\0\0\0\0\x31\0\0\0\0\0\0\x04\0\0\0\x02\0\0\0\x10\x31\0\0\0\0\0\0\x04\0\0\0\x02\
\0\0\0\x20\x31\0\0\0\0\0\0\x04\0\0\0\x02\0\0\0\x30\x31\0\0\0\0\0\0\x04\0\0\0\
\x02\0\0\0\x40\x31\0\0\0\0\0\0\x04\0\0\0\x02\0\0\0\x50\x31\0\0\0\0\0\0\x04\0\0\
\0\x02\0\0\0\x60\x31\0\0\0\0\0\0\x04\0\0\0\x02\0\0\0\x70\x31\0\0\0\0\0\0\x04\0\
\0\0\x02\0\0\0\x80\x31\0\0\0\0\0\0\x04\0\0\0\x02\0\0\0\x90\x31\0\0\0\0\0\0\x04\
\0\0\0\x02\0\0\0\xa0\x31\0\0\0\0\0\0\x04\0\0\0\x02\0\0\0\xb0\x31\0\0\0\0\0\0\
\x04\0\0\0\x02\0\0\0\xc0\x31\0\0\0\0\0\0\x04\0\0\0\x02\0\0\0\xd0\x31\0\0\0\0\0\
\0\x04\0\0\0\x02\0\0\0\xe0\x31\0\0\0\0\0\0\x04\0\0\0\x02\0\0\0\xfc\x31\0\0\0\0\
\0\0\x04\0\0\0\x02\0\0\0\x0c\x32\0\0\0\0\0\0\x04\0\0\0\x02\0\0\0\x1c\x32\0\0\0\
\0\0\0\x04\0\0\0\x02\0\0\0\x2c\x32\0\0\0\0\0\0\x04\0\0\0\x02\0\0\0\x3c\x32\0\0\
\0\0\0\0\x04\0\0\0\x02\0\0\0\x4c\x32\0\0\0\0\0\0\x04\0\0\0\x02\0\0\0\x5c\x32\0\
\0\0\0\0\0\x04\0\0\0\x02\0\0\0\x6c\x32\0\0\0\0\0\0\x04\0\0\0\x02\0\0\0\x7c\x32\
\0\0\0\0\0\0\x04\0\0\0\x02\0\0\0\x8c\x32\0\0\0\0\0\0\x04\0\0\0\x02\0\0\0\x9c\
\x32\0\0\0\0\0\0\x04\0\0\0\x02\0\0\0\xac\x32\0\0\0\0\0\0\x04\0\0\0\x02\0\0\0\
\xbc\x32\0\0\0\0\0\0\x04\0\0\0\x02\0\0\0\xcc\x32\0\0\0\0\0\0\x04\0\0\0\x02\0\0\
\0\xdc\x32\0\0\0\0\0\0\x04\0\0\0\x02\0\0\0\xec\x32\0\0\0\0\0\0\x04\0\0\0\x02\0\
\0\0\xfc\x32\0\0\0\0\0\0\x04\0\0\0\x02\0\0\0\x0c\x33\0\0\0\0\0\0\x04\0\0\0\x02\
\0\0\0\x1c\x33\0\0\0\0\0\0\x04\0\0\0\x02\0\0\0\x2c\x33\0\0\0\0\0\0\x04\0\0\0\
\x02\0\0\0\x3c\x33\0\0\0\0\0\0\x04\0\0\0\x02\0\0\0\x4c\x33\0\0\0\0\0\0\x04\0\0\
\0\x02\0\0\0\x5c\x33\0\0\0\0\0\0\x04\0\0\0\x02\0\0\0\x6c\x33\0\0\0\0\0\0\x04\0\
\0\0\x02\0\0\0\x7c\x33\0\0\0\0\0\0\x04\0\0\0\x02\0\0\0\x8c\x33\0\0\0\0\0\0\x04\
\0\0\0\x02\0\0\0\x9c\x33\0\0\0\0\0\0\x04\0\0\0\x02\0\0\0\xac\x33\0\0\0\0\0\0\
\x04\0\0\0\x02\0\0\0\xbc\x33\0\0\0\0\0\0\x04\0\0\0\x02\0\0\0\xcc\x33\0\0\0\0\0\
\0\x04\0\0\0\x02\0\0\0\xdc\x33\0\0\0\0\0\0\x04\0\0\0\x02\0\0\0\xec\x33\0\0\0\0\
\0\0\x04\0\0\0\x02\0\0\0\xfc\x33\0\0\0\0\0\0\x04\0\0\0\x02\0\0\0\x0c\x34\0\0\0\
\0\0\0\x04\0\0\0\x02\0\0\0\x1c\x34\0\0\0\0\0\0\x04\0\0\0\x02\0\0\0\x2c\x34\0\0\
\0\0\0\0\x04\0\0\0\x02\0\0\0\x3c\x34\0\0\0\0\0\0\x04\0\0\0\x02\0\0\0\x4c\x34\0\
\0\0\0\0\0\x04\0\0\0\x02\0\0\0\x5c\x34\0\0\0\0\0\0\x04\0\0\0\x02\0\0\0\x6c\x34\
\0\0\0\0\0\0\x04\0\0\0\x02\0\0\0\x7c\x34\0\0\0\0\0\0\x04\0\0\0\x02\0\0\0\x8c\
\x34\0\0\0\0\0\0\x04\0\0\0\x02\0\0\0\x9c\x34\0\0\0\0\0\0\x04\0\0\0\x02\0\0\0\
\xac\x34\0\0\0\0\0\0\x04\0\0\0\x02\0\0\0\xbc\x34\0\0\0\0\0\0\x04\0\0\0\x02\0\0\
\0\xcc\x34\0\0\0\0\0\0\x04\0\0\0\x02\0\0\0\xdc\x34\0\0\0\0\0\0\x04\0\0\0\x02\0\
\0\0\xec\x34\0\0\0\0\0\0\x04\0\0\0\x02\0\0\0\xfc\x34\0\0\0\0\0\0\x04\0\0\0\x02\
\0\0\0\x0c\x35\0\0\0\0\0\0\x04\0\0\0\x02\0\0\0\x1c\x35\0\0\0\0\0\0\x04\0\0\0\
\x02\0\0\0\x2c\x35\0\0\0\0\0\0\x04\0\0\0\x02\0\0\0\x3c\x35\0\0\0\0\0\0\x04\0\0\
\0\x02\0\0\0\x4c\x35\0\0\0\0\0\0\x04\0\0\0\x02\0\0\0\x5c\x35\0\0\0\0\0\0\x04\0\
\0\0\x02\0\0\0\x6c\x35\0\0\0\0\0\0\x04\0\0\0\x02\0\0\0\x7c\x35\0\0\0\0\0\0\x04\
\0\0\0\x02\0\0\0\x8c\x35\0\0\0\0\0\0\x04\0\0\0\x02\0\0\0\x9c\x35\0\0\0\0\0\0\
\x04\0\0\0\x02\0\0\0\xac\x35\0\0\0\0\0\0\x04\0\0\0\x02\0\0\0\xbc\x35\0\0\0\0\0\
\0\x04\0\0\0\x02\0\0\0\xcc\x35\0\0\0\0\0\0\x04\0\0\0\x02\0\0\0\xdc\x35\0\0\0\0\
\0\0\x04\0\0\0\x02\0\0\0\xec\x35\0\0\0\0\0\0\x04\0\0\0\x02\0\0\0\xfc\x35\0\0\0\
\0\0\0\x04\0\0\0\x02\0\0\0\x14\0\0\0\0\0\0\0\x03\0\0\0\x0b\0\0\0\x18\0\0\0\0\0\
\0\0\x02\0\0\0\x02\0\0\0\x22\0\0\0\0\0\0\0\x03\0\0\0\x0d\0\0\0\x26\0\0\0\0\0\0\
\0\x03\0\0\0\x0d\0\0\0\x2a\0\0\0\0\0\0\0\x03\0\0\0\x0d\0\0\0\x36\0\0\0\0\0\0\0\
\x03\0\0\0\x0d\0\0\0\x4b\0\0\0\0\0\0\0\x03\0\0\0\x0d\0\0\0\x60\0\0\0\0\0\0\0\
\x03\0\0\0\x0d\0\0\0\x75\0\0\0\0\0\0\0\x03\0\0\0\x0d\0\0\0\x8a\0\0\0\0\0\0\0\
\x03\0\0\0\x0d\0\0\0\xa4\0\0\0\0\0\0\0\x02\0\0\0\x02\0\0\0\x0e\x10\x03\x11\x14\
\x0f\x12\x13\0\x6d\x61\x70\x5f\x77\x61\x6e\x5f\x69\x64\x78\0\x2e\x64\x65\x62\
\x75\x67\x5f\x61\x62\x62\x72\x65\x76\0\x2e\x74\x65\x78\x74\0\x2e\x72\x65\x6c\
\x2e\x42\x54\x46\x2e\x65\x78\x74\0\x78\x64\x70\x5f\x70\x61\x63\x6b\x65\x74\x5f\
\x68\x61\x6e\x64\x6c\x65\x72\x2e\x5f\x5f\x5f\x5f\x66\x6d\x74\0\x2e\x64\x65\x62\
\x75\x67\x5f\x72\x6e\x67\x6c\x69\x73\x74\x73\0\x2e\x64\x65\x62\x75\x67\x5f\x6c\
\x6f\x63\x6c\x69\x73\x74\x73\0\x2e\x72\x65\x6c\x2e\x64\x65\x62\x75\x67\x5f\x73\
\x74\x72\x5f\x6f\x66\x66\x73\x65\x74\x73\0\x6d\x61\x70\x5f\x6c\x6f\x63\x61\x6c\
\x5f\x69\x70\x73\0\x2e\x6d\x61\x70\x73\0\x2e\x64\x65\x62\x75\x67\x5f\x73\x74\
\x72\0\x2e\x64\x65\x62\x75\x67\x5f\x6c\x69\x6e\x65\x5f\x73\x74\x72\0\x78\x64\
\x70\x5f\x70\x61\x63\x6b\x65\x74\x5f\x68\x61\x6e\x64\x6c\x65\x72\0\x6e\x65\x74\
\x77\x6f\x72\x6b\x5f\x72\x69\x6e\x67\x62\x75\x66\x66\x65\x72\0\x2e\x72\x65\x6c\
\x2e\x64\x65\x62\x75\x67\x5f\x61\x64\x64\x72\0\x2e\x72\x65\x6c\x78\x64\x70\0\
\x2e\x72\x65\x6c\x2e\x64\x65\x62\x75\x67\x5f\x69\x6e\x66\x6f\0\x6d\x61\x70\x5f\
\x69\x6e\x74\x65\x72\x66\x61\x63\x65\x5f\x69\x6e\x66\x6f\0\x2e\x6c\x6c\x76\x6d\
\x5f\x61\x64\x64\x72\x73\x69\x67\0\x6c\x69\x63\x65\x6e\x73\x65\0\x2e\x72\x65\
\x6c\x2e\x64\x65\x62\x75\x67\x5f\x6c\x69\x6e\x65\0\x2e\x72\x65\x6c\x2e\x64\x65\
\x62\x75\x67\x5f\x66\x72\x61\x6d\x65\0\x6d\x61\x70\x5f\x6e\x61\x74\x5f\x74\x61\
\x62\x6c\x65\0\x78\x64\x70\x5f\x70\x72\x6f\x67\x2e\x62\x70\x66\x2e\x63\0\x2e\
\x73\x74\x72\x74\x61\x62\0\x2e\x73\x79\x6d\x74\x61\x62\0\x2e\x72\x6f\x64\x61\
\x74\x61\0\x2e\x72\x65\x6c\x2e\x42\x54\x46\0\x4c\x49\x43\x45\x4e\x53\x45\0\0\0\
\0\0\0\0\0\0\0\0\0\0\0\0\0\0\0\0\0\0\0\0\0\0\0\0\0\0\0\0\0\0\0\0\0\0\0\0\0\0\0\
\0\0\0\0\0\0\0\0\0\0\0\0\0\0\0\0\0\0\0\0\0\0\0\0\0\0\x64\x01\0\0\x03\0\0\0\0\0\
\0\0\0\0\0\0\0\0\0\0\0\0\0\0\xa8\x5f\x03\0\0\0\0\0\x8d\x01\0\0\0\0\0\0\0\0\0\0\
\0\0\0\0\x01\0\0\0\0\0\0\0\0\0\0\0\0\0\0\0\x1b\0\0\0\x01\0\0\0\x06\0\0\0\0\0\0\
\0\0\0\0\0\0\0\0\0\x40\0\0\0\0\0\0\0\0\0\0\0\0\0\0\0\0\0\0\0\0\0\0\0\x04\0\0\0\
\0\0\0\0\0\0\0\0\0\0\0\0\xe9\0\0\0\x01\0\0\0\x06\0\0\0\0\0\0\0\0\0\0\0\0\0\0\0\
\x40\0\0\0\0\0\0\0\x48\x77\x02\0\0\0\0\0\0\0\0\0\0\0\0\0\x08\0\0\0\0\0\0\0\0\0\
\0\0\0\0\0\0\xe5\0\0\0\x09\0\0\0\x40\0\0\0\0\0\0\0\0\0\0\0\0\0\0\0\xd0\x19\x03\
\0\0\0\0\0\x90\0\0\0\0\0\0\0\x1c\0\0\0\x03\0\0\0\x08\0\0\0\0\0\0\0\x10\0\0\0\0\
\0\0\0\x8e\0\0\0\x01\0\0\0\x03\0\0\0\0\0\0\0\0\0\0\0\0\0\0\0\x88\x77\x02\0\0\0\
\0\0\x90\0\0\0\0\0\0\0\0\0\0\0\0\0\0\0\x08\0\0\0\0\0\0\0\0\0\0\0\0\0\0\0\x74\
\x01\0\0\x01\0\0\0\x02\0\0\0\0\0\0\0\0\0\0\0\0\0\0\0\x18\x78\x02\0\0\0\0\0\x29\
\0\0\0\0\0\0\0\0\0\0\0\0\0\0\0\x01\0\0\0\0\0\0\0\0\0\0\0\0\0\0\0\x1e\x01\0\0\
\x01\0\0\0\x03\0\0\0\0\0\0\0\0\0\0\0\0\0\0\0\x41\x78\x02\0\0\0\0\0\x04\0\0\0\0\
\0\0\0\0\0\0\0\0\0\0\0\x01\0\0\0\0\0\0\0\0\0\0\0\0\0\0\0\x59\0\0\0\x01\0\0\0\0\
\0\0\0\0\0\0\0\0\0\0\0\0\0\0\0\x45\x78\x02\0\0\0\0\0\xe9\x16\0\0\0\0\0\0\0\0\0\
\0\0\0\0\0\x01\0\0\0\0\0\0\0\0\0\0\0\0\0\0\0\x0d\0\0\0\x01\0\0\0\0\0\0\0\0\0\0\
\0\0\0\0\0\0\0\0\0\x2e\x8f\x02\0\0\0\0\0\x80\x02\0\0\0\0\0\0\0\0\0\0\0\0\0\0\
\x01\0\0\0\0\0\0\0\0\0\0\0\0\0\0\0\xf1\0\0\0\x01\0\0\0\0\0\0\0\0\0\0\0\0\0\0\0\
\0\0\0\0\xae\x91\x02\0\0\0\0\0\x7d\x0c\0\0\0\0\0\0\0\0\0\0\0\0\0\0\x01\0\0\0\0\
\0\0\0\0\0\0\0\0\0\0\0\xed\0\0\0\x09\0\0\0\x40\0\0\0\0\0\0\0\0\0\0\0\0\0\0\0\
\x60\x1a\x03\0\0\0\0\0\x60\0\0\0\0\0\0\0\x1c\0\0\0\x0a\0\0\0\x08\0\0\0\0\0\0\0\
\x10\0\0\0\0\0\0\0\x49\0\0\0\x01\0\0\0\0\0\0\0\0\0\0\0\0\0\0\0\0\0\0\0\x2b\x9e\
\x02\0\0\0\0\0\x6c\0\0\0\0\0\0\0\0\0\0\0\0\0\0\0\x01\0\0\0\0\0\0\0\0\0\0\0\0\0\
\0\0\x6d\0\0\0\x01\0\0\0\0\0\0\0\0\0\0\0\0\0\0\0\0\0\0\0\x97\x9e\x02\0\0\0\0\0\
\x20\x03\0\0\0\0\0\0\0\0\0\0\0\0\0\0\x01\0\0\0\0\0\0\0\0\0\0\0\0\0\0\0\x69\0\0\
\0\x09\0\0\0\x40\0\0\0\0\0\0\0\0\0\0\0\0\0\0\0\xc0\x1a\x03\0\0\0\0\0\x60\x0c\0\
\0\0\0\0\0\x1c\0\0\0\x0d\0\0\0\x08\0\0\0\0\0\0\0\x10\0\0\0\0\0\0\0\x94\0\0\0\
\x01\0\0\0\x30\0\0\0\0\0\0\0\0\0\0\0\0\0\0\0\xb7\xa1\x02\0\0\0\0\0\xcd\x07\0\0\
\0\0\0\0\0\0\0\0\0\0\0\0\x01\0\0\0\0\0\0\0\x01\0\0\0\0\0\0\0\xd9\0\0\0\x01\0\0\
\0\0\0\0\0\0\0\0\0\0\0\0\0\0\0\0\0\x84\xa9\x02\0\0\0\0\0\xd0\0\0\0\0\0\0\0\0\0\
\0\0\0\0\0\0\x01\0\0\0\0\0\0\0\0\0\0\0\0\0\0\0\xd5\0\0\0\x09\0\0\0\x40\0\0\0\0\
\0\0\0\0\0\0\0\0\0\0\0\x20\x27\x03\0\0\0\0\0\x90\x01\0\0\0\0\0\0\x1c\0\0\0\x10\
\0\0\0\x08\0\0\0\0\0\0\0\x10\0\0\0\0\0\0\0\x80\x01\0\0\x01\0\0\0\0\0\0\0\0\0\0\
\0\0\0\0\0\0\0\0\0\x54\xaa\x02\0\0\0\0\0\x4c\x20\0\0\0\0\0\0\0\0\0\0\0\0\0\0\
\x04\0\0\0\0\0\0\0\0\0\0\0\0\0\0\0\x7c\x01\0\0\x09\0\0\0\x40\0\0\0\0\0\0\0\0\0\
\0\0\0\0\0\0\xb0\x28\x03\0\0\0\0\0\x70\0\0\0\0\0\0\0\x1c\0\0\0\x12\0\0\0\x08\0\
\0\0\0\0\0\0\x10\0\0\0\0\0\0\0\x25\0\0\0\x01\0\0\0\0\0\0\0\0\0\0\0\0\0\0\0\0\0\
\0\0\xa0\xca\x02\0\0\0\0\0\x0c\x36\0\0\0\0\0\0\0\0\0\0\0\0\0\0\x04\0\0\0\0\0\0\
\0\0\0\0\0\0\0\0\0\x21\0\0\0\x09\0\0\0\x40\0\0\0\0\0\0\0\0\0\0\0\0\0\0\0\x20\
\x29\x03\0\0\0\0\0\xd0\x35\0\0\0\0\0\0\x1c\0\0\0\x14\0\0\0\x08\0\0\0\0\0\0\0\
\x10\0\0\0\0\0\0\0\x3a\x01\0\0\x01\0\0\0\0\0\0\0\0\0\0\0\0\0\0\0\0\0\0\0\xb0\0\
\x03\0\0\0\0\0\x28\0\0\0\0\0\0\0\0\0\0\0\0\0\0\0\x08\0\0\0\0\0\0\0\0\0\0\0\0\0\
\0\0\x36\x01\0\0\x09\0\0\0\x40\0\0\0\0\0\0\0\0\0\0\0\0\0\0\0\xf0\x5e\x03\0\0\0\
\0\0\x20\0\0\0\0\0\0\0\x1c\0\0\0\x16\0\0\0\x08\0\0\0\0\0\0\0\x10\0\0\0\0\0\0\0\
\x2a\x01\0\0\x01\0\0\0\0\0\0\0\0\0\0\0\0\0\0\0\0\0\0\0\xd8\0\x03\0\0\0\0\0\x8d\
\x16\0\0\0\0\0\0\0\0\0\0\0\0\0\0\x01\0\0\0\0\0\0\0\0\0\0\0\0\0\0\0\x26\x01\0\0\
\x09\0\0\0\x40\0\0\0\0\0\0\0\0\0\0\0\0\0\0\0\x10\x5f\x03\0\0\0\0\0\x90\0\0\0\0\
\0\0\0\x1c\0\0\0\x18\0\0\0\x08\0\0\0\0\0\0\0\x10\0\0\0\0\0\0\0\x9f\0\0\0\x01\0\
\0\0\x30\0\0\0\0\0\0\0\0\0\0\0\0\0\0\0\x65\x17\x03\0\0\0\0\0\x6d\0\0\0\0\0\0\0\
\0\0\0\0\0\0\0\0\x01\0\0\0\0\0\0\0\x01\0\0\0\0\0\0\0\x10\x01\0\0\x03\x4c\xff\
\x6f\0\0\0\x80\0\0\0\0\0\0\0\0\0\0\0\0\xa0\x5f\x03\0\0\0\0\0\x08\0\0\0\0\0\0\0\
\x1c\0\0\0\0\0\0\0\x01\0\0\0\0\0\0\0\0\0\0\0\0\0\0\0\x6c\x01\0\0\x02\0\0\0\0\0\
\0\0\0\0\0\0\0\0\0\0\0\0\0\0\xd8\x17\x03\0\0\0\0\0\xf8\x01\0\0\0\0\0\0\x01\0\0\
\0\x0e\0\0\0\x08\0\0\0\0\0\0\0\x18\0\0\0\0\0\0\0";

	*sz = sizeof(data) - 1;
	return (const void *)data;
}

#ifdef __cplusplus
struct xdp_prog_bpf *xdp_prog_bpf::open(const struct bpf_object_open_opts *opts) { return xdp_prog_bpf__open_opts(opts); }
struct xdp_prog_bpf *xdp_prog_bpf::open_and_load() { return xdp_prog_bpf__open_and_load(); }
int xdp_prog_bpf::load(struct xdp_prog_bpf *skel) { return xdp_prog_bpf__load(skel); }
int xdp_prog_bpf::attach(struct xdp_prog_bpf *skel) { return xdp_prog_bpf__attach(skel); }
void xdp_prog_bpf::detach(struct xdp_prog_bpf *skel) { xdp_prog_bpf__detach(skel); }
void xdp_prog_bpf::destroy(struct xdp_prog_bpf *skel) { xdp_prog_bpf__destroy(skel); }
const void *xdp_prog_bpf::elf_bytes(size_t *sz) { return xdp_prog_bpf__elf_bytes(sz); }
#endif /* __cplusplus */

__attribute__((unused)) static void
xdp_prog_bpf__assert(struct xdp_prog_bpf *s __attribute__((unused)))
{
#ifdef __cplusplus
#define _Static_assert static_assert
#endif
#ifdef __cplusplus
#undef _Static_assert
#endif
}

#endif /* __XDP_PROG_BPF_SKEL_H__ */
